PresetID,Symbol,K_swing,N_bos,M_retest,EqTol_pips,UseRoundNumber,RNDelta_pips,UseKillzones,RiskPerTradePct,TrailMode,SL_Buffer_pips,BOSBuffer_pips,UsePendingRetest,RetestOffset_pips,TP1_R,TP2_R,BE_Activate_R,PartialClosePct,UsePyramid,MaxAdds,AddSizeFactor,AddSpacing_pips,MaxOpenPositions,TimeStopMinutes,MinProgressR,Comment
1,XAUUSD,50,6,3,20,1,28,1,0.5,0,60,2,0,7,1,2,0.8,50,0,0,0.6,40,1,5,0.5,MAPPING-> original 91
2,XAUUSD,60,5,3,18,1,30,1,0.5,0,70,2,0,7,1,2,0.8,50,0,0,0.6,40,1,5,0.5,MAPPING-> original 90 // NY_C31_STRICT_SPREAD45
3,XAUUSD,60,5,3,18,1,30,1,0.5,0,70,2,0,7,1,2,1,50,0,0,0.6,40,1,5,0.5,MAPPING-> original 123
4,XAUUSD,50,6,3,20,1,35,1,0.5,0,60,2,0,7,1,2,0.8,50,0,0,0.6,40,1,5,0.5,MAPPING-> original 36
5,XAUUSD,50,6,3,20,1,25,1,0.5,0,60,2,0,7,1,2,0.8,50,0,0,0.6,40,1,5,0.5,MAPPING-> original 62
6,XAUUSD,50,6,3,20,1,30,1,0.5,0,60,2,0,7,1,2,0.8,50,0,0,0.6,40,1,5,0.5,MAPPING-> original 63
7,XAUUSD,50,6,2,20,1,30,1,0.5,0,60,2,0,7,1,2,0.8,50,0,0,0.6,40,1,5,0.5,MAPPING-> original 64
8,XAUUSD,50,6,4,20,1,30,1,0.5,0,60,2,0,7,1,2,0.8,50,0,0,0.6,40,1,5,0.5,MAPPING-> original 65
9,XAUUSD,50,6,3,22,1,40,1,0.5,0,60,1,0,7,1,2,0.8,50,0,0,0.6,40,1,5,0.5,MAPPING-> original 89 // NY_C31_RN40
10,XAUUSD,50,6,3,20,1,32,1,0.5,0,60,2,0,7,1,2,0.8,50,0,0,0.6,40,1,5,0.5,MAPPING-> original 92
11,XAUUSD,50,6,3,20,1,30,1,0.5,0,60,2,0,7,1,2,1,50,0,0,0.6,40,1,5,0.5,MAPPING-> original 93
12,XAUUSD,55,6,3,20,1,30,1,0.5,0,60,1.5,0,7,1,2,0.8,50,0,0,0.6,40,1,5,0.5,MAPPING-> original 95
13,XAUUSD,50,6,3,20,1,28,1,0.5,0,60,2,0,7,1,2,0.8,50,0,0,0.6,40,1,5,0.5,MAPPING-> original 121
14,XAUUSD,50,6,3,18,1,30,1,0.5,0,65,2,0,7,1,2,0.8,50,0,0,0.6,40,1,5,0.5,MAPPING-> original 66
15,XAUUSD,55,5,3,18,1,30,1,0.5,0,65,2.5,0,7,1,2,0.8,50,0,0,0.6,40,1,5,0.5,MAPPING-> original 96
16,XAUUSD,55,5,3,18,1,30,1,0.5,0,65,2,0,7,1,2,0.8,50,0,0,0.6,40,1,5,0.5,MAPPING-> original 99
17,XAUUSD,60,6,3,22,1,35,1,0.5,0,60,2,0,7,1,2,0.8,50,0,0,0.6,40,1,5,0.5,MAPPING-> original 107 // LDN_SHIFT_-10 (để chống 0 trade)
18,XAUUSD,50,6,3,20,1,30,1,0.5,0,60,2,0,7,1,2,0.8,50,0,0,0.6,40,1,4,0.6,MAPPING-> original 97
19,XAUUSD,55,5,3,18,1,30,1,0.5,0,65,2,0,7,1,2,1,40,0,0,0.6,40,1,5,0.5,MAPPING-> original 122
20,XAUUSD,65,5,2,18,1,30,1,0.4,0,70,2,0,7,1,2,0.8,40,0,0,0.6,40,1,5,0.6,MAPPING-> original 18
21,XAUUSD,50,6,3,22,1,40,1,0.5,0,55,1,0,7,1,2,0.8,50,0,0,0.6,40,1,5,0.5,MAPPING-> original 76 // LDN_34_SHORT_SWING
22,XAUUSD,55,6,2,22,1,40,1,0.5,0,55,1,0,7,1,2,0.8,50,0,0,0.6,40,1,5,0.5,MAPPING-> original 77 // LDN_34_FAST_RETEST2
23,XAUUSD,60,6,3,22,1,37,1,0.5,0,60,2,0,7,1,2,0.8,50,0,0,0.6,40,1,5,0.5,MAPPING-> original 102 // LDN_32_MICRO_RN37
24,XAUUSD,55,5,3,22,1,40,1,0.5,0,60,2.5,0,7,1,2,0.8,50,0,0,0.6,40,1,5,0.5,MAPPING-> original 104 // LDN_34_BUFFER2_5
25,XAUUSD,50,6,3,22,1,40,1,0.5,0,55,1,0,7,1,2,0.8,50,0,0,0.6,40,1,5,0.5,MAPPING-> original 105 // LDN_76_SPREAD50 (siết spread)
26,XAUUSD,55,6,3,22,1,37,1,0.5,0,55,1.5,0,7,1,2,0.8,50,0,0,0.6,40,1,5,0.5,MAPPING-> original 125
27,XAUUSD,50,6,3,20,1,35,1,0.5,1,50,2,0,7,1,2,0.6,50,0,0,0.6,40,1,5,0.5,MAPPING-> original 36
28,XAUUSD,50,6,3,20,1,35,1,0.5,1,50,2,0,7,1,2,0.8,50,0,0,0.6,40,1,5,0.5,TRAIL-DoE: ATR14x1.5 start0.8
29,XAUUSD,50,6,3,20,1,35,1,0.5,2,50,2,0,7,1,2,0.8,50,0,0,0.6,40,1,5,0.5,TRAIL-DoE: STEP0.25 start0.8
30,XAUUSD,50,6,3,20,1,35,1,0.5,1,50,2,0,7,1.2,2,0.8,40,0,0,0.6,40,1,5,0.5,TRAIL-DoE: ATR14x1.5 + BE0.8/TP1=1.2/PC40%
31,XAUUSD,50,6,3,20,1,35,1,0.5,2,50,2,0,7,1.2,2,0.8,40,0,0,0.6,40,1,5,0.5,TRAIL-DoE: STEP0.30 + BE0.8/TP1=1.2/PC40%
32,XAUUSD,50,6,3,20,1,35,1,0.5,1,50,2,0,7,9.9,2,1,0,0,0,0,0,1,5,0.5,Sprint2 BotA: ATR14x1.5 | runner | no-partial
33,XAUUSD,50,6,3,20,1,35,1,0.5,1,50,2,0,7,1.4,2,1,30,0,0,0,0,1,5,0.5,Sprint2 BotA: ATR21x2.2 | BE1.0/TP1=1.4/PC30%
34,XAUUSD,50,6,3,20,1,35,1,0.5,1,50,2,0,7,1.5,2,0.8,30,0,0,0,0,1,5,0.5,Sprint2 BotA: ATR14x1.5 | BE0.8/TP1=1.5/PC30%
35,XAUUSD,50,6,3,20,1,35,1,0.5,1,50,2,0,7,1.2,2,0.8,40,0,0,0,0,1,5,0.5,Sprint2 BotA: ATR14x1.6 | BE0.8/TP1=1.2/PC40%
36,XAUUSD,50,6,3,20,1,35,1,0.5,2,50,2,0,7,1.2,2,0.8,40,1,2,0.6,35,3,5,0.5,"Sprint2 BotB: STEP0.30 | StartRR=0.8 | BE0.8/TP1=1.2/PC40 | Py(2,0.35,0.6)"
37,XAUUSD,50,6,3,20,1,35,1,0.5,1,50,2,0,7,1,2,0.8,50,0,0,0.6,40,1,5,0.5,TRAIL-DoE: ATR14x1.5 start0.8
38,XAUUSD,50,6,3,20,1,35,1,0.5,1,50,2,0,7,1,2,0.8,50,0,0,0.6,40,1,5,0.5,TRAIL-DoE: ATR14x2.0 start1.0
39,XAUUSD,50,6,3,20,1,35,1,0.5,1,50,2,0,7,1,2,0.8,50,0,0,0.6,40,1,5,0.5,TRAIL-DoE: ATR21x1.8 start1.0
40,XAUUSD,50,6,3,20,1,35,1,0.5,2,50,2,0,7,1,2,1,30,1,2,0.6,30,3,5,0.5,MAPPING-> original 228
41,XAUUSD,50,6,3,20,1,35,1,0.5,2,50,2,0,7,1.2,2,0.8,50,1,2,0.6,45,3,5,0.5,MAPPING-> original 229
42,XAUUSD,50,6,3,20,1,35,1,0.5,2,50,2,0,7,1.2,2,0.8,30,1,3,0.6,40,3,5,0.5,MAPPING-> original 230
43,XAUUSD,50,6,3,20,1,35,1,0.5,2,50,2,0,7,1.2,2,0.8,40,1,3,0.5,40,4,5,0.5,MAPPING-> original 222
44,XAUUSD,50,6,3,20,1,35,1,0.5,2,50,2,0,7,1.2,2,0.8,30,1,2,0.6,45,4,5,0.5,MAPPING-> original 223
45,XAUUSD,50,6,3,20,1,35,1,0.5,2,50,2,0,7,9.9,2,0.8,0,1,2,0.5,35,3,5,0.5,MAPPING-> original 226
46,XAUUSD,50,6,3,20,1,35,1,0.5,1,50,2,0,7,1.2,2,0.8,40,1,2,0.6,35,3,5,0.5,MAPPING-> original 225
47,XAUUSD,50,6,3,20,1,35,1,0.5,2,50,2,0,7,1,2,0.8,40,1,2,0.6,30,3,5,0.5,MAPPING-> original 220
48,XAUUSD,50,6,3,20,1,35,1,0.5,2,50,2,0,7,1.2,2,0.8,30,1,2,0.6,32,4,5,0.5,MAPPING-> original 232
49,XAUUSD,50,6,3,20,1,35,1,0.5,2,50,2,0,7,1.2,2,0.8,55,1,2,0.6,42,4,5,0.5,MAPPING-> original 234
50,XAUUSD,50,6,3,20,1,35,1,0.5,2,50,2,0,7,1.2,2,0.8,55,1,2,0.6,38,4,5,0.5,MAPPING-> original 236
51,XAUUSD,50,6,3,20,1,35,1,0.5,2,50,2,0,7,1.2,2,0.8,30,1,2,0.6,38,4,5,0.5,MAPPING-> original 239
600,EURUSD,40,7,3,2,0,3,0,0.5,1,12,0.15,1,1.5,1,3,0.8,50,1,0,0.75,4,1,5,0.5,
601,EURUSD,50,6,4,2.5,1,2,1,0.3,2,6,0.15,0,2,1.5,2,1,60,0,0,0.5,4,1,5,0.5,
602,EURUSD,60,8,3,3,0,3,0,0.3,1,8,0.2,1,2.5,1,2.5,0.8,40,1,0,0.75,3,1,5,0.5,
603,EURUSD,70,7,4,1.5,1,2,1,0.4,2,10,0.2,0,1.5,1.5,3,0.6,50,0,0,0.5,3,1,5,0.5,
604,EURUSD,40,6,3,2,0,3,0,0.5,1,12,0.2,1,2,1,2,0.8,60,1,0,0.75,5,1,5,0.5,
605,EURUSD,50,8,4,2.5,1,2,1,0.3,2,6,0.1,0,2,1.5,2,0.6,40,0,0,0.5,5,1,5,0.5,
606,EURUSD,60,7,3,3,0,3,0,0.3,1,8,0.1,1,2.5,1,2.5,1,50,1,0,0.75,4,1,5,0.5,
607,EURUSD,70,6,4,1.5,1,2,1,0.4,2,10,0.1,0,1.5,1.5,3,0.8,60,0,0,0.5,4,1,5,0.5,
608,EURUSD,40,8,3,2,0,3,0,0.5,1,12,0.15,1,2,1,2,1,40,1,0,0.75,3,1,5,0.5,
609,EURUSD,50,7,4,2.5,1,2.5,1,0.5,2,6,0.15,0,2.5,1.5,2.5,0.8,50,0,2,0.5,3,1,5,0.5,
610,EURUSD,60,6,3,3,0,3,0,0.3,1,8,0.15,1,1.5,1,3,0.6,60,1,2,0.75,5,1,5,0.5,
611,EURUSD,70,6,4,1.5,1,2.5,1,0.4,2,10,0.2,0,2,1.5,2,0.8,40,0,2,0.5,4,1,5,0.5,
612,EURUSD,40,8,3,2,0,3,0,0.4,1,12,0.2,1,2.5,1,2.5,0.6,50,1,2,0.75,4,1,5,0.5,
613,EURUSD,50,7,4,2.5,1,2.5,1,0.5,2,6,0.2,0,1.5,1.5,3,1,60,0,2,0.5,3,1,5,0.5,
614,EURUSD,60,6,3,3,0,3,0,0.3,1,8,0.1,1,2,1,2,0.8,40,1,2,0.75,3,1,5,0.5,
615,EURUSD,70,8,4,1.5,1,2.5,1,0.3,2,10,0.1,0,2,1.5,2,1,50,0,2,0.5,5,1,5,0.5,
616,EURUSD,40,7,3,2,0,3,0,0.4,1,12,0.1,1,2.5,1,2.5,0.8,60,1,2,0.75,5,1,5,0.5,
617,EURUSD,50,6,4,2.5,1,2.5,1,0.5,2,6,0.15,0,1.5,1.5,3,0.6,40,0,2,0.5,4,1,5,0.5,
618,EURUSD,60,8,3,3,0,3,0,0.3,1,8,0.15,1,2,1.2,2,0.8,50,1,2,0.75,4,1,5,0.5,
619,EURUSD,70,7,4,1.5,1,2.5,1,0.3,2,10,0.15,0,2.5,1.5,2.5,0.6,50,0,2,0.5,3,1,5,0.5,
620,EURUSD,40,6,3,2,0,3,0,0.4,1,12,0.2,1,1.5,1.2,3,1,60,1,2,0.75,3,1,5,0.5,
621,EURUSD,50,6,4,2.5,1,2.5,1,0.5,2,6,2,0,2,1.5,2,0.6,40,0,2,0.5,5,1,5,0.5,
622,EURUSD,60,8,3,3,0,3,0,0.5,1,8,1,1,2.5,1.2,2.5,1,50,1,1,0.75,4,1,5,0.5,
623,EURUSD,70,7,4,1.5,1,2.5,1,0.3,2,10,1,0,1.5,1.5,3,0.8,60,0,1,0.5,4,1,5,0.5,
624,EURUSD,40,6,3,2,0,3,0,0.4,1,12,1,1,2,1.2,2,0.6,40,1,1,0.75,3,1,5,0.5,
625,EURUSD,50,8,4,2.5,1,2.5,1,0.4,2,6,1.5,0,2,1.5,2,0.8,50,0,1,0.5,3,1,5,0.5,
626,EURUSD,60,7,3,3,0,3,0,0.5,1,8,1.5,1,2.5,1.2,2.5,0.6,60,1,1,0.75,5,1,5,0.5,
627,EURUSD,70,6,4,1.5,1,2.5,1,0.3,2,10,1.5,0,1.5,1.5,3,1,40,0,1,0.5,5,1,5,0.5,
628,EURUSD,40,8,3,2,0,3,0,0.3,1,12,2,1,2,1.2,2,0.6,50,1,1,0.75,4,1,5,0.5,
629,EURUSD,50,7,4,2.5,1,2.5,1,0.4,2,6,2,0,2.5,1.5,2.5,1,60,0,1,0.5,4,1,5,0.5,
630,EURUSD,60,6,3,3,0,3,0,0.5,1,8,2,1,1.5,1.2,3,0.8,40,1,1,0.75,3,1,5,0.5,
631,EURUSD,70,8,4,1.5,1,2.5,1,0.3,2,10,1,0,2,1.5,2,1,50,0,1,0.5,3,1,5,0.5,
632,EURUSD,40,8,3,2,0,3,0,0.3,1,12,1,1,2.5,1.2,2.5,0.8,60,1,1,0.75,5,1,5,0.5,
633,EURUSD,50,7,4,2.5,1,2.5,1,0.4,2,6,1,0,1.5,1.5,3,0.6,40,0,1,0.5,4,1,5,0.5,
634,EURUSD,60,6,3,3,0,3,0,0.5,1,8,1.5,1,2,1.2,2,1,50,1,1,0.75,4,1,5,0.5,
635,EURUSD,70,8,4,1.5,1,2.5,1,0.5,2,10,1.5,0,2,1.5,2.5,0.6,60,0,0,0.5,3,1,5,0.5,
636,EURUSD,40,7,3,2,0,2,0,0.3,1,12,1.5,1,2.5,1.2,2.5,1,40,1,0,0.75,3,1,5,0.5,
637,EURUSD,50,6,4,2.5,1,2.5,1,0.4,2,6,2,0,1.5,1.5,3,0.8,50,0,0,0.5,5,1,5,0.5,
638,EURUSD,60,8,3,3,0,2,0,0.4,1,8,2,1,2,1.2,2,1,60,1,0,0.75,5,1,5,0.5,
639,EURUSD,70,7,4,1.5,1,2.5,1,0.5,2,10,2,0,2.5,1.5,2.5,0.8,40,0,0,0.5,4,1,5,0.5,
640,EURUSD,40,6,3,2,0,2,0,0.3,1,12,1,1,1.5,1.2,3,0.6,50,1,0,0.75,4,1,5,0.5,
641,EURUSD,50,8,4,2.5,1,2.5,1,0.3,2,6,1,0,2,1.5,2,1,60,0,0,0.5,3,1,5,0.5,
642,EURUSD,60,7,3,3,0,2,0,0.4,1,8,1.5,1,2.5,1.2,2.5,0.6,40,1,0,0.75,3,1,5,0.5,
643,EURUSD,70,7,4,1.5,1,2.5,1,0.5,2,10,1.5,0,1.5,1.5,3,1,50,0,0,0.5,5,1,5,0.5,
644,EURUSD,40,6,3,2,0,2,0,0.3,1,12,1.5,1,2,1.2,2,0.8,60,1,0,0.75,4,1,5,0.5,
645,EURUSD,50,8,4,2.5,1,2.5,1,0.3,2,6,2,0,2,1.5,2.5,1,40,0,0,0.5,4,1,5,0.5,
646,EURUSD,60,7,3,3,0,2,0,0.4,1,8,2,1,2.5,1.2,2.5,0.8,50,1,0,0.75,3,1,5,0.5,
647,EURUSD,70,6,4,1.5,1,2.5,1,0.5,2,10,2,0,1.5,1.5,3,0.6,60,0,2,0.5,3,1,5,0.5,
648,EURUSD,40,8,3,2,0,2,0,0.5,1,12,1,1,2,1.2,2,0.8,40,1,2,0.75,5,1,5,0.5,
649,EURUSD,50,7,4,2.5,1,2.5,1,0.3,2,6,1,0,2.5,1.5,2.5,0.6,50,0,2,0.5,5,1,5,0.5,
650,EURUSD,60,6,3,3,0,2,0,0.4,1,8,1,1,1.5,1.2,3,1,50,1,2,0.75,4,1,5,0.5,
651,EURUSD,70,8,4,1.5,1,2.5,1,0.4,2,10,1.5,0,2,1.5,2,0.8,60,0,2,0.5,4,1,5,0.5,
652,EURUSD,40,7,3,2,0,2,0,0.5,1,12,1.5,1,2.5,1.2,2.5,1,40,1,2,0.75,3,1,5,0.5,
653,EURUSD,50,7,4,2.5,1,2.5,1,0.3,2,6,1.5,0,1.5,1.5,3,0.8,50,0,2,0.5,3,1,5,0.5,
654,EURUSD,60,6,3,3,0,2,0,0.3,1,8,2,1,2,1.2,2,0.6,60,1,2,0.75,5,1,5,0.5,
655,EURUSD,70,8,4,1.5,1,2.5,1,0.4,2,10,2,0,2,1.5,2.5,0.8,40,0,2,0.5,4,1,5,0.5,
656,EURUSD,40,7,3,2,0,2,0,0.5,1,12,2,1,2.5,1.2,3,0.6,50,1,2,0.75,4,1,5,0.5,
657,EURUSD,50,6,4,2.5,1,2.5,1,0.3,2,6,1,0,1.5,1.5,3,1,60,0,2,0.5,3,1,5,0.5,
658,EURUSD,60,8,3,3,0,2,0,0.3,1,8,1,1,2,1.2,2,0.8,40,1,2,0.75,3,1,5,0.5,
659,EURUSD,70,7,4,1.5,1,2.5,1,0.4,2,10,1,0,2.5,1.5,2.5,1,50,0,2,0.5,5,1,5,0.5,
660,EURUSD,40,6,3,2,0,2,0,0.5,1,12,1.5,1,1.5,1.2,3,0.8,60,1,1,0.75,5,1,5,0.5,
661,EURUSD,50,8,4,2.5,1,2.5,1,0.5,2,6,1.5,0,2,1.5,2,0.6,40,0,1,0.5,4,1,5,0.5,
662,EURUSD,60,7,3,3,0,2,0,0.3,1,8,1.5,1,2.5,1.2,2.5,0.8,50,1,1,0.75,4,1,5,0.5,
663,EURUSD,70,6,4,1.5,1,2.5,1,0.4,2,10,2,0,1.5,1,3,0.6,60,0,1,0.5,3,1,5,0.5,
664,EURUSD,40,6,3,2,0,2,0,0.4,1,12,2,1,2,1.2,2,1,40,1,1,0.75,3,1,5,0.5,
665,EURUSD,50,8,4,2.5,1,3,1,0.5,2,6,1,0,2,1,2.5,0.6,50,0,1,0.5,5,1,5,0.5,
666,EURUSD,60,7,3,3,0,2,0,0.3,1,8,1,1,2.5,1.2,3,1,60,1,1,0.75,4,1,5,0.5,
667,EURUSD,70,6,4,1.5,1,3,1,0.3,2,10,1,0,1.5,1,3,0.8,40,0,1,0.5,4,1,5,0.5,
668,EURUSD,40,8,3,2,0,2,0,0.4,1,12,1.5,1,2,1.2,2,0.6,50,1,1,0.75,3,1,5,0.5,
669,EURUSD,50,7,4,2.5,1,3,1,0.5,2,6,1.5,0,2.5,1,2.5,0.8,60,0,1,0.5,3,1,5,0.5,
670,EURUSD,60,6,3,3,0,2,0,0.3,1,8,1.5,1,1.5,1.2,3,0.6,40,1,1,0.75,5,1,5,0.5,
671,EURUSD,70,8,4,1.5,1,3,1,0.3,2,10,2,0,2,1,2,1,50,0,1,0.5,5,1,5,0.5,
672,EURUSD,40,7,3,2,0,2,0,0.4,1,12,2,1,2.5,1.2,2.5,0.6,60,1,1,0.75,4,1,5,0.5,
673,EURUSD,50,6,4,2.5,1,3,1,0.5,2,6,2,0,1.5,1,3,1,40,0,0,0.5,4,1,5,0.5,
674,EURUSD,60,8,3,3,0,2,0,0.5,1,8,1,1,2,1.2,2,0.8,50,1,0,0.75,3,1,5,0.5,
675,EURUSD,70,8,4,1.5,1,3,1,0.3,2,10,1,0,2,1,2.5,1,60,0,0,0.5,3,1,5,0.5,
676,EURUSD,40,7,3,2,0,2,0,0.4,1,12,1,1,2.5,1.2,3,0.8,40,1,0,0.75,5,1,5,0.5,
677,EURUSD,50,6,4,2.5,1,3,1,0.4,2,6,1.5,0,1.5,1,3,0.6,50,0,0,0.5,5,1,5,0.5,
678,EURUSD,60,8,3,3,0,2,0,0.5,1,8,1.5,1,2,1.2,2,1,60,1,0,0.75,4,1,5,0.5,
679,EURUSD,70,7,4,1.5,1,3,1,0.3,2,10,1.5,0,2.5,1,2.5,0.6,40,0,0,0.5,3,1,5,0.5,
680,EURUSD,40,6,3,2,0,2,0,0.3,1,12,2,1,1.5,1.2,3,1,50,1,0,0.75,3,1,5,0.5,
681,EURUSD,50,8,4,2.5,1,3,1,0.4,2,6,2,0,2,1,2,0.8,60,0,0,0.5,5,1,5,0.5,
682,EURUSD,60,7,3,3,0,2,0,0.5,1,8,2,1,2.5,1.2,2.5,1,60,1,0,0.75,5,1,5,0.5,
683,EURUSD,70,6,4,1.5,1,3,1,0.3,2,10,1,0,1.5,1,3,0.8,40,0,0,0.5,4,1,5,0.5,
684,EURUSD,40,8,3,2,0,2,0,0.3,1,12,1,1,1.5,1.2,2,0.6,50,1,0,0.75,4,1,5,0.5,
685,EURUSD,50,8,4,2.5,1,3,1,0.4,2,6,1.5,0,2,1,2.5,1,60,0,0,0.5,3,1,5,0.5,
686,EURUSD,60,7,3,3,0,2,0,0.5,1,8,1.5,1,2.5,1.2,3,0.6,40,1,2,0.75,3,1,5,0.5,
687,EURUSD,70,6,4,1.5,1,3,1,0.5,2,10,1.5,0,1.5,1,2,1,50,0,2,0.5,5,1,5,0.5,
688,EURUSD,40,8,3,2,0,2,0,0.3,1,12,2,1,2,1.2,2,0.8,60,1,2,0.75,5,1,5,0.5,
689,EURUSD,50,7,4,2.5,1,3,1,0.4,2,6,2,0,2.5,1,2.5,1,40,0,2,0.5,4,1,5,0.5,
690,EURUSD,60,6,3,3,0,2,0,0.4,1,8,2,1,1.5,1.2,3,0.8,50,1,2,0.75,3,1,5,0.5,
691,EURUSD,70,8,4,1.5,1,3,1,0.5,2,10,1,0,2,1,2,0.6,60,0,2,0.5,3,1,5,0.5,
692,EURUSD,40,7,3,2,0,2,0,0.3,1,12,1,1,2.5,1.2,2.5,0.8,40,1,2,0.75,5,1,5,0.5,
693,EURUSD,50,6,4,2.5,1,3,1,0.3,2,6,1,0,1.5,1,3,0.6,50,0,2,0.5,5,1,5,0.5,
694,EURUSD,60,8,3,3,0,2.5,0,0.4,1,8,1.5,1,1.5,1.2,2,1,60,1,2,0.75,4,1,5,0.5,
695,EURUSD,70,7,4,1.5,1,3,1,0.5,2,10,1.5,0,2,1,2.5,0.8,40,0,2,0.5,4,1,5,0.5,
696,EURUSD,40,7,3,2,0,2.5,0,0.3,1,12,1.5,1,2.5,1.2,3,1,50,1,2,0.75,3,1,5,0.5,
697,EURUSD,50,6,4,2.5,1,3,1,0.3,2,6,2,0,1.5,1,2,0.8,60,0,2,0.5,3,1,5,0.5,
698,EURUSD,60,8,3,3,0,2.5,0,0.4,1,8,2,1,2,1.2,2,0.6,40,1,2,0.75,5,1,5,0.5,
699,EURUSD,70,7,4,1.5,1,3,1,0.5,2,10,2,0,2.5,1,2.5,0.8,50,0,1,0.5,5,1,5,0.5,
700,EURUSD,40,6,3,2,0,2.5,0,0.5,1,12,1,1,1.5,1.2,3,0.6,60,1,1,0.75,4,1,5,0.5,
701,EURUSD,50,8,4,2.5,1,3,1,0.3,2,6,1,0,2,1,2,1,40,0,1,0.5,3,1,5,0.5,
702,EURUSD,60,7,3,3,0,2.5,0,0.4,1,8,1,1,2.5,1.2,2.5,0.8,50,1,1,0.75,3,1,5,0.5,
703,EURUSD,70,6,4,1.5,1,3,1,0.4,2,10,1.5,0,1.5,1,3,1,60,0,1,0.5,5,1,5,0.5,
704,EURUSD,40,8,3,2,0,2.5,0,0.5,1,12,1.5,1,1.5,1.2,2,0.8,40,1,1,0.75,5,1,5,0.5,
705,EURUSD,50,7,4,2.5,1,3,1,0.3,2,6,1.5,0,2,1,2.5,0.6,50,0,1,0.5,4,1,5,0.5,
706,EURUSD,60,6,3,3,0,2.5,0,0.3,1,8,2,1,2.5,1.5,3,0.8,60,1,1,0.75,4,1,5,0.5,
707,EURUSD,70,6,4,1.5,1,3,1,0.4,2,10,2,0,1.5,1,2,0.6,40,0,1,0.5,3,1,5,0.5,
708,EURUSD,40,8,3,2,0,2.5,0,0.5,1,12,1,1,2,1.5,2,1,50,1,1,0.75,3,1,5,0.5,
709,EURUSD,50,7,4,2.5,1,3,1,0.3,2,6,1,0,2.5,1,2.5,0.6,60,0,1,0.5,5,1,5,0.5,
710,EURUSD,60,6,3,3,0,2.5,0,0.3,1,8,1,1,1.5,1.5,3,1,40,1,1,0.75,5,1,5,0.5,
711,EURUSD,70,8,4,1.5,1,3,1,0.4,2,10,1.5,0,2,1,2,0.8,50,0,0,0.5,4,1,5,0.5,
712,EURUSD,40,7,3,2,0,2.5,0,0.5,1,12,1.5,1,2.5,1.5,2.5,0.6,60,1,0,0.75,3,1,5,0.5,
713,EURUSD,50,6,4,2.5,1,3,1,0.5,2,6,1.5,0,1.5,1,3,0.8,60,0,0,0.5,3,1,5,0.5,
714,EURUSD,60,8,3,3,0,2.5,0,0.3,1,8,2,1,1.5,1.5,2,0.6,40,1,0,0.75,5,1,5,0.5,
715,EURUSD,70,7,4,1.5,1,3,1,0.4,2,10,2,0,2,1,2.5,1,50,0,0,0.5,5,1,5,0.5,
716,EURUSD,40,6,3,2,0,2.5,0,0.4,1,12,2,1,2.5,1.5,3,0.6,60,1,0,0.75,4,1,5,0.5,
717,EURUSD,50,8,4,2.5,1,3,1,0.5,2,6,1,0,1.5,1,2,1,40,0,0,0.5,4,1,5,0.5,
718,EURUSD,60,8,3,3,0,2.5,0,0.3,1,8,1,1,2,1.5,2.5,0.8,50,1,0,0.75,3,1,5,0.5,
719,EURUSD,70,7,4,1.5,1,3,1,0.3,2,10,1,0,2.5,1,2.5,1,60,0,0,0.5,3,1,5,0.5,
720,EURUSD,40,6,3,2,0,2.5,0,0.4,1,12,1.5,1,1.5,1.5,3,0.8,40,1,0,0.75,5,1,5,0.5,
721,EURUSD,50,8,4,2.5,1,3,1,0.5,2,6,1.5,0,2,1,2,0.6,50,0,0,0.5,5,1,5,0.5,
722,EURUSD,60,7,3,3,0,2.5,0,0.3,1,8,1.5,1,2.5,1.5,2.5,1,60,1,0,0.75,4,1,5,0.5,
723,EURUSD,70,6,4,1.5,1,2,1,0.3,2,10,2,0,1.5,1,3,0.6,40,0,0,0.5,3,1,5,0.5,
724,EURUSD,40,8,3,2,0,2.5,0,0.4,1,12,2,1,1.5,1.5,2,1,50,1,2,0.75,3,1,5,0.5,
725,EURUSD,50,7,4,2.5,1,2,1,0.5,2,6,2,0,2,1,2.5,0.8,60,0,2,0.5,5,1,5,0.5,
726,EURUSD,60,6,3,3,0,2.5,0,0.5,1,8,1,1,2.5,1.5,3,1,40,1,2,0.75,5,1,5,0.5,
727,EURUSD,70,8,4,1.5,1,2,1,0.3,2,10,1,0,1.5,1,2,0.8,50,0,2,0.5,4,1,5,0.5,
728,EURUSD,40,8,3,2,0,2.5,0,0.4,1,12,1.5,1,2,1.5,2.5,0.6,60,1,2,0.75,4,1,5,0.5,
729,EURUSD,50,7,4,2.5,1,2,1,0.4,2,6,1.5,0,2.5,1,2.5,1,40,0,2,0.5,3,1,5,0.5,
730,EURUSD,60,6,3,3,0,2.5,0,0.5,1,8,1.5,1,1.5,1.5,3,0.6,50,1,2,0.75,3,1,5,0.5,
731,EURUSD,70,8,4,1.5,1,2,1,0.3,2,10,2,0,2,1,2,1,60,0,2,0.5,5,1,5,0.5,
732,EURUSD,40,7,3,2,0,2.5,0,0.3,1,12,2,1,2.5,1.5,2.5,0.8,40,1,2,0.75,5,1,5,0.5,
733,EURUSD,50,6,4,2.5,1,2,1,0.4,2,6,2,0,1.5,1,3,1,50,0,2,0.5,4,1,5,0.5,
734,EURUSD,60,8,3,3,0,2.5,0,0.5,1,8,1,1,1.5,1.5,2,0.8,60,1,2,0.75,3,1,5,0.5,
735,EURUSD,70,7,4,1.5,1,2,1,0.5,2,10,1,0,2,1,2.5,0.6,40,0,2,0.5,3,1,5,0.5,
736,EURUSD,40,6,3,2,0,2.5,0,0.3,1,12,1,1,2.5,1.5,3,0.8,50,1,2,0.75,5,1,5,0.5,
737,EURUSD,50,8,4,2.5,1,2,1,0.4,2,6,1.5,0,1.5,1,2,0.6,60,0,1,0.5,5,1,5,0.5,
738,EURUSD,60,7,3,3,0,2.5,0,0.5,1,8,1.5,1,2,1.5,2.5,1,40,1,1,0.75,4,1,5,0.5,
739,EURUSD,70,7,4,1.5,1,2,1,0.5,2,10,1.5,0,2.5,1,2.5,0.8,50,0,1,0.5,4,1,5,0.5,
740,EURUSD,40,6,3,2,0,2.5,0,0.3,1,12,2,1,1.5,1.5,3,1,60,1,1,0.75,3,1,5,0.5,
741,EURUSD,50,8,4,2.5,1,2,1,0.4,2,6,2,0,2,1,2,0.8,40,0,1,0.5,3,1,5,0.5,
742,EURUSD,60,7,3,3,0,2.5,0,0.4,1,8,2,1,2.5,1.5,2.5,0.6,50,1,1,0.75,5,1,5,0.5,
743,EURUSD,70,6,4,1.5,1,2,1,0.5,2,10,1,0,1.5,1,3,0.8,60,0,1,0.5,5,1,5,0.5,
744,EURUSD,40,8,3,2,0,2.5,0,0.3,1,12,1,1,1.5,1.5,2,0.6,40,1,1,0.75,4,1,5,0.5,
745,EURUSD,50,7,4,2.5,1,2,1,0.3,2,6,1,0,2,1,2.5,1,40,0,1,0.5,3,1,5,0.5,
746,EURUSD,60,6,3,3,0,2.5,0,0.4,1,8,1.5,1,2.5,1.5,3,0.6,50,1,1,0.75,3,1,5,0.5,
747,EURUSD,70,8,4,1.5,1,2,1,0.5,2,10,1.5,0,1.5,1,2,1,60,0,1,0.5,5,1,5,0.5,
748,EURUSD,40,7,3,2,0,2.5,0,0.5,1,12,2,1,2,1.5,2.5,0.8,40,1,1,0.75,5,1,5,0.5,
749,EURUSD,50,6,4,2.5,1,2,1,0.3,2,6,2,0,2.5,1.2,3,0.6,50,0,1,0.5,4,1,5,0.5,
750,EURUSD,60,6,3,3,0,2.5,0,0.4,1,8,2,1,1.5,1.5,3,0.8,60,1,0,0.75,4,1,5,0.5,
751,EURUSD,70,8,4,1.5,1,2,1,0.5,2,10,1,0,2,1.2,2,0.6,40,0,0,0.5,3,1,5,0.5,
752,EURUSD,40,7,3,2,0,3,0,0.5,1,12,1,1,2.5,1.5,2.5,1,50,1,0,0.75,3,1,5,0.5,
753,EURUSD,50,6,4,2.5,1,2,1,0.3,2,6,1,0,1.5,1.2,3,0.6,60,0,0,0.5,5,1,5,0.5,
754,EURUSD,60,8,3,3,0,3,0,0.4,1,8,1.5,1,1.5,1.5,2,1,40,1,0,0.75,5,1,5,0.5,
755,EURUSD,70,7,4,1.5,1,2,1,0.4,2,10,1.5,0,2,1.2,2.5,0.8,50,0,0,0.5,4,1,5,0.5,
756,EURUSD,40,6,3,2,0,3,0,0.5,1,12,1.5,1,2.5,1.5,3,0.6,60,1,0,0.75,3,1,5,0.5,
757,EURUSD,50,8,4,2.5,1,2,1,0.3,2,6,2,0,1.5,1.2,2,0.8,40,0,0,0.5,3,1,5,0.5,
758,EURUSD,60,7,3,3,0,3,0,0.3,1,8,2,1,2,1.5,2.5,0.6,50,1,0,0.75,5,1,5,0.5,
759,EURUSD,70,6,4,1.5,1,2,1,0.4,2,10,2,0,2.5,1.2,3,1,60,0,0,0.5,5,1,5,0.5,
760,EURUSD,40,6,3,2,0,3,0,0.5,1,12,1,1,1.5,1.5,3,0.6,40,1,0,0.75,4,1,5,0.5,
761,EURUSD,50,8,4,2.5,1,2,1,0.5,2,6,1,0,2,1.2,2,1,50,0,0,0.5,4,1,5,0.5,
762,EURUSD,60,7,3,3,0,3,0,0.3,1,8,1,1,2.5,1.5,2.5,0.8,60,1,0,0.75,3,1,5,0.5,
763,EURUSD,70,6,4,1.5,1,2,1,0.4,2,10,1.5,0,1.5,1.2,3,1,40,0,2,0.5,3,1,5,0.5,
764,EURUSD,40,8,3,2,0,3,0,0.5,1,12,1.5,1,1.5,1.5,2,0.8,50,1,2,0.75,5,1,5,0.5,
765,EURUSD,50,7,4,2.5,1,2,1,0.5,2,6,1.5,0,2,1.2,2.5,0.6,60,0,2,0.5,5,1,5,0.5,
766,EURUSD,60,6,3,3,0,3,0,0.3,1,8,2,1,2.5,1.5,3,1,40,1,2,0.75,4,1,5,0.5,
767,EURUSD,70,8,4,1.5,1,2,1,0.4,2,10,2,0,1.5,1.2,2,0.6,50,0,2,0.5,3,1,5,0.5,
768,EURUSD,40,7,3,2,0,3,0,0.4,1,12,2,1,2,1.5,2.5,1,60,1,2,0.75,3,1,5,0.5,
769,EURUSD,50,6,4,2.5,1,2,1,0.5,2,6,1,0,2.5,1.2,3,0.8,40,0,2,0.5,5,1,5,0.5,
770,EURUSD,60,8,3,3,0,3,0,0.3,1,8,1,1,1.5,1.5,2,1,50,1,2,0.75,5,1,5,0.5,
771,EURUSD,70,8,4,1.5,1,2,1,0.3,2,10,1.5,0,2,1.2,2,0.8,60,0,2,0.5,4,1,5,0.5,
772,EURUSD,40,7,3,2,0,3,0,0.4,1,12,1.5,1,2.5,1.5,2.5,0.6,40,1,2,0.75,4,1,5,0.5,
773,EURUSD,50,6,4,2.5,1,2,1,0.5,2,6,1.5,0,1.5,1.2,3,1,50,0,2,0.5,3,1,5,0.5,
774,EURUSD,60,8,3,3,0,3,0,0.5,1,8,2,1,1.5,1.5,2,0.6,60,1,2,0.75,3,1,5,0.5,
775,EURUSD,70,7,4,1.5,1,2,1,0.3,2,10,2,0,2,1.2,2.5,1,40,0,1,0.5,5,1,5,0.5,
776,EURUSD,40,6,3,2,0,3,0,0.4,1,12,2,1,2.5,1.5,3,0.8,50,1,1,0.75,5,1,5,0.5,
777,EURUSD,50,8,4,2.5,1,2,1,0.5,2,6,1,0,1.5,1.2,2,1,50,0,1,0.5,4,1,5,0.5,
778,EURUSD,60,7,3,3,0,3,0,0.5,1,8,1,1,2,1.5,2.5,0.8,60,1,1,0.75,3,1,5,0.5,
779,EURUSD,70,6,4,1.5,1,2.5,1,0.3,2,10,1,0,2.5,1.2,3,0.6,40,0,1,0.5,3,1,5,0.5,
780,EURUSD,40,8,3,2,0,3,0,0.4,1,12,1.5,1,1.5,1.5,2,0.8,50,1,1,0.75,5,1,5,0.5,
781,EURUSD,50,7,4,2.5,1,2.5,1,0.4,2,6,1.5,0,2,1.2,2,0.6,60,0,1,0.5,5,1,5,0.5,
782,EURUSD,60,7,3,3,0,3,0,0.5,1,8,1.5,1,2.5,1.5,2.5,1,40,1,1,0.75,4,1,5,0.5,
783,EURUSD,70,6,4,1.5,1,2.5,1,0.3,2,10,2,0,1.5,1.2,3,0.8,50,0,1,0.5,4,1,5,0.5,
784,EURUSD,40,8,3,2,0,3,0,0.3,1,12,2,1,1.5,1.5,2,1,60,1,1,0.75,3,1,5,0.5,
785,EURUSD,50,7,4,2.5,1,2.5,1,0.4,2,6,2,0,2,1.2,2.5,0.8,40,0,1,0.5,3,1,5,0.5,
786,EURUSD,60,6,3,3,0,3,0,0.5,1,8,1,1,2.5,1.5,3,0.6,50,1,1,0.75,5,1,5,0.5,
787,EURUSD,70,8,4,1.5,1,2.5,1,0.5,2,10,1,0,1.5,1.2,2,0.8,60,0,1,0.5,5,1,5,0.5,
788,EURUSD,40,7,3,2,0,3,0,0.3,1,12,1,1,2,1.5,2.5,0.6,40,1,0,0.75,4,1,5,0.5,
789,EURUSD,50,6,4,2.5,1,2.5,1,0.4,2,6,1.5,0,2.5,1.2,3,1,50,0,0,0.5,3,1,5,0.5,
790,EURUSD,60,8,3,3,0,3,0,0.5,1,8,1.5,1,1.5,1.5,2,0.6,60,1,0,0.75,3,1,5,0.5,
791,EURUSD,70,7,4,1.5,1,2.5,1,0.5,2,10,2,0,2,1.2,2,1,40,0,0,0.5,5,1,5,0.5,
792,EURUSD,40,7,3,2,0,3,0,0.3,1,12,2,1,2.5,1,2.5,0.8,50,1,0,0.75,5,1,5,0.5,
793,EURUSD,50,6,4,2.5,1,2.5,1,0.4,2,6,2,0,2.5,1.2,3,0.6,60,0,0,0.5,4,1,5,0.5,
794,EURUSD,60,8,3,3,0,3,0,0.4,1,8,1,1,1.5,1,2,0.8,40,1,0,0.75,4,1,5,0.5,
795,EURUSD,70,7,4,1.5,1,2.5,1,0.5,2,10,1,0,2,1.2,2.5,0.6,50,0,0,0.5,3,1,5,0.5,
796,EURUSD,40,6,3,2,0,3,0,0.3,1,12,1,1,2.5,1,3,1,60,1,0,0.75,3,1,5,0.5,
797,EURUSD,50,8,4,2.5,1,2.5,1,0.3,2,6,1.5,0,1.5,1.2,2,0.6,40,0,0,0.5,5,1,5,0.5,
798,EURUSD,60,7,3,3,0,3,0,0.4,1,8,1.5,1,2,1,2.5,1,50,1,0,0.75,5,1,5,0.5,
799,EURUSD,70,6,4,1.5,1,2.5,1,0.5,2,10,1.5,0,2.5,1.2,3,0.8,60,0,0,0.5,4,1,5,0.5,
800,USDJPY,40,8,3,1,0,3,0,0.5,1,12,2,1,1,1,2,0.6,40,1,0,0.75,3,1,5,0.5,
801,USDJPY,50,7,4,1,1,2.5,1,0.3,2,6,2,0,1.5,1.2,2.5,0.8,50,0,2,0.5,3,1,5,0.5,
802,USDJPY,60,6,3,2,0,3,0,0.4,1,8,2,1,2,1,2.5,0.6,60,1,2,0.75,5,1,5,0.5,
803,USDJPY,70,6,4,2,1,2.5,1,0.5,2,10,1,0,2,1.2,3,1,40,0,2,0.5,5,1,5,0.5,
804,USDJPY,40,8,3,1.5,0,3,0,0.5,1,12,1,1,1,1,2,0.6,50,1,2,0.75,4,1,5,0.5,
805,USDJPY,50,7,4,1.5,1,2.5,1,0.3,2,6,1,0,1.5,1.2,2.5,1,60,0,2,0.5,4,1,5,0.5,
806,USDJPY,60,6,3,1,0,3,0,0.4,1,8,1.5,1,2,1,3,0.8,40,1,2,0.75,3,1,5,0.5,
807,USDJPY,70,8,4,1,1,2.5,1,0.4,2,10,1.5,0,1,1.2,2,1,50,0,2,0.5,3,1,5,0.5,
808,USDJPY,40,7,3,1,0,2,0,0.5,1,12,1.5,1,1.5,1,2.5,0.8,50,1,2,0.75,5,1,5,0.5,
809,USDJPY,50,6,4,2,1,2.5,1,0.3,2,6,2,0,2,1.2,3,0.6,60,0,2,0.5,5,1,5,0.5,
810,USDJPY,60,8,3,2,0,2,0,0.3,1,8,2,1,1,1,2,1,40,1,2,0.75,4,1,5,0.5,
811,USDJPY,70,7,4,1.5,1,2.5,1,0.4,2,10,2,0,1.5,1.2,2.5,0.6,50,0,2,0.5,3,1,5,0.5,
812,USDJPY,40,6,3,1.5,0,2,0,0.5,1,12,1,1,2,1,2.5,1,60,1,2,0.75,3,1,5,0.5,
813,USDJPY,50,8,4,1.5,1,2.5,1,0.5,2,6,1,0,2,1.2,3,0.8,40,0,2,0.5,5,1,5,0.5,
814,USDJPY,60,8,3,1,0,2,0,0.3,1,8,1.5,1,1,1,2,1,50,1,1,0.75,5,1,5,0.5,
815,USDJPY,70,7,4,1,1,2.5,1,0.4,2,10,1.5,0,1.5,1.2,2.5,0.8,60,0,1,0.5,4,1,5,0.5,
816,USDJPY,40,6,3,2,0,2,0,0.5,1,12,1.5,1,2,1,3,0.6,40,1,1,0.75,4,1,5,0.5,
817,USDJPY,50,8,4,2,1,2.5,1,0.5,2,6,2,0,1,1.2,2,1,50,0,1,0.5,3,1,5,0.5,
818,USDJPY,60,7,3,2,0,2,0,0.3,1,8,2,1,1.5,1,2.5,0.6,60,1,1,0.75,3,1,5,0.5,
819,USDJPY,70,6,4,1.5,1,2.5,1,0.4,2,10,2,0,2,1.2,3,1,40,0,1,0.5,5,1,5,0.5,
820,USDJPY,40,8,3,1.5,0,2,0,0.4,1,12,1,1,1,1,2,0.8,50,1,1,0.75,5,1,5,0.5,
821,USDJPY,50,7,4,1,1,2.5,1,0.5,2,6,1,0,1.5,1.2,2.5,1,60,0,1,0.5,4,1,5,0.5,
822,USDJPY,60,6,3,1,0,2,0,0.3,1,8,1,1,2,1,2.5,0.8,40,1,1,0.75,3,1,5,0.5,
823,USDJPY,70,8,4,2,1,2.5,1,0.3,2,10,1.5,0,2,1.2,3,0.6,50,0,1,0.5,3,1,5,0.5,
824,USDJPY,40,7,3,2,0,2,0,0.4,1,12,1.5,1,1,1,2,0.8,60,1,1,0.75,5,1,5,0.5,
825,USDJPY,50,7,4,2,1,2.5,1,0.5,2,6,1.5,0,1.5,1.2,2.5,0.6,40,0,1,0.5,5,1,5,0.5,
826,USDJPY,60,6,3,1.5,0,2,0,0.5,1,8,2,1,2,1,3,1,50,1,0,0.75,4,1,5,0.5,
827,USDJPY,70,8,4,1.5,1,2.5,1,0.3,2,10,2,0,1,1.2,2,0.8,60,0,0,0.5,4,1,5,0.5,
828,USDJPY,40,7,3,1,0,2,0,0.4,1,12,2,1,1.5,1,2.5,1,40,1,0,0.75,3,1,5,0.5,
829,USDJPY,50,6,4,1,1,2.5,1,0.5,2,6,1,0,2,1.2,3,0.8,50,0,0,0.5,3,1,5,0.5,
830,USDJPY,60,8,3,1,0,2,0,0.5,1,8,1,1,1,1,2,0.6,60,1,0,0.75,5,1,5,0.5,
831,USDJPY,70,7,4,2,1,2.5,1,0.3,2,10,1,0,1.5,1.2,2.5,0.8,40,0,0,0.5,5,1,5,0.5,
832,USDJPY,40,6,3,2,0,2,0,0.4,1,12,1.5,1,2,1,3,0.6,50,1,0,0.75,4,1,5,0.5,
833,USDJPY,50,8,4,1.5,1,2.5,1,0.4,2,6,1.5,0,2,1.2,3,1,60,0,0,0.5,3,1,5,0.5,
834,USDJPY,60,7,3,1.5,0,2,0,0.5,1,8,2,1,1,1,2,0.6,40,1,0,0.75,3,1,5,0.5,
835,USDJPY,70,7,4,1,1,2.5,1,0.3,2,10,2,0,1.5,1.2,2.5,1,50,0,0,0.5,5,1,5,0.5,
836,USDJPY,40,6,3,1,0,2,0,0.3,1,12,2,1,2,1,3,0.8,60,1,0,0.75,5,1,5,0.5,
837,USDJPY,50,8,4,1,1,3,1,0.4,2,6,1,0,1,1.5,2,0.6,40,0,0,0.5,4,1,5,0.5,
838,USDJPY,60,7,3,2,0,2,0,0.5,1,8,1,1,1.5,1,2.5,0.8,50,1,0,0.75,4,1,5,0.5,
839,USDJPY,70,6,4,2,1,3,1,0.5,2,10,1,0,2,1.5,3,0.6,60,0,2,0.5,3,1,5,0.5,
840,USDJPY,40,8,3,1.5,0,2,0,0.3,1,12,1.5,1,1,1,2,1,60,1,2,0.75,3,1,5,0.5,
841,USDJPY,50,7,4,1.5,1,3,1,0.4,2,6,1.5,0,1.5,1.5,2.5,0.6,40,0,2,0.5,5,1,5,0.5,
842,USDJPY,60,6,3,1.5,0,2,0,0.5,1,8,1.5,1,2,1,3,1,50,1,2,0.75,5,1,5,0.5,
843,USDJPY,70,8,4,1,1,3,1,0.5,2,10,2,0,2,1.5,3,0.8,60,0,2,0.5,4,1,5,0.5,
844,USDJPY,40,7,3,1,0,2,0,0.3,1,12,2,1,1,1,2,0.6,40,1,2,0.75,3,1,5,0.5,
845,USDJPY,50,6,4,2,1,3,1,0.4,2,6,2,0,1.5,1.5,2.5,0.8,50,0,2,0.5,3,1,5,0.5,
846,USDJPY,60,6,3,2,0,2,0,0.4,1,8,1,1,2,1,3,0.6,60,1,2,0.75,5,1,5,0.5,
847,USDJPY,70,8,4,2,1,3,1,0.5,2,10,1,0,1,1.5,2,1,40,0,2,0.5,5,1,5,0.5,
848,USDJPY,40,7,3,1.5,0,2,0,0.3,1,12,1,1,1.5,1,2.5,0.6,50,1,2,0.75,4,1,5,0.5,
849,USDJPY,50,6,4,1.5,1,3,1,0.3,2,6,1.5,0,2,1.5,3,1,60,0,2,0.5,4,1,5,0.5,
850,USDJPY,60,8,3,1,0,2,0,0.4,1,8,1.5,1,1,1,2,0.8,40,1,2,0.75,3,1,5,0.5,
851,USDJPY,70,7,4,1,1,3,1,0.5,2,10,1.5,0,1.5,1.5,2.5,1,50,0,2,0.5,3,1,5,0.5,
852,USDJPY,40,6,3,2,0,2,0,0.5,1,12,2,1,2,1,3,0.8,60,1,1,0.75,5,1,5,0.5,
853,USDJPY,50,8,4,2,1,3,1,0.3,2,6,2,0,2,1.5,3,0.6,40,0,1,0.5,5,1,5,0.5,
854,USDJPY,60,7,3,2,0,2,0,0.4,1,8,2,1,1,1,2,1,50,1,1,0.75,4,1,5,0.5,
855,USDJPY,70,6,4,1.5,1,3,1,0.5,2,10,1,0,1.5,1.5,2.5,0.6,60,0,1,0.5,3,1,5,0.5,
856,USDJPY,40,8,3,1.5,0,2,0,0.5,1,12,1,1,2,1,3,1,40,1,1,0.75,3,1,5,0.5,
857,USDJPY,50,8,4,1,1,3,1,0.3,2,6,1.5,0,1,1.5,2,0.8,50,0,1,0.5,5,1,5,0.5,
858,USDJPY,60,7,3,1,0,2,0,0.4,1,8,1.5,1,1.5,1,2.5,1,60,1,1,0.75,5,1,5,0.5,
859,USDJPY,70,6,4,1,1,3,1,0.4,2,10,1.5,0,2,1.5,3,0.8,40,0,1,0.5,4,1,5,0.5,
860,USDJPY,40,8,3,2,0,2,0,0.5,1,12,2,1,1,1,2,0.6,50,1,1,0.75,4,1,5,0.5,
861,USDJPY,50,7,4,2,1,3,1,0.3,2,6,2,0,1.5,1.5,2.5,0.8,60,0,1,0.5,3,1,5,0.5,
862,USDJPY,60,6,3,1.5,0,2,0,0.3,1,8,2,1,2,1,3,0.6,40,1,1,0.75,3,1,5,0.5,
863,USDJPY,70,8,4,1.5,1,3,1,0.4,2,10,1,0,2,1.5,2,1,50,0,1,0.5,5,1,5,0.5,
864,USDJPY,40,7,3,1,0,2,0,0.5,1,12,1,1,1,1,2,0.8,60,1,1,0.75,5,1,5,0.5,
865,USDJPY,50,6,4,1,1,3,1,0.5,2,6,1,0,1.5,1.5,2.5,1,40,0,0,0.5,4,1,5,0.5,
866,USDJPY,60,8,3,1,0,2.5,0,0.3,1,8,1.5,1,2,1,3,0.8,50,1,0,0.75,3,1,5,0.5,
867,USDJPY,70,8,4,2,1,3,1,0.4,2,10,1.5,0,1,1.5,2,0.6,60,0,0,0.5,3,1,5,0.5,
868,USDJPY,40,7,3,2,0,2.5,0,0.5,1,12,1.5,1,1.5,1,2.5,0.8,40,1,0,0.75,5,1,5,0.5,
869,USDJPY,50,6,4,1.5,1,3,1,0.5,2,6,2,0,2,1.5,3,0.6,50,0,0,0.5,5,1,5,0.5,
870,USDJPY,60,8,3,1.5,0,2.5,0,0.3,1,8,2,1,1,1,2,1,60,1,0,0.75,4,1,5,0.5,
871,USDJPY,70,7,4,1.5,1,3,1,0.4,2,10,2,0,1.5,1.5,2.5,0.8,60,0,0,0.5,4,1,5,0.5,
872,USDJPY,40,6,3,1,0,2.5,0,0.4,1,12,1,1,2,1,3,1,40,1,0,0.75,3,1,5,0.5,
873,USDJPY,50,8,4,1,1,3,1,0.5,2,6,1,0,2,1.5,2,0.8,50,0,0,0.5,3,1,5,0.5,
874,USDJPY,60,7,3,2,0,2.5,0,0.3,1,8,1,1,1,1,2,0.6,60,1,0,0.75,5,1,5,0.5,
875,USDJPY,70,6,4,2,1,3,1,0.3,2,10,1.5,0,1.5,1.5,2.5,0.8,40,0,0,0.5,5,1,5,0.5,
876,USDJPY,40,8,3,2,0,2.5,0,0.4,1,12,1.5,1,2,1,3,0.6,50,1,0,0.75,4,1,5,0.5,
877,USDJPY,50,7,4,1.5,1,3,1,0.5,2,6,2,0,1,1.5,2,1,60,0,0,0.5,3,1,5,0.5,
878,USDJPY,60,7,3,1.5,0,2.5,0,0.5,1,8,2,1,1.5,1,2.5,0.6,40,1,2,0.75,3,1,5,0.5,
879,USDJPY,70,6,4,1,1,3,1,0.3,2,10,2,0,2,1.5,3,1,50,0,2,0.5,5,1,5,0.5,
880,USDJPY,40,8,3,1,0,2.5,0,0.4,1,12,1,1,1,1.2,2,0.8,60,1,2,0.75,5,1,5,0.5,
881,USDJPY,50,7,4,2,1,3,1,0.5,2,6,1,0,1.5,1.5,2.5,0.6,40,0,2,0.5,4,1,5,0.5,
882,USDJPY,60,6,3,2,0,2.5,0,0.5,1,8,1,1,2,1.2,3,0.8,50,1,2,0.75,4,1,5,0.5,
883,USDJPY,70,8,4,2,1,3,1,0.3,2,10,1.5,0,2,1.5,2,0.6,60,0,2,0.5,3,1,5,0.5,
884,USDJPY,40,7,3,1.5,0,2.5,0,0.4,1,12,1.5,1,1,1.2,2.5,1,40,1,2,0.75,3,1,5,0.5,
885,USDJPY,50,6,4,1.5,1,3,1,0.4,2,6,1.5,0,1.5,1.5,2.5,0.6,50,0,2,0.5,5,1,5,0.5,
886,USDJPY,60,8,3,1,0,2.5,0,0.5,1,8,2,1,2,1.2,3,1,60,1,2,0.75,5,1,5,0.5,
887,USDJPY,70,7,4,1,1,3,1,0.3,2,10,2,0,1,1.5,2,0.8,40,0,2,0.5,4,1,5,0.5,
888,USDJPY,40,6,3,1,0,2.5,0,0.3,1,12,2,1,1.5,1.2,2.5,0.6,50,1,2,0.75,3,1,5,0.5,
889,USDJPY,50,6,4,2,1,3,1,0.4,2,6,1,0,2,1.5,3,0.8,60,0,2,0.5,3,1,5,0.5,
890,USDJPY,60,8,3,2,0,2.5,0,0.5,1,8,1,1,1,1.2,2,0.6,40,1,1,0.75,5,1,5,0.5,
891,USDJPY,70,7,4,1.5,1,3,1,0.5,2,10,1,0,1.5,1.5,2.5,1,50,0,1,0.5,5,1,5,0.5,
892,USDJPY,40,6,3,1.5,0,2.5,0,0.3,1,12,1.5,1,1.5,1.2,3,0.6,60,1,1,0.75,4,1,5,0.5,
893,USDJPY,50,8,4,1,1,3,1,0.4,2,6,1.5,0,2,1.5,2,1,40,0,1,0.5,4,1,5,0.5,
894,USDJPY,60,7,3,1,0,2.5,0,0.5,1,8,1.5,1,1,1.2,2.5,0.8,50,1,1,0.75,3,1,5,0.5,
895,USDJPY,70,6,4,1,1,2,1,0.5,2,10,2,0,1.5,1.5,2.5,1,60,0,1,0.5,3,1,5,0.5,
896,USDJPY,40,8,3,2,0,2.5,0,0.3,1,12,2,1,2,1.2,3,0.8,40,1,1,0.75,5,1,5,0.5,
897,USDJPY,50,7,4,2,1,2,1,0.4,2,6,1,0,1,1.5,2,0.6,50,0,1,0.5,5,1,5,0.5,
898,USDJPY,60,6,3,1.5,0,2.5,0,0.4,1,8,1,1,1.5,1.2,2.5,1,60,1,1,0.75,4,1,5,0.5,
899,USDJPY,70,6,4,1.5,1,2,1,0.5,2,10,1,0,2,1.5,3,0.6,40,0,1,0.5,4,1,5,0.5,
900,USDJPY,40,8,3,1.5,0,2.5,0,0.3,1,12,1.5,1,1,1.2,2,1,50,1,1,0.75,3,1,5,0.5,
901,USDJPY,50,7,4,1,1,2,1,0.3,2,6,1.5,0,1.5,1.5,2.5,0.8,60,0,1,0.5,5,1,5,0.5,
902,USDJPY,60,6,3,1,0,2.5,0,0.4,1,8,1.5,1,1.5,1.2,3,1,40,1,1,0.75,5,1,5,0.5,
903,USDJPY,70,8,4,2,1,2,1,0.5,2,10,2,0,2,1.5,2,0.8,40,0,0,0.5,4,1,5,0.5,
904,USDJPY,40,7,3,2,0,2.5,0,0.5,1,12,2,1,1,1.2,2.5,0.6,50,1,0,0.75,4,1,5,0.5,
905,USDJPY,50,6,4,2,1,2,1,0.3,2,6,2,0,1.5,1.5,2.5,0.8,60,0,0,0.5,3,1,5,0.5,
906,USDJPY,60,8,3,1.5,0,2.5,0,0.4,1,8,1,1,2,1.2,3,0.6,40,1,0,0.75,3,1,5,0.5,
907,USDJPY,70,7,4,1.5,1,2,1,0.5,2,10,1,0,1,1.5,2,1,50,0,0,0.5,5,1,5,0.5,
908,USDJPY,40,6,3,1,0,2.5,0,0.5,1,12,1,1,1.5,1.2,2.5,0.8,60,1,0,0.75,5,1,5,0.5,
909,USDJPY,50,8,4,1,1,2,1,0.3,2,6,1.5,0,2,1.5,3,1,40,0,0,0.5,4,1,5,0.5,
910,USDJPY,60,8,3,2,0,2.5,0,0.4,1,8,1.5,1,1,1.2,2,0.8,50,1,0,0.75,4,1,5,0.5,
911,USDJPY,70,7,4,2,1,2,1,0.4,2,10,1.5,0,1.5,1.5,2.5,0.6,60,0,0,0.5,3,1,5,0.5,
912,USDJPY,40,6,3,2,0,2.5,0,0.5,1,12,2,1,1.5,1.2,3,0.8,40,1,0,0.75,5,1,5,0.5,
913,USDJPY,50,8,4,1.5,1,2,1,0.3,2,6,2,0,2,1.5,2,0.6,50,0,0,0.5,5,1,5,0.5,
914,USDJPY,60,7,3,1.5,0,2.5,0,0.3,1,8,2,1,1,1.2,2.5,1,60,1,0,0.75,4,1,5,0.5,
915,USDJPY,70,6,4,1,1,2,1,0.4,2,10,1,0,1.5,1.5,3,0.8,40,0,0,0.5,4,1,5,0.5,
916,USDJPY,40,8,3,1,0,2.5,0,0.5,1,12,1,1,2,1.2,3,1,50,1,2,0.75,3,1,5,0.5,
917,USDJPY,50,7,4,1,1,2,1,0.5,2,6,1,0,1,1.5,2,0.8,60,0,2,0.5,3,1,5,0.5,
918,USDJPY,60,6,3,2,0,2.5,0,0.3,1,8,1.5,1,1.5,1.2,2.5,0.6,40,1,2,0.75,5,1,5,0.5,
919,USDJPY,70,8,4,2,1,2,1,0.4,2,10,1.5,0,2,1.5,3,0.8,50,0,2,0.5,5,1,5,0.5,
920,USDJPY,40,7,3,1.5,0,2.5,0,0.4,1,12,2,1,1,1.2,2,0.6,60,1,2,0.75,4,1,5,0.5,
921,USDJPY,50,7,4,1.5,1,2,1,0.5,2,6,2,0,1.5,1.5,2.5,1,40,0,2,0.5,4,1,5,0.5,
922,USDJPY,60,6,3,1,0,2.5,0,0.3,1,8,2,1,1.5,1.2,3,0.6,50,1,2,0.75,3,1,5,0.5,
923,USDJPY,70,8,4,1,1,2,1,0.4,2,10,1,0,2,1,2,1,60,0,2,0.5,5,1,5,0.5,
924,USDJPY,40,7,3,1,0,3,0,0.4,1,12,1,1,1,1.2,2.5,0.8,40,1,2,0.75,5,1,5,0.5,
925,USDJPY,50,6,4,2,1,2,1,0.5,2,6,1,0,1.5,1,3,0.6,50,0,2,0.5,4,1,5,0.5,
926,USDJPY,60,8,3,2,0,3,0,0.3,1,8,1.5,1,2,1.2,3,0.8,60,1,2,0.75,4,1,5,0.5,
927,USDJPY,70,7,4,1.5,1,2,1,0.3,2,10,1.5,0,1,1,2,0.6,40,0,2,0.5,3,1,5,0.5,
928,USDJPY,40,6,3,1.5,0,3,0,0.4,1,12,1.5,1,1.5,1.2,2.5,1,50,1,2,0.75,3,1,5,0.5,
929,USDJPY,50,8,4,1.5,1,2,1,0.5,2,6,2,0,2,1,3,0.6,60,0,1,0.5,5,1,5,0.5,
930,USDJPY,60,7,3,1,0,3,0,0.5,1,8,2,1,1,1.2,2,1,40,1,1,0.75,5,1,5,0.5,
931,USDJPY,70,6,4,1,1,2,1,0.3,2,10,2,0,1.5,1,2.5,0.8,50,0,1,0.5,4,1,5,0.5,
932,USDJPY,40,6,3,2,0,3,0,0.4,1,12,1,1,1.5,1.2,3,0.6,60,1,1,0.75,4,1,5,0.5,
933,USDJPY,50,8,4,2,1,2,1,0.4,2,6,1,0,2,1,2,0.8,40,0,1,0.5,3,1,5,0.5,
934,USDJPY,60,7,3,2,0,3,0,0.5,1,8,1,1,1,1.2,2.5,0.6,40,1,1,0.75,5,1,5,0.5,
935,USDJPY,70,6,4,1.5,1,2,1,0.3,2,10,1.5,0,1.5,1,3,1,50,0,1,0.5,5,1,5,0.5,
936,USDJPY,40,8,3,1.5,0,3,0,0.4,1,12,1.5,1,2,1.2,3,0.6,60,1,1,0.75,4,1,5,0.5,
937,USDJPY,50,7,4,1,1,2,1,0.4,2,6,1.5,0,1,1,2,1,40,0,1,0.5,4,1,5,0.5,
938,USDJPY,60,6,3,1,0,3,0,0.5,1,8,2,1,1.5,1.2,2.5,0.8,50,1,1,0.75,3,1,5,0.5,
939,USDJPY,70,8,4,2,1,2,1,0.3,2,10,2,0,2,1,3,1,60,0,1,0.5,3,1,5,0.5,
940,USDJPY,40,7,3,2,0,3,0,0.3,1,12,1,1,1,1.2,2,0.8,40,1,1,0.75,5,1,5,0.5,
941,USDJPY,50,6,4,2,1,2,1,0.4,2,6,1,0,1.5,1,2.5,0.6,50,0,1,0.5,5,1,5,0.5,
942,USDJPY,60,6,3,1.5,0,3,0,0.5,1,8,1,1,1.5,1.2,3,1,60,1,0,0.75,4,1,5,0.5,
943,USDJPY,70,8,4,1.5,1,2,1,0.5,2,10,1.5,0,2,1,2,0.6,40,0,0,0.5,4,1,5,0.5,
944,USDJPY,40,7,3,1,0,3,0,0.3,1,12,1.5,1,1,1.2,2.5,1,50,1,0,0.75,3,1,5,0.5,
945,USDJPY,50,6,4,1,1,2,1,0.4,2,6,1.5,0,1.5,1,3,0.8,60,0,0,0.5,5,1,5,0.5,
946,USDJPY,60,8,3,1,0,3,0,0.4,1,8,2,1,2,1.2,2,1,40,1,0,0.75,5,1,5,0.5,
947,USDJPY,70,7,4,2,1,2,1,0.5,2,10,2,0,1,1,2,0.8,50,0,0,0.5,4,1,5,0.5,
948,USDJPY,40,6,3,2,0,3,0,0.3,1,12,2,1,1.5,1.2,2.5,0.6,60,1,0,0.75,4,1,5,0.5,
949,USDJPY,50,8,4,1.5,1,2,1,0.4,2,6,1,0,2,1,3,0.8,40,0,0,0.5,3,1,5,0.5,
950,USDJPY,60,7,3,1.5,0,3,0,0.4,1,8,1,1,1,1.2,2,0.6,50,1,0,0.75,3,1,5,0.5,
951,USDJPY,70,6,4,1.5,1,2.5,1,0.5,2,10,1,0,1.5,1,2.5,1,60,0,0,0.5,5,1,5,0.5,
952,USDJPY,40,8,3,1,0,3,0,0.3,1,12,1.5,1,1.5,1.2,3,0.8,40,1,0,0.75,5,1,5,0.5,
953,USDJPY,50,8,4,1,1,2.5,1,0.3,2,6,1.5,0,2,1,2,1,50,0,0,0.5,4,1,5,0.5,
954,USDJPY,60,7,3,2,0,3,0,0.4,1,8,1.5,1,1,1.2,2.5,0.8,60,1,2,0.75,4,1,5,0.5,
955,USDJPY,70,6,4,2,1,2.5,1,0.5,2,10,2,0,1.5,1,3,0.6,40,0,2,0.5,3,1,5,0.5,
956,USDJPY,40,8,3,1.5,0,3,0,0.5,1,12,2,1,2,1.2,2,0.8,50,1,2,0.75,5,1,5,0.5,
957,USDJPY,50,7,4,1.5,1,2.5,1,0.3,2,6,2,0,1,1,2,0.6,60,0,2,0.5,5,1,5,0.5,
958,USDJPY,60,6,3,1.5,0,3,0,0.4,1,8,1,1,1.5,1.2,2.5,1,40,1,2,0.75,4,1,5,0.5,
959,USDJPY,70,8,4,1,1,2.5,1,0.4,2,10,1,0,2,1,3,0.8,50,0,2,0.5,4,1,5,0.5,
960,USDJPY,40,7,3,1,0,3,0,0.5,1,12,1,1,1,1.2,2,1,60,1,2,0.75,3,1,5,0.5,
961,USDJPY,50,6,4,2,1,2.5,1,0.3,2,6,1.5,0,1.5,1,2.5,0.8,40,0,2,0.5,3,1,5,0.5,
962,USDJPY,60,8,3,2,0,3,0,0.4,1,8,1.5,1,1.5,1.2,3,0.6,50,1,2,0.75,5,1,5,0.5,
963,USDJPY,70,7,4,2,1,2.5,1,0.4,2,10,2,0,2,1,2,0.8,60,0,2,0.5,5,1,5,0.5,
964,USDJPY,40,7,3,1.5,0,3,0,0.5,1,12,2,1,1,1.2,2.5,0.6,40,1,2,0.75,4,1,5,0.5,
965,USDJPY,50,6,4,1.5,1,2.5,1,0.3,2,6,2,0,1.5,1,3,1,50,0,2,0.5,4,1,5,0.5,
966,USDJPY,60,8,3,1,0,3,0,0.3,1,8,1,1,2,1.2,2,0.6,50,1,2,0.75,3,1,5,0.5,
967,USDJPY,70,7,4,1,1,2.5,1,0.4,2,10,1,0,1,1,2,1,60,0,1,0.5,5,1,5,0.5,
968,USDJPY,40,6,3,2,0,3,0,0.5,1,12,1,1,1.5,1.5,2.5,0.8,40,1,1,0.75,5,1,5,0.5,
969,USDJPY,50,8,4,2,1,2.5,1,0.5,2,6,1.5,0,2,1,3,0.6,50,0,1,0.5,4,1,5,0.5,
970,USDJPY,60,7,3,2,0,3,0,0.3,1,8,1.5,1,1,1.5,2,0.8,60,1,1,0.75,4,1,5,0.5,
971,USDJPY,70,6,4,1.5,1,2.5,1,0.4,2,10,1.5,0,1.5,1,2.5,0.6,40,0,1,0.5,3,1,5,0.5,
972,USDJPY,40,8,3,1.5,0,3,0,0.4,1,12,2,1,1.5,1.5,3,1,50,1,1,0.75,3,1,5,0.5,
973,USDJPY,50,7,4,1,1,2.5,1,0.5,2,6,2,0,2,1,2,0.6,60,0,1,0.5,5,1,5,0.5,
974,USDJPY,60,7,3,1,0,3,0,0.3,1,8,2,1,1,1.5,2.5,1,40,1,1,0.75,5,1,5,0.5,
975,USDJPY,70,6,4,1,1,2.5,1,0.4,2,10,1,0,1.5,1,3,0.8,50,0,1,0.5,4,1,5,0.5,
976,USDJPY,40,8,3,2,0,3,0,0.4,1,12,1,1,2,1.5,2,0.6,60,1,1,0.75,4,1,5,0.5,
977,USDJPY,50,7,4,2,1,2.5,1,0.5,2,6,1,0,1,1,2.5,0.8,40,0,1,0.5,3,1,5,0.5,
978,USDJPY,60,6,3,1.5,0,3,0,0.3,1,8,1.5,1,1.5,1.5,2.5,0.6,50,1,1,0.75,5,1,5,0.5,
979,USDJPY,70,8,4,1.5,1,2.5,1,0.3,2,10,1.5,0,2,1,3,1,60,0,1,0.5,5,1,5,0.5,
980,USDJPY,40,7,3,1.5,0,2,0,0.4,1,12,1.5,1,1,1.5,2,0.6,40,1,0,0.75,4,1,5,0.5,
981,USDJPY,50,6,4,1,1,2.5,1,0.5,2,6,2,0,1.5,1,2.5,1,50,0,0,0.5,4,1,5,0.5,
982,USDJPY,60,8,3,1,0,2,0,0.5,1,8,2,1,1.5,1.5,3,0.8,60,1,0,0.75,3,1,5,0.5,
983,USDJPY,70,7,4,2,1,2.5,1,0.3,2,10,1,0,2,1,2,1,40,0,0,0.5,3,1,5,0.5,
984,USDJPY,40,6,3,2,0,2,0,0.4,1,12,1,1,1,1.5,2.5,0.8,50,1,0,0.75,5,1,5,0.5,
985,USDJPY,50,6,4,1.5,1,2.5,1,0.4,2,6,1,0,1.5,1,3,0.6,60,0,0,0.5,5,1,5,0.5,
986,USDJPY,60,8,3,1.5,0,2,0,0.5,1,8,1.5,1,2,1.5,2,1,40,1,0,0.75,4,1,5,0.5,
987,USDJPY,70,7,4,1.5,1,2.5,1,0.3,2,10,1.5,0,1,1,2.5,0.6,50,0,0,0.5,4,1,5,0.5,
988,USDJPY,40,6,3,1,0,2,0,0.4,1,12,1.5,1,1.5,1.5,2.5,1,60,1,0,0.75,3,1,5,0.5,
989,USDJPY,50,8,4,1,1,2.5,1,0.4,2,6,2,0,2,1,3,0.8,40,0,0,0.5,5,1,5,0.5,
990,USDJPY,60,7,3,2,0,2,0,0.5,1,8,2,1,1,1.5,2,1,50,1,0,0.75,5,1,5,0.5,
991,USDJPY,70,6,4,2,1,2.5,1,0.3,2,10,2,0,1.5,1,2.5,0.8,60,0,0,0.5,4,1,5,0.5,
992,USDJPY,40,8,3,2,0,2,0,0.3,1,12,1,1,1.5,1.5,3,0.6,40,1,0,0.75,4,1,5,0.5,
993,USDJPY,50,7,4,1.5,1,2.5,1,0.4,2,6,1,0,2,1,2,0.8,50,0,2,0.5,3,1,5,0.5,
994,USDJPY,60,6,3,1.5,0,2,0,0.5,1,8,1,1,1,1.5,2.5,0.6,60,1,2,0.75,3,1,5,0.5,
995,USDJPY,70,8,4,1,1,2.5,1,0.5,2,10,1.5,0,1.5,1,3,1,40,0,2,0.5,5,1,5,0.5,
996,USDJPY,40,8,3,1,0,2,0,0.3,1,12,1.5,1,2,1.5,2,0.8,50,1,2,0.75,5,1,5,0.5,
997,USDJPY,50,7,4,2,1,2.5,1,0.4,2,6,1.5,0,1,1,2.5,1,50,0,2,0.5,4,1,5,0.5,
998,USDJPY,60,6,3,2,0,2,0,0.4,1,8,2,1,1.5,1.5,3,0.8,60,1,2,0.75,4,1,5,0.5,
999,USDJPY,70,8,4,2,1,2.5,1,0.5,2,10,2,0,2,1,3,0.6,40,0,2,0.5,3,1,5,0.5,
1000,BTCUSD,55,9,4,1.5,0,2,0,0.3,1,12,2,1,1,1.5,2,0.8,50,1,2,0.75,8,1,5,0.5,
1001,BTCUSD,75,6,5,1.5,1,3,0,0.4,2,6,1,0,1,1,2.5,0.6,60,0,2,0.5,8,1,5,0.5,
1002,BTCUSD,45,7,3,1,0,2,0,0.4,1,8,1,1,1.5,1.5,3,1,40,1,2,0.75,6,1,5,0.5,
1003,BTCUSD,65,8,4,1,1,3,0,0.5,2,10,1,0,2,1,2,0.8,50,0,2,0.5,6,1,5,0.5,
1004,BTCUSD,35,9,5,1,0,2,0,0.3,1,12,1.5,1,1,1.5,2.5,1,60,1,2,0.75,4,1,5,0.5,
1005,BTCUSD,55,6,3,2,1,3,0,0.3,2,6,1.5,0,1.5,1,3,0.8,40,0,1,0.5,4,1,5,0.5,
1006,BTCUSD,75,7,4,2,0,2,0,0.4,1,8,2,1,2,1.5,2,0.6,50,1,1,0.75,8,1,5,0.5,
1007,BTCUSD,35,8,5,1.5,1,3,0,0.5,2,10,2,0,1,1,2.5,0.8,60,0,1,0.5,8,1,5,0.5,
1008,BTCUSD,55,9,3,1.5,0,2,0,0.5,1,12,2,1,1.5,1.5,3,0.6,40,1,1,0.75,6,1,5,0.5,
1009,BTCUSD,75,6,4,1.5,1,4,0,0.3,2,6,1,0,2,1,3,1,50,0,1,0.5,6,1,5,0.5,
1010,BTCUSD,45,7,5,1,0,2,0,0.4,1,8,1,1,1,1.5,2,0.6,60,1,1,0.75,4,1,5,0.5,
1011,BTCUSD,65,8,3,1,1,4,0,0.4,2,10,1,0,1,1.2,2.5,1,40,0,1,0.5,8,1,5,0.5,
1012,BTCUSD,35,9,4,2,0,2,0,0.5,1,12,1.5,1,1.5,1.5,3,0.8,50,1,1,0.75,8,1,5,0.5,
1013,BTCUSD,55,6,5,2,1,4,0,0.3,2,6,1.5,0,2,1.2,2,0.6,60,0,1,0.5,6,1,5,0.5,
1014,BTCUSD,75,7,3,1.5,0,2,0,0.4,1,8,1.5,1,1,1.5,2.5,0.8,40,1,1,0.75,6,1,5,0.5,
1015,BTCUSD,45,8,4,1.5,1,4,0,0.4,2,10,2,0,1.5,1.2,3,0.6,50,0,1,0.5,4,1,5,0.5,
1016,BTCUSD,65,9,3,1.5,0,2,0,0.5,1,12,2,1,2,1.5,2,1,60,1,1,0.75,4,1,5,0.5,
1017,BTCUSD,35,6,4,1,1,4,0,0.3,2,6,2,0,1,1.2,2.5,0.6,40,0,1,0.5,8,1,5,0.5,
1018,BTCUSD,55,7,5,1,0,2,0,0.3,1,8,1,1,1.5,1.5,3,1,50,1,0,0.75,8,1,5,0.5,
1019,BTCUSD,75,8,3,2,1,4,0,0.4,2,10,1,0,2,1.2,3,0.8,60,0,0,0.5,6,1,5,0.5,
1020,BTCUSD,45,9,4,2,0,2,0,0.5,1,12,1,1,1,1.5,2,1,40,1,0,0.75,6,1,5,0.5,
1021,BTCUSD,65,6,5,2,1,4,0,0.5,2,6,1.5,0,1,1.2,2.5,0.8,50,0,0,0.5,4,1,5,0.5,
1022,BTCUSD,35,7,3,1.5,0,2,0,0.3,1,8,1.5,1,1.5,1.5,3,0.6,60,1,0,0.75,8,1,5,0.5,
1023,BTCUSD,55,8,4,1.5,1,4,0,0.4,2,10,1.5,0,2,1.2,2,1,40,0,0,0.5,8,1,5,0.5,
1024,BTCUSD,75,9,5,1,0,2,0,0.4,1,12,2,1,1,1.5,2.5,0.6,50,1,0,0.75,6,1,5,0.5,
1025,BTCUSD,45,6,3,1,1,4,0,0.5,2,6,2,0,1.5,1.2,3,1,60,0,0,0.5,6,1,5,0.5,
1026,BTCUSD,65,7,4,2,0,2,0,0.3,1,8,1,1,2,1.5,2,0.8,40,1,0,0.75,4,1,5,0.5,
1027,BTCUSD,35,8,5,2,1,4,0,0.4,2,10,1,0,1,1.2,2.5,1,50,0,0,0.5,4,1,5,0.5,
1028,BTCUSD,55,9,3,2,0,2,0,0.4,1,12,1,1,1.5,1.5,3,0.8,60,1,0,0.75,8,1,5,0.5,
1029,BTCUSD,75,6,4,1.5,1,4,0,0.5,2,6,1.5,0,2,1.2,2,0.6,60,0,0,0.5,8,1,5,0.5,
1030,BTCUSD,45,7,5,1.5,0,2,0,0.3,1,8,1.5,1,1,1.5,2,1,40,1,0,0.75,6,1,5,0.5,
1031,BTCUSD,65,8,3,1,1,4,0,0.3,2,10,1.5,0,1,1.2,2.5,0.6,50,0,2,0.5,6,1,5,0.5,
1032,BTCUSD,35,9,4,1,0,2,0,0.4,1,12,2,1,1.5,1.5,3,1,60,1,2,0.75,4,1,5,0.5,
1033,BTCUSD,55,6,5,1,1,4,0,0.5,2,6,2,0,2,1.2,2,0.8,40,0,2,0.5,8,1,5,0.5,
1034,BTCUSD,75,7,3,2,0,2,0,0.5,1,8,2,1,1,1.5,2.5,1,50,1,2,0.75,8,1,5,0.5,
1035,BTCUSD,45,8,4,2,1,4,0,0.3,2,10,1,0,1.5,1.2,3,0.8,60,0,2,0.5,6,1,5,0.5,
1036,BTCUSD,65,9,5,1.5,0,2,0,0.4,1,12,1,1,2,1.5,2,0.6,40,1,2,0.75,6,1,5,0.5,
1037,BTCUSD,35,6,4,1.5,1,4,0,0.4,2,6,1,0,1,1.2,2.5,0.8,50,0,2,0.5,4,1,5,0.5,
1038,BTCUSD,55,7,5,1.5,0,3,0,0.5,1,8,1.5,1,1.5,1.5,3,0.6,60,1,2,0.75,4,1,5,0.5,
1039,BTCUSD,75,8,3,1,1,4,0,0.3,2,10,1.5,0,2,1.2,2,1,40,0,2,0.5,8,1,5,0.5,
1040,BTCUSD,45,9,4,1,0,3,0,0.4,1,12,1.5,1,1,1.5,2,0.8,50,1,2,0.75,8,1,5,0.5,
1041,BTCUSD,65,6,5,2,1,4,0,0.4,2,6,2,0,1,1.2,2.5,1,60,0,2,0.5,6,1,5,0.5,
1042,BTCUSD,35,7,3,2,0,3,0,0.5,1,8,2,1,1.5,1.5,3,0.8,40,1,2,0.75,6,1,5,0.5,
1043,BTCUSD,55,8,4,1.5,1,4,0,0.3,2,10,2,0,2,1.2,2,0.6,50,0,2,0.5,4,1,5,0.5,
1044,BTCUSD,75,9,5,1.5,0,3,0,0.3,1,12,1,1,1,1.5,2.5,0.8,60,1,1,0.75,8,1,5,0.5,
1045,BTCUSD,45,6,3,1.5,1,4,0,0.4,2,6,1,0,1.5,1.2,3,0.6,40,0,1,0.5,8,1,5,0.5,
1046,BTCUSD,65,7,4,1,0,3,0,0.5,1,8,1.5,1,2,1.5,2,1,50,1,1,0.75,6,1,5,0.5,
1047,BTCUSD,35,8,5,1,1,4,0,0.5,2,10,1.5,0,1,1.2,2.5,0.8,60,0,1,0.5,6,1,5,0.5,
1048,BTCUSD,55,9,3,2,0,3,0,0.3,1,12,1.5,1,1.5,1.5,3,1,40,1,1,0.75,4,1,5,0.5,
1049,BTCUSD,75,6,4,2,1,4,0,0.4,2,6,2,0,2,1.2,2,0.8,50,0,1,0.5,4,1,5,0.5,
1050,BTCUSD,45,7,5,2,0,3,0,0.4,1,8,2,1,1,1.5,2,0.6,60,1,1,0.75,8,1,5,0.5,
1051,BTCUSD,65,8,3,1.5,1,4,0,0.5,2,10,2,0,1,1.2,2.5,0.8,40,0,1,0.5,8,1,5,0.5,
1052,BTCUSD,35,9,4,1.5,0,3,0,0.3,1,12,1,1,1.5,1.5,3,0.6,50,1,1,0.75,6,1,5,0.5,
1053,BTCUSD,45,6,5,1,1,4,0,0.4,2,6,1,0,2,1.2,2,1,60,0,1,0.5,6,1,5,0.5,
1054,BTCUSD,65,7,3,1,0,3,0,0.4,1,8,1,1,1,1,2.5,0.6,40,1,1,0.75,4,1,5,0.5,
1055,BTCUSD,35,8,4,2,1,4,0,0.5,2,10,1.5,0,1.5,1.2,3,1,50,0,1,0.5,8,1,5,0.5,
1056,BTCUSD,55,9,5,2,0,3,0,0.3,1,12,1.5,1,2,1,2,0.8,60,1,1,0.75,8,1,5,0.5,
1057,BTCUSD,75,6,4,2,1,4,0,0.3,2,6,1.5,0,1,1.2,2.5,0.6,40,0,0,0.5,6,1,5,0.5,
1058,BTCUSD,45,7,5,1.5,0,3,0,0.4,1,8,2,1,1.5,1,3,0.8,50,1,0,0.75,6,1,5,0.5,
1059,BTCUSD,65,8,3,1.5,1,4,0,0.5,2,10,2,0,2,1.2,2,0.6,60,0,0,0.5,4,1,5,0.5,
1060,BTCUSD,35,9,4,1,0,3,0,0.5,1,12,2,1,1,1,2.5,1,60,1,0,0.75,4,1,5,0.5,
1061,BTCUSD,55,6,5,1,1,4,0,0.3,2,6,1,0,1,1.2,2.5,0.6,40,0,0,0.5,8,1,5,0.5,
1062,BTCUSD,75,7,3,1,0,3,0,0.4,1,8,1,1,1.5,1,3,1,50,1,0,0.75,8,1,5,0.5,
1063,BTCUSD,45,8,4,2,1,4,0,0.4,2,10,1,0,2,1.2,2,0.8,60,0,0,0.5,6,1,5,0.5,
1064,BTCUSD,65,9,5,2,0,3,0,0.5,1,12,1.5,1,1,1,2.5,1,40,1,0,0.75,6,1,5,0.5,
1065,BTCUSD,35,6,3,1.5,1,4,0,0.3,2,6,1.5,0,1.5,1.2,3,0.8,50,0,0,0.5,4,1,5,0.5,
1066,BTCUSD,55,7,4,1.5,0,3,0,0.4,1,8,1.5,1,2,1,2,0.6,60,1,0,0.75,8,1,5,0.5,
1067,BTCUSD,75,8,5,1.5,1,2,0,0.4,2,10,2,0,1,1.2,2.5,1,40,0,0,0.5,8,1,5,0.5,
1068,BTCUSD,45,9,3,1,0,3,0,0.5,1,12,2,1,1.5,1,3,0.6,50,1,0,0.75,6,1,5,0.5,
1069,BTCUSD,65,6,4,1,1,2,0,0.3,2,6,1,0,2,1.2,2,1,60,0,2,0.5,6,1,5,0.5,
1070,BTCUSD,35,7,5,2,0,3,0,0.3,1,8,1,1,1,1,2.5,0.8,40,1,2,0.75,4,1,5,0.5,
1071,BTCUSD,55,8,3,2,1,2,0,0.4,2,10,1,0,1,1.2,2.5,1,50,0,2,0.5,4,1,5,0.5,
1072,BTCUSD,75,9,4,1.5,0,3,0,0.5,1,12,1.5,1,1.5,1,3,0.8,60,1,2,0.75,8,1,5,0.5,
1073,BTCUSD,45,6,5,1.5,1,2,0,0.5,2,6,1.5,0,2,1.2,2,0.6,40,0,2,0.5,8,1,5,0.5,
1074,BTCUSD,65,7,3,1.5,0,3,0,0.3,1,8,1.5,1,1,1,2.5,1,50,1,2,0.75,6,1,5,0.5,
1075,BTCUSD,35,8,4,1,1,2,0,0.4,2,10,2,0,1.5,1.2,3,0.6,60,0,2,0.5,6,1,5,0.5,
1076,BTCUSD,55,9,5,1,0,3,0,0.4,1,12,2,1,2,1,2,1,40,1,2,0.75,4,1,5,0.5,
1077,BTCUSD,75,6,3,2,1,2,0,0.5,2,6,2,0,1,1.2,2.5,0.8,50,0,2,0.5,8,1,5,0.5,
1078,BTCUSD,45,7,5,2,0,3,0,0.3,1,8,1,1,1.5,1,3,1,60,1,2,0.75,8,1,5,0.5,
1079,BTCUSD,65,8,3,2,1,2,0,0.4,2,10,1,0,2,1.2,2,0.8,40,0,2,0.5,6,1,5,0.5,
1080,BTCUSD,35,9,4,1.5,0,3,0,0.4,1,12,1,1,1,1,2.5,0.6,50,1,2,0.75,6,1,5,0.5,
1081,BTCUSD,55,6,5,1.5,1,2,0,0.5,2,6,1.5,0,1,1.2,2.5,0.8,60,0,2,0.5,4,1,5,0.5,
1082,BTCUSD,75,7,3,1,0,3,0,0.3,1,8,1.5,1,1.5,1,3,0.6,40,1,1,0.75,4,1,5,0.5,
1083,BTCUSD,45,8,4,1,1,2,0,0.3,2,10,1.5,0,2,1.2,2,1,50,0,1,0.5,8,1,5,0.5,
1084,BTCUSD,65,9,5,2,0,3,0,0.4,1,12,2,1,1,1,2.5,0.8,60,1,1,0.75,8,1,5,0.5,
1085,BTCUSD,35,6,3,2,1,2,0,0.5,2,6,2,0,1.5,1.2,3,1,40,0,1,0.5,6,1,5,0.5,
1086,BTCUSD,55,7,4,2,0,3,0,0.5,1,8,2,1,2,1,2,0.8,50,1,1,0.75,6,1,5,0.5,
1087,BTCUSD,75,8,5,1.5,1,2,0,0.3,2,10,1,0,1,1.2,2.5,0.6,60,0,1,0.5,4,1,5,0.5,
1088,BTCUSD,45,9,3,1.5,0,3,0,0.4,1,12,1,1,1.5,1,3,0.8,40,1,1,0.75,8,1,5,0.5,
1089,BTCUSD,65,6,4,1,1,2,0,0.4,2,6,1.5,0,2,1.2,2,0.6,50,0,1,0.5,8,1,5,0.5,
1090,BTCUSD,35,7,5,1,0,3,0,0.5,1,8,1.5,1,1,1,2.5,1,60,1,1,0.75,6,1,5,0.5,
1091,BTCUSD,55,8,3,1,1,2,0,0.3,2,10,1.5,0,1,1.2,3,0.8,40,0,1,0.5,6,1,5,0.5,
1092,BTCUSD,75,9,4,2,0,3,0,0.4,1,12,2,1,1.5,1,3,1,40,1,1,0.75,4,1,5,0.5,
1093,BTCUSD,45,6,5,2,1,2,0,0.4,2,6,2,0,2,1.2,2,0.8,50,0,1,0.5,4,1,5,0.5,
1094,BTCUSD,65,7,3,1.5,0,4,0,0.5,1,8,2,1,1,1,2.5,0.6,60,1,1,0.75,8,1,5,0.5,
1095,BTCUSD,35,8,4,1.5,1,2,0,0.3,2,10,1,0,1.5,1.2,3,0.8,40,0,0,0.5,8,1,5,0.5,
1096,BTCUSD,55,9,5,1.5,0,4,0,0.3,1,12,1,1,2,1,2,0.6,50,1,0,0.75,6,1,5,0.5,
1097,BTCUSD,75,6,3,1,1,2,0,0.4,2,6,1,0,1,1.2,2.5,1,60,0,0,0.5,6,1,5,0.5,
1098,BTCUSD,45,7,5,1,0,4,0,0.5,1,8,1.5,1,1.5,1,3,0.6,40,1,0,0.75,4,1,5,0.5,
1099,BTCUSD,55,8,3,2,1,2,0,0.5,2,10,1.5,0,2,1.5,2,1,50,0,0,0.5,8,1,5,0.5,
1100,BTCUSD,75,9,4,2,0,4,0,0.3,1,12,1.5,1,1,1,2.5,0.8,60,1,0,0.75,8,1,5,0.5,
1101,BTCUSD,45,6,5,1.5,1,2,0,0.4,2,6,2,0,1,1.5,3,0.6,40,0,0,0.5,6,1,5,0.5,
1102,BTCUSD,65,7,3,1.5,0,4,0,0.4,1,8,2,1,1.5,1,3,0.8,50,1,0,0.75,6,1,5,0.5,
1103,BTCUSD,35,8,4,1.5,1,2,0,0.5,2,10,2,0,2,1.5,2,0.6,60,0,0,0.5,4,1,5,0.5,
1104,BTCUSD,55,9,5,1,0,4,0,0.3,1,12,1,1,1,1,2.5,1,40,1,0,0.75,4,1,5,0.5,
1105,BTCUSD,75,6,3,1,1,2,0,0.4,2,6,1,0,1.5,1.5,3,0.6,50,0,0,0.5,8,1,5,0.5,
1106,BTCUSD,45,7,4,2,0,4,0,0.4,1,8,1,1,2,1,2,1,60,1,0,0.75,8,1,5,0.5,
1107,BTCUSD,65,8,5,2,1,2,0,0.5,2,10,1.5,0,1,1.5,2.5,0.8,40,0,0,0.5,6,1,5,0.5,
1108,BTCUSD,35,9,3,2,0,4,0,0.3,1,12,1.5,1,1.5,1,3,1,50,1,2,0.75,6,1,5,0.5,
1109,BTCUSD,55,6,4,1.5,1,2,0,0.3,2,6,1.5,0,2,1.5,2,0.8,60,0,2,0.5,4,1,5,0.5,
1110,BTCUSD,75,7,5,1.5,0,4,0,0.4,1,8,2,1,2,1,2.5,0.6,40,1,2,0.75,8,1,5,0.5,
1111,BTCUSD,45,8,3,1,1,2,0,0.5,2,10,2,0,1,1.5,3,1,50,0,2,0.5,8,1,5,0.5,
1112,BTCUSD,65,9,4,1,0,4,0,0.5,1,12,1,1,1.5,1,2,0.6,60,1,2,0.75,6,1,5,0.5,
1113,BTCUSD,35,6,5,2,1,2,0,0.3,2,6,1,0,2,1.5,2,1,40,0,2,0.5,6,1,5,0.5,
1114,BTCUSD,55,7,3,2,0,4,0,0.4,1,8,1,1,1,1,2.5,0.8,50,1,2,0.75,4,1,5,0.5,
1115,BTCUSD,75,8,4,2,1,2,0,0.4,2,10,1.5,0,1.5,1.5,3,1,60,0,2,0.5,4,1,5,0.5,
1116,BTCUSD,45,9,5,1.5,0,4,0,0.5,1,12,1.5,1,2,1,2,0.8,40,1,2,0.75,8,1,5,0.5,
1117,BTCUSD,65,6,3,1.5,1,2,0,0.3,2,6,1.5,0,1,1.5,2.5,0.6,50,0,2,0.5,8,1,5,0.5,
1118,BTCUSD,35,7,4,1,0,4,0,0.3,1,8,2,1,1.5,1,3,1,60,1,2,0.75,6,1,5,0.5,
1119,BTCUSD,55,8,3,1,1,2,0,0.4,2,10,2,0,2,1.5,2,0.6,40,0,2,0.5,6,1,5,0.5,
1120,BTCUSD,75,9,4,1,0,4,0,0.5,1,12,2,1,2,1,2.5,1,50,1,2,0.75,4,1,5,0.5,
1121,BTCUSD,45,6,5,2,1,2,0,0.3,2,6,1,0,1,1.5,3,0.8,60,0,1,0.5,8,1,5,0.5,
1122,BTCUSD,65,7,3,2,0,4,0,0.3,1,8,1,1,1.5,1,2,1,40,1,1,0.75,8,1,5,0.5,
1123,BTCUSD,35,8,4,1.5,1,3,0,0.4,2,10,1,0,2,1.5,2,0.8,50,0,1,0.5,6,1,5,0.5,
1124,BTCUSD,55,9,5,1.5,0,4,0,0.5,1,12,1.5,1,1,1,2.5,0.6,50,1,1,0.75,6,1,5,0.5,
1125,BTCUSD,75,6,3,1.5,1,3,0,0.5,2,6,1.5,0,1.5,1.5,3,0.8,60,0,1,0.5,4,1,5,0.5,
1126,BTCUSD,45,7,4,1,0,4,0,0.3,1,8,1.5,1,2,1,2,0.6,40,1,1,0.75,4,1,5,0.5,
1127,BTCUSD,65,8,5,1,1,3,0,0.4,2,10,2,0,1,1.5,2.5,1,50,0,1,0.5,8,1,5,0.5,
1128,BTCUSD,35,9,3,2,0,4,0,0.4,1,12,2,1,1.5,1,3,0.8,60,1,1,0.75,8,1,5,0.5,
1129,BTCUSD,55,6,4,2,1,3,0,0.5,2,6,2,0,2,1.5,2,1,40,0,1,0.5,6,1,5,0.5,
1130,BTCUSD,75,7,5,1.5,0,4,0,0.3,1,8,1,1,2,1,2.5,0.8,50,1,1,0.75,6,1,5,0.5,
1131,BTCUSD,45,8,3,1.5,1,3,0,0.3,2,10,1,0,1,1.5,3,0.6,60,0,1,0.5,4,1,5,0.5,
1132,BTCUSD,65,9,4,1.5,0,4,0,0.4,1,12,1.5,1,1.5,1,2,0.8,40,1,1,0.75,4,1,5,0.5,
1133,BTCUSD,35,6,5,1,1,3,0,0.5,2,6,1.5,0,2,1.5,2,0.6,50,0,0,0.5,8,1,5,0.5,
1134,BTCUSD,55,7,3,1,0,4,0,0.3,1,8,1.5,1,1,1,2.5,1,60,1,0,0.75,6,1,5,0.5,
1135,BTCUSD,75,8,4,2,1,3,0,0.3,2,10,2,0,1.5,1.5,3,0.6,40,0,0,0.5,6,1,5,0.5,
1136,BTCUSD,45,9,5,2,0,4,0,0.4,1,12,2,1,2,1,2,1,50,1,0,0.75,4,1,5,0.5,
1137,BTCUSD,65,6,3,2,1,3,0,0.5,2,6,2,0,1,1.5,2.5,0.8,60,0,0,0.5,4,1,5,0.5,
1138,BTCUSD,35,7,4,1.5,0,4,0,0.5,1,8,1,1,1.5,1,3,0.6,40,1,0,0.75,8,1,5,0.5,
1139,BTCUSD,55,8,3,1.5,1,3,0,0.3,2,10,1,0,2,1.5,2,0.8,50,0,0,0.5,8,1,5,0.5,
1140,BTCUSD,75,9,4,1,0,4,0,0.4,1,12,1,1,2,1,2.5,0.6,60,1,0,0.75,6,1,5,0.5,
1141,BTCUSD,45,6,5,1,1,3,0,0.4,2,6,1.5,0,1,1.5,3,1,40,0,0,0.5,6,1,5,0.5,
1142,BTCUSD,65,7,3,2,0,4,0,0.5,1,8,1.5,1,1.5,1.2,2,0.6,50,1,0,0.75,4,1,5,0.5,
1143,BTCUSD,35,8,4,2,1,3,0,0.3,2,10,1.5,0,2,1.5,2.5,1,60,0,0,0.5,4,1,5,0.5,
1144,BTCUSD,55,9,5,2,0,4,0,0.3,1,12,2,1,1,1.2,2.5,0.8,40,1,0,0.75,8,1,5,0.5,
1145,BTCUSD,65,6,3,1.5,1,3,0,0.4,2,6,2,0,1.5,1.5,3,0.6,50,0,0,0.5,6,1,5,0.5,
1146,BTCUSD,35,7,4,1.5,0,4,0,0.5,1,8,2,1,2,1.2,2,0.8,60,1,2,0.75,6,1,5,0.5,
1147,BTCUSD,55,8,5,1,1,3,0,0.3,2,10,1,0,1,1.5,2.5,0.6,40,0,2,0.5,4,1,5,0.5,
1148,BTCUSD,75,9,3,1,0,4,0,0.3,1,12,1,1,1.5,1.2,3,1,50,1,2,0.75,4,1,5,0.5,
1149,BTCUSD,45,6,4,1,1,3,0,0.4,2,6,1,0,2,1.5,2,0.6,60,0,2,0.5,8,1,5,0.5,
1150,BTCUSD,65,7,5,2,0,4,0,0.5,1,8,1.5,1,2,1.2,2.5,1,40,1,2,0.75,8,1,5,0.5,
1151,BTCUSD,35,8,3,2,1,3,0,0.5,2,10,1.5,0,1,1.5,3,0.8,50,0,2,0.5,6,1,5,0.5,
1152,BTCUSD,55,9,4,1.5,0,2,0,0.3,1,12,1.5,1,1.5,1.2,2,1,60,1,2,0.75,6,1,5,0.5,
1153,BTCUSD,75,6,5,1.5,1,3,0,0.4,2,6,2,0,2,1.5,2.5,0.8,40,0,2,0.5,4,1,5,0.5,
1154,BTCUSD,45,7,3,1.5,0,2,0,0.4,1,8,2,1,1,1.2,2.5,0.6,50,1,2,0.75,4,1,5,0.5,
1155,BTCUSD,65,8,4,1,1,3,0,0.5,2,10,1,0,1.5,1.5,3,1,50,0,2,0.5,8,1,5,0.5,
1156,BTCUSD,35,9,5,1,0,2,0,0.3,1,12,1,1,2,1.2,2,0.6,60,1,2,0.75,6,1,5,0.5,
1157,BTCUSD,55,6,3,2,1,3,0,0.3,2,6,1,0,1,1.5,2.5,1,40,0,2,0.5,6,1,5,0.5,
1158,BTCUSD,75,7,4,2,0,2,0,0.4,1,8,1.5,1,1.5,1.2,3,0.8,50,1,2,0.75,4,1,5,0.5,
1159,BTCUSD,45,8,5,1.5,1,3,0,0.5,2,10,1.5,0,2,1.5,2,1,60,0,1,0.5,4,1,5,0.5,
1160,BTCUSD,65,9,4,1.5,0,2,0,0.3,1,12,1.5,1,2,1.2,2.5,0.8,40,1,1,0.75,8,1,5,0.5,
1161,BTCUSD,35,6,5,1.5,1,3,0,0.3,2,6,2,0,1,1.5,3,0.6,50,0,1,0.5,8,1,5,0.5,
1162,BTCUSD,55,7,3,1,0,2,0,0.4,1,8,2,1,1.5,1.2,2,1,60,1,1,0.75,6,1,5,0.5,
1163,BTCUSD,75,8,4,1,1,3,0,0.5,2,10,2,0,2,1.5,2.5,0.6,40,0,1,0.5,6,1,5,0.5,
1164,BTCUSD,45,9,5,2,0,2,0,0.5,1,12,1,1,1,1.2,2.5,1,50,1,1,0.75,4,1,5,0.5,
1165,BTCUSD,65,6,3,2,1,3,0,0.3,2,6,1,0,1.5,1.5,3,0.8,60,0,1,0.5,4,1,5,0.5,
1166,BTCUSD,35,7,4,2,0,2,0,0.4,1,8,1,1,2,1.2,2,1,40,1,1,0.75,8,1,5,0.5,
1167,BTCUSD,55,8,5,1.5,1,3,0,0.4,2,10,1.5,0,1,1.5,2.5,0.8,50,0,1,0.5,6,1,5,0.5,
1168,BTCUSD,75,9,3,1.5,0,2,0,0.5,1,12,1.5,1,1.5,1.2,3,0.6,60,1,1,0.75,6,1,5,0.5,
1169,BTCUSD,45,6,4,1,1,3,0,0.3,2,6,1.5,0,2,1.5,2,0.8,40,0,1,0.5,4,1,5,0.5,
1170,BTCUSD,65,7,5,1,0,2,0,0.3,1,8,2,1,2,1.2,2.5,0.6,50,1,1,0.75,4,1,5,0.5,
1171,BTCUSD,35,8,3,1,1,3,0,0.4,2,10,2,0,1,1.5,3,1,60,0,1,0.5,8,1,5,0.5,
1172,BTCUSD,55,9,4,2,0,2,0,0.5,1,12,2,1,1.5,1.2,2,0.8,40,1,0,0.75,8,1,5,0.5,
1173,BTCUSD,75,6,5,2,1,3,0,0.3,2,6,1,0,2,1.5,2.5,1,50,0,0,0.5,6,1,5,0.5,
1174,BTCUSD,45,7,3,1.5,0,2,0,0.3,1,8,1,1,1,1.2,3,0.8,60,1,0,0.75,6,1,5,0.5,
1175,BTCUSD,65,8,4,1.5,1,3,0,0.4,2,10,1.5,0,1.5,1.5,3,0.6,40,0,0,0.5,4,1,5,0.5,
1176,BTCUSD,35,9,5,1,0,2,0,0.5,1,12,1.5,1,2,1.2,2,0.8,50,1,0,0.75,4,1,5,0.5,
1177,BTCUSD,55,6,3,1,1,3,0,0.5,2,6,1.5,0,1,1.5,2.5,0.6,60,0,0,0.5,8,1,5,0.5,
1178,BTCUSD,75,7,4,1,0,2,0,0.3,1,8,2,1,1.5,1.2,3,1,40,1,0,0.75,6,1,5,0.5,
1179,BTCUSD,45,8,5,2,1,3,0,0.4,2,10,2,0,2,1.5,2,0.6,50,0,0,0.5,6,1,5,0.5,
1180,BTCUSD,65,9,4,2,0,2,0,0.4,1,12,2,1,2,1.2,2.5,1,60,1,0,0.75,4,1,5,0.5,
1181,BTCUSD,35,6,5,1.5,1,4,0,0.5,2,6,1,0,1,1.5,3,0.8,40,0,0,0.5,4,1,5,0.5,
1182,BTCUSD,55,7,3,1.5,0,2,0,0.3,1,8,1,1,1.5,1.2,2,0.6,50,1,0,0.75,8,1,5,0.5,
1183,BTCUSD,75,8,4,1.5,1,4,0,0.3,2,10,1,0,2,1.5,2.5,0.8,60,0,0,0.5,8,1,5,0.5,
1184,BTCUSD,45,9,5,1,0,2,0,0.4,1,12,1.5,1,1,1.2,3,0.6,40,1,2,0.75,6,1,5,0.5,
1185,BTCUSD,65,6,3,1,1,4,0,0.5,2,6,1.5,0,1.5,1,3,1,50,0,2,0.5,6,1,5,0.5,
1186,BTCUSD,35,7,4,2,0,2,0,0.3,1,8,1.5,1,2,1.2,2,0.6,60,1,2,0.75,4,1,5,0.5,
1187,BTCUSD,55,8,5,2,1,4,0,0.3,2,10,2,0,1,1,2.5,1,60,0,2,0.5,4,1,5,0.5,
1188,BTCUSD,75,9,3,1.5,0,2,0,0.4,1,12,2,1,1.5,1.2,3,0.8,40,1,2,0.75,8,1,5,0.5,
1189,BTCUSD,45,6,4,1.5,1,4,0,0.5,2,6,2,0,2,1,2,0.6,50,0,2,0.5,6,1,5,0.5,
1190,BTCUSD,65,7,5,1.5,0,2,0,0.5,1,8,1,1,2,1.2,2.5,0.8,60,1,2,0.75,6,1,5,0.5,
1191,BTCUSD,75,8,3,1,1,4,0,0.3,2,10,1,0,1,1,3,0.6,40,0,2,0.5,4,1,5,0.5,
1192,BTCUSD,45,9,4,1,0,2,0,0.4,1,12,1,1,1.5,1.2,2,1,50,1,2,0.75,4,1,5,0.5,
1193,BTCUSD,65,6,5,2,1,4,0,0.4,2,6,1.5,0,2,1,2.5,0.6,60,0,2,0.5,8,1,5,0.5,
1194,BTCUSD,35,7,3,2,0,2,0,0.5,1,8,1.5,1,1,1.2,3,1,40,1,2,0.75,8,1,5,0.5,
1195,BTCUSD,55,8,4,2,1,4,0,0.3,2,10,2,0,1.5,1,3,0.8,50,0,2,0.5,6,1,5,0.5,
1196,BTCUSD,75,9,5,1.5,0,2,0,0.3,1,12,2,1,2,1.2,2,1,60,1,2,0.75,6,1,5,0.5,
1197,BTCUSD,45,6,3,1.5,1,4,0,0.4,2,6,2,0,1,1,2.5,0.8,40,0,1,0.5,4,1,5,0.5,
1198,BTCUSD,65,7,4,1,0,2,0,0.5,1,8,1,1,1.5,1.2,3,0.6,50,1,1,0.75,4,1,5,0.5,
1199,BTCUSD,35,8,5,1,1,4,0,0.3,2,10,1,0,2,1,2,1,60,0,1,0.5,8,1,5,0.5,