Pass,Result,Profit,Expected Payoff,Profit Factor,Recovery Factor,Sharpe Ratio,Custom,Equity DD %,Trades,in_allow_single_entry,in_anchor_tf,in_swing_bars,in_fvg_min_atr_factor,in_sl_mode,in_sl_atr_factor_from_entry,in_sl_padding_atr_factor,in_trailing_stop_atr_factor
1309,66.45,1237.57,2.891519,3.048991,2.641897,3.411558,0,41.3871,428,true,6,116,0.4,1,2,0.9,1.5
1084,64.67,1177.65,2.670408,2.84192,2.513983,3.139588,0,42.2182,441,true,6,116,0.4,1,2.2,0.8,3.6
958,64.67,1177.54,2.670159,2.841748,2.513748,3.139415,0,42.2182,441,true,6,116,0.4,1,2.2,0.8,3.7
1668,64.66,1176.45,2.667687,2.840043,2.511421,3.141038,0,42.2182,441,true,6,116,0.4,1,2.2,0.8,1.7
1478,64.66,1175.92,2.666485,2.839214,2.510289,3.140001,0,42.2182,441,true,6,116,0.4,1,2.2,0.8,2
783,64.65,1175.69,2.665964,2.838854,2.509798,3.139588,0,42.2182,441,true,6,116,0.4,1,2.2,0.8,2.1
1507,64.65,1175.66,2.665896,2.838808,2.509734,3.139541,0,42.2182,441,true,6,116,0.4,1,2.2,0.8,2.2
594,64.65,1175.06,2.664535,2.837869,2.508454,3.137782,0,42.2182,441,true,6,116,0.4,1,2.2,0.8,2.9
1332,65.28,1157.43,2.642534,2.726657,2.470818,2.967527,0,42.5224,438,true,6,116,0.4,1,3.4,0.8,1.6
1299,63.97,1108.88,2.531689,2.648108,2.367176,2.973671,0,42.2639,438,true,6,116,0.4,1,3.4,0.7,2.4
2014,67.73,1084.33,2.151448,2.821301,2.984833,4.507343,0,32.1336,504,true,5,110,0.3,1,2,0.9,2.6
1681,62.02,1068.8,2.412641,2.731271,2.281616,3.392624,0,40.88,443,true,6,116,0.4,1,2.2,0.3,3.5
1498,61.99,1067.07,2.408736,2.728468,2.277922,3.392886,0,40.88,443,true,6,116,0.4,1,2.2,0.3,1.9
1227,61.98,1066.47,2.407381,2.727497,2.276642,3.39088,0,40.88,443,true,6,116,0.4,1,2.2,0.3,2.6
1985,77.32,1057.57,3.572872,2.675146,2.514193,4.392502,0,34.2555,296,true,10,96,0.3,0,2.8,1,3.7
1651,61.46,1043.39,2.355282,2.625877,2.227372,3.209251,0,41.3645,443,true,6,116,0.4,1,2,0.5,4
1641,61.34,1037.66,2.342348,2.602638,2.21514,3.19882,0,41.309,443,true,6,116,0.4,1,2.6,0.4,4
1834,75.68,1029.54,3.289265,2.526783,2.447556,4.251536,0,34.539,313,true,10,94,0.3,0,2.8,0.9,2.6
1676,75.91,1028.33,3.285399,2.507219,2.44468,4.22181,0,34.6345,313,true,10,94,0.3,0,2.8,1,3.7
1898,75.9,1027.59,3.283035,2.506134,2.44292,4.219891,0,34.6345,313,true,10,94,0.3,0,2.8,1,3.8
1621,74.74,1024.84,2.100082,2.618714,3.350026,3.887423,0,29.9552,488,true,5,104,0.3,1,4,0.7,2
1872,75.62,1024.73,3.273898,2.519649,2.436121,4.23901,0,34.539,313,true,10,94,0.3,0,2.8,0.9,3.3
1258,74.74,1023.28,2.096885,2.61625,3.344927,3.882872,0,29.9552,488,true,5,104,0.3,1,4,0.7,3.1
704,75.55,1019.72,3.257891,2.51222,2.424211,4.227537,0,34.539,313,true,10,94,0.3,0,2.8,0.9,1.7
870,64.78,1010.47,1.675738,2.635673,3.303053,5.171107,0,29.1725,603,true,5,104,0.3,1,1,1,1.7
1316,64.77,1009.49,1.674113,2.634087,3.29985,5.16764,0,29.1725,603,true,5,104,0.3,1,1,1,2.2
1679,64.77,1007.27,1.670431,2.630494,3.292593,5.159949,0,29.1725,603,true,5,104,0.3,1,1,1,3.3
1517,64.77,1006.15,1.668574,2.628681,3.288932,5.154179,0,29.1725,603,true,5,104,0.3,1,1,1,3.8
1320,57.36,1005.47,1.998946,2.151174,2.062249,2.43174,0,43.612,503,true,6,118,0.4,1,2.2,0.8,2.1
1595,72.99,963.91,3.079585,2.428989,2.291532,4.161303,0,34.3568,313,true,10,94,0.3,0,3,0.7,2.9
1700,79.16,948.73,3.593674,3.288412,2.756654,5.02709,0,33.2773,264,true,10,92,0.4,0,2,0.3,4
688,79.24,946.38,3.755476,3.228402,2.749826,4.666553,0,33.3495,252,true,10,92,0.4,0,2,0.8,2.3
2159,79.17,946.34,3.815887,3.163557,2.749709,4.578565,0,33.5759,248,true,10,94,0.4,0,1.6,1,3.8
1925,79.11,939.91,3.78996,3.163448,2.731026,4.575447,0,33.5203,248,true,10,94,0.4,0,1.6,0.9,2.9
1775,79.11,939.91,3.78996,3.163448,2.731026,4.575447,0,33.5203,248,true,10,94,0.4,0,1.6,0.9,2.8
151,79.11,939.91,3.78996,3.163448,2.731026,4.575447,0,33.5203,248,true,10,94,0.4,0,3.4,0.9,2.8
2115,79.1,939.07,3.786573,3.161515,2.728586,4.572767,0,33.5203,248,true,10,94,0.4,0,1.8,0.9,3
2072,79.18,938.26,3.723254,3.209282,2.726232,4.639632,0,33.3495,252,true,10,92,0.4,0,2,0.8,3.6
1374,79.16,936.56,3.716508,3.205279,2.721292,4.634169,0,33.3495,252,true,10,92,0.4,0,2,0.8,3.8
1896,79.08,936.55,3.776411,3.155714,2.721263,4.564699,0,33.5203,248,true,10,94,0.4,0,1.6,0.9,3.6
2048,79.07,935.15,3.770766,3.152492,2.717195,4.560199,0,33.5203,248,true,10,94,0.4,0,3.4,0.9,3.8
1931,74.47,925.11,3.376314,2.582521,2.199292,3.515093,0,37.8307,274,true,10,90,0.3,0,1,0.8,3.3
1627,74.36,920.7,3.360219,2.574977,2.188808,3.505607,0,37.8307,274,true,10,90,0.3,0,1,0.8,1.7
1323,79.41,917.94,4.008472,3.359561,2.824083,4.721281,0,32.2416,229,true,10,86,0.4,0,2.8,1,2.1
1608,79.41,917.53,4.006681,3.358507,2.822822,4.71991,0,32.2416,229,true,10,86,0.4,0,1.2,1,2.2
490,79.41,917.31,4.005721,3.357942,2.822145,4.719173,0,32.2416,229,true,10,86,0.4,0,2.8,1,2.3
1259,79.4,915.8,3.999127,3.35406,2.817499,4.713088,0,32.2416,229,true,10,86,0.4,0,2.8,1,2.9
1955,79.39,913.8,3.990393,3.348919,2.811346,4.70638,0,32.2416,229,true,10,86,0.4,0,2.8,1,3.5
1348,55.16,912.85,1.807624,2.093312,1.872282,2.695299,0,42.217,505,true,6,118,0.4,1,2.2,0.3,2.6
1669,79.38,912.4,3.984279,3.34532,2.807039,4.701669,0,32.2416,229,true,10,86,0.4,0,2.8,1,3.8
1147,79.37,911.73,3.981354,3.343598,2.804978,4.703193,0,32.2416,229,true,10,86,0.4,0,2.8,1,1.5
1038,64.27,911.19,1.462584,2.428399,2.978524,5.130116,0,29.0244,623,true,5,104,0.3,1,1,0.5,3
2127,79.32,906.08,3.956681,3.342805,2.787595,4.706861,0,32.1558,229,true,10,86,0.4,0,1.2,0.9,2.1
1708,79.28,899.94,3.929869,3.32693,2.768705,4.684959,0,32.1558,229,true,10,86,0.4,0,1.2,0.9,4
1760,78.13,894.8,3.389394,2.988533,2.599954,4.827835,0,33.1019,264,true,10,94,0.4,1,2.8,0.7,2
2128,55.28,893.27,1.808239,2.02826,1.677565,3.101592,0,28.3168,494,true,5,120,0.3,1,4,0.7,3.1
812,72.87,892.21,3.256241,2.514454,2.121077,3.474901,0,37.7205,274,true,10,90,0.3,0,2,0.7,2.1
2165,55.21,891.44,1.804534,2.026153,1.674129,3.093824,0,28.3444,494,true,5,120,0.3,1,4,0.7,3.5
1549,64.74,890.61,2.658537,2.300426,2.117274,4.063842,0,34.8183,335,true,10,94,0.3,0,2.8,0.2,2.3
1712,72.79,889.57,3.246606,2.509972,2.114801,3.467967,0,37.7205,274,true,10,90,0.3,0,4,0.7,2.6
782,78.44,887.3,3.507115,2.976962,2.578161,4.538526,0,33.4136,253,true,10,94,0.4,0,3.4,0.7,2.2
1913,77.06,884.04,3.26214,2.993506,2.568689,5.036226,0,33.1727,271,true,10,94,0.4,1,2.6,0.4,4
1772,64.59,881.12,1.532383,2.281089,2.88023,4.2463,0,31.5173,575,true,5,104,0.3,1,2,0.6,2.9
1782,64.43,879.46,2.625254,2.284146,2.090766,4.031995,0,34.8183,335,true,10,94,0.3,0,2.8,0.2,1.6
1594,78.34,879.14,3.474862,2.958781,2.554451,4.512935,0,33.4136,253,true,10,94,0.4,0,3.4,0.7,1.5
398,65.95,873.95,2.75694,2.339715,2.077667,3.487995,0,37.887,317,true,10,92,0.3,1,2.2,0.9,2.7
1826,79.01,872.7,3.810917,3.231342,2.6849,4.632651,0,32.0771,229,true,10,86,0.4,0,2.8,0.8,2.5
1879,79,871.3,3.804803,3.227762,2.680593,4.627686,0,32.0771,229,true,10,86,0.4,0,1.4,0.8,2.8
2089,78.99,869.7,3.797817,3.223671,2.675671,4.62208,0,32.0771,229,true,10,86,0.4,0,1.4,0.8,3.3
1858,78.98,868.9,3.794323,3.221626,2.673209,4.61927,0,32.0771,229,true,10,86,0.4,0,1.4,0.8,3.6
1926,78.68,868.01,3.662489,3.274898,2.670471,5.027121,0,31.8739,237,true,10,86,0.4,0,1.4,0.3,2.9
1698,78.96,867.08,3.786376,3.216972,2.66761,4.61522,0,32.0771,229,true,10,86,0.4,0,1.2,0.8,1.7
2019,79.39,865.42,3.779127,3.338341,2.82891,5.032245,0,30.379,229,true,10,84,0.4,0,3.6,0.3,2.4
1532,65.67,864.95,2.728549,2.325919,2.056271,3.46452,0,37.887,317,true,10,92,0.3,1,2.2,0.9,3.8
1953,78.57,864.13,3.646118,3.306315,2.658534,5.065415,0,31.771,237,true,10,86,0.4,0,2.8,0.2,3.3
933,44.4,859.44,0.390832,1.469475,1.845321,4.507272,0,41.8135,2199,true,1,116,0.9,0,2,0.7,2.7
1751,78.57,856.83,3.615316,3.190597,2.636076,4.956372,0,31.9717,237,true,10,86,0.4,0,2.8,0.4,3.3
1930,78.55,855.03,3.607722,3.185995,2.630538,4.949447,0,31.9717,237,true,10,86,0.4,0,3,0.4,3.8
2063,79.3,854.16,3.729956,3.249506,2.792103,4.95518,0,30.4871,229,true,10,84,0.4,0,3.6,0.4,3.1
2107,78.49,850.29,3.587722,3.118205,2.615955,4.903638,0,32.0669,237,true,10,86,0.4,0,1.4,0.5,2.1
1996,78.49,850.29,3.587722,3.118205,2.615955,4.903638,0,32.0669,237,true,10,86,0.4,0,1.6,0.5,2.1
1369,78.66,847.13,3.683174,3.130234,2.606233,4.664248,0,31.9896,230,true,10,86,0.4,0,3.8,0.7,2
2071,78.65,846.29,3.679522,3.128121,2.603649,4.660947,0,31.9896,230,true,10,86,0.4,0,3.8,0.7,2.3
1591,78.64,845.78,3.677304,3.126839,2.60208,4.658075,0,31.9896,230,true,10,86,0.4,0,3.8,0.7,2.6
1117,78.64,845.38,3.675565,3.125833,2.600849,4.656608,0,31.9896,230,true,10,86,0.4,0,2.2,0.7,2.7
587,63.62,842.43,2.52982,2.147365,2.002734,3.832442,0,35.1897,333,true,10,94,0.3,0,1.6,0.5,3
1184,78.59,841.58,3.659043,3.116277,2.589158,4.645009,0,31.9896,230,true,10,86,0.4,0,2.2,0.7,1.8
1392,78.59,840.78,3.655565,3.114266,2.586697,4.639633,0,31.9896,230,true,10,86,0.4,0,2.2,0.7,4
1426,64.58,831.89,1.549143,2.188788,2.719306,3.805231,0,31.9382,537,true,5,104,0.3,1,3.4,0.3,2.5
1308,52.48,813.91,0.474307,1.570065,2.14469,5.467138,0,33.239,1716,true,1,110,1,0,2.2,0.9,2.1
497,41.24,806.64,0.362209,1.43204,1.740286,4.369471,0,41.638,2227,true,1,116,0.9,0,3,0.6,3.2
480,52.02,802.88,0.467879,1.562339,2.128921,5.414035,0,33.0315,1716,true,1,110,1,0,2.2,0.9,3.7
1424,63.4,794.2,2.701361,2.269765,1.888075,3.228803,0,38.487,294,true,10,90,0.3,0,2.8,0.3,2.3
1939,63.23,789.58,2.685646,2.262379,1.877092,3.216032,0,38.487,294,true,10,90,0.3,0,1,0.3,3.1
1271,69.37,789.02,2.758811,2.445224,1.938529,4.416934,0,26.6965,286,true,10,94,0.4,1,2.2,0.8,2.3
1756,63.12,786.94,2.676667,2.258158,1.870816,3.208928,0,38.487,294,true,10,90,0.3,0,1,0.3,3.6
774,69.24,786.22,2.749021,2.440095,1.93165,4.405525,0,26.7456,286,true,10,94,0.4,1,2.2,0.8,2.9
305,63.06,785.29,2.671054,2.25552,1.866893,3.204476,0,38.487,294,true,10,90,0.3,0,2.8,0.3,3.9
1849,69.19,785.1,2.745105,2.438044,1.928898,4.401183,0,26.7653,286,true,10,94,0.4,1,2.2,0.8,3.1
1644,69.05,782.02,2.734336,2.432402,1.921331,4.389199,0,26.8196,286,true,10,94,0.4,1,2.2,0.8,3.7
1713,69.03,781.46,2.732378,2.431376,1.919955,4.387013,0,26.8295,286,true,10,94,0.4,1,2.2,0.8,3.9
1200,52.94,778.42,2.075787,1.932407,1.63119,3.833928,0,27.2829,375,true,10,96,0.3,1,1,1,2.8
1490,57.92,777.24,1.72337,2.128561,1.818616,3.927654,0,25.2173,451,true,5,120,0.4,1,3.4,0.3,2
1146,67.84,776.7,1.446369,2.163404,3.385199,4.419755,0,23.7892,537,true,5,96,0.3,1,1.8,1,3.8
1021,52.56,769.99,2.053307,1.922309,1.613524,3.807045,0,27.415,375,true,10,96,0.3,1,1,1,1.7
1181,52.5,769.96,2.053227,1.93298,1.607533,3.82936,0,27.3865,375,true,10,96,0.3,1,1,0.9,3.5
1131,49.68,769.12,1.556923,1.907088,1.504303,2.852814,0,29.2677,494,true,5,116,0.3,1,3.4,0.3,3.7
1220,48.15,754.84,1.585798,1.864908,1.423421,2.765358,0,30.2508,476,true,5,116,0.3,1,3.4,0.8,3.8
1328,66.71,748.71,1.826122,2.146008,1.722202,3.941751,0,25.9751,410,true,5,118,0.4,0,1,0.7,3.8
1626,68.13,746.36,1.318657,2.15747,3.252964,4.821676,0,23.2462,566,true,5,96,0.3,1,1.8,0.2,2.9
1257,56.94,740.92,1.646489,1.935623,1.663083,2.97854,0,30.1415,450,true,6,118,0.4,0,1.4,0.8,3.6
1386,56.81,738.1,1.640222,1.932062,1.656753,2.969893,0,30.1992,450,true,6,118,0.4,0,1,0.8,3.7
326,56.81,737.09,1.637978,1.930787,1.654486,3.013041,0,30.2198,450,true,6,118,0.4,0,1,0.8,1.7
1735,65,726.32,1.662059,2.057419,1.595782,3.697384,0,27.2087,437,true,5,120,0.4,0,2,0.8,2.3
1580,56.17,723.37,1.607489,1.913461,1.62369,2.971302,0,30.5037,450,true,6,118,0.4,0,1,0.8,2
1256,53.16,722.41,0.392188,1.499744,2.030268,5.459508,0,22.7769,1842,true,1,110,1,0,1,0.3,2.6
1395,52.44,720.47,0.391135,1.498402,2.004312,5.452243,0,23.0004,1842,true,1,110,1,0,1,0.3,1.9
1522,64.62,720.45,1.652408,2.034951,1.571422,3.625903,0,27.449,436,true,5,120,0.4,0,2.6,0.9,2.2
1319,54.19,717.61,2.116844,2.06393,1.705996,3.194784,0,38.2487,339,true,10,92,0.3,1,2.2,0.2,3.2
1152,54.06,714.56,2.107847,2.059408,1.698745,3.187458,0,38.2487,339,true,10,92,0.3,1,2.2,0.2,1.6
1742,55.11,711.88,2.326405,2.085514,1.692374,3.103062,0,38.6867,306,true,10,90,0.3,1,3,0.4,3.8
738,67.49,707.19,1.260588,2.03797,3.082244,4.503261,0,23.5231,561,true,5,96,0.3,1,1.8,0.5,2.2
1305,67.49,707.15,1.260517,2.037912,3.082069,4.501924,0,23.5231,561,true,5,96,0.3,1,1.8,0.5,3.8
1543,55.13,701.35,1.558556,1.885655,1.574263,2.902204,0,30.9707,450,true,6,118,0.4,0,1.4,0.8,2.5
2179,63.71,698.55,1.602179,2.003491,1.523655,3.532209,0,27.8137,436,true,5,120,0.4,0,1.6,0.9,2.8
555,53.9,690.19,1.533756,1.870167,1.56021,2.871613,0,31.0769,450,true,6,118,0.4,0,1,0.7,3.8
1509,42.86,689.77,0.371443,1.445815,1.806768,4.609616,0,34.165,1857,true,1,116,1,0,1.2,0.5,2.6
1611,53.11,672.87,1.495267,1.84833,1.521057,2.861751,0,31.4597,450,true,6,118,0.4,0,2,0.7,2.1
2034,81.37,670.83,2.783527,2.708642,2.49305,5.370081,0,20.5963,241,true,10,80,0.4,1,2.6,0.4,2.8
705,64.56,668.98,1.527352,1.960598,1.643686,3.690367,0,25.9807,438,true,5,114,0.4,0,2,0.8,2.3
1577,81.26,668.45,2.773651,2.70258,2.484205,5.356315,0,20.6339,241,true,10,80,0.4,1,2.6,0.4,3.8
988,34.09,662.71,0.267006,1.3617,1.417198,4.282418,0,41.0362,2482,true,1,116,0.9,1,3.6,0.3,1.6
1499,52.44,659.21,1.464911,1.831108,1.490178,2.817375,0,31.7683,450,true,6,118,0.4,0,1,0.7,2.4
1150,52.25,655.44,1.456533,1.826355,1.481656,2.804347,0,31.8545,450,true,6,118,0.4,0,1,0.7,2.5
2042,80.43,650.47,2.779786,2.612189,2.345896,4.863678,0,21.4154,234,true,10,80,0.4,1,2.6,0.7,3.8
2005,72.12,644.99,1.279742,1.907363,2.694757,3.565763,0,47.2519,504,true,5,100,0.3,0,3.2,0.7,3.9
1630,43.48,643.1,1.13823,1.689326,1.263756,2.788983,0,31.4253,565,true,5,116,0.3,1,1.8,0.6,2.4
1512,63.25,640.45,1.429576,1.923304,1.600485,3.661136,0,26.1464,448,true,5,114,0.4,0,2,0.6,2.9
946,51.35,639.95,1.415819,1.839103,1.496154,2.916705,0,31.5524,452,true,6,118,0.4,0,1.4,0.3,1.6
1984,73.03,638.28,1.905313,2.406492,1.794736,5.889757,0,24.1107,335,true,5,120,0.5,0,3.8,0.3,2.1
1314,68.35,636.38,0.451974,1.493762,2.951396,5.374145,0,17.2876,1408,true,2,116,0.6,1,2,0.5,3
1495,71.96,633.16,1.25627,1.890721,2.671448,3.586382,0,46.79,504,true,5,100,0.3,0,3.2,0.7,2.3
1130,68.15,632.51,0.449226,1.490759,2.932496,5.342043,0,17.3199,1408,true,2,116,0.6,1,2,0.5,3.8
145,51.64,631.06,1.380875,1.846719,1.487612,2.902902,0,31.5955,457,true,6,118,0.4,0,1.4,0.2,2.4
1600,70.84,628.89,1.941019,2.325514,1.705973,5.620067,0,24.9169,324,true,5,120,0.5,0,3.2,0.8,1.7
1486,59.32,625.27,0.398769,1.67675,2.351258,7.199012,0,25.8315,1568,true,1,90,1,1,2.8,0.4,3.8
1514,59.2,623.16,0.397423,1.674467,2.343323,7.181867,0,25.8315,1568,true,1,90,1,1,2.8,0.4,3.6
1207,59.2,623.15,0.397417,1.674456,2.343286,7.181784,0,25.8315,1568,true,1,90,1,1,2.8,0.4,3.7
1672,69.06,617.15,0.441452,1.673767,2.509454,7.459367,0,19.8465,1398,true,1,86,1,0,1.8,0.8,1.7
1371,58.67,616.09,0.392414,1.665547,2.309616,7.152503,0,25.9111,1570,true,1,90,1,1,2.8,0.4,2.5
996,58.6,615.21,0.391854,1.664596,2.305625,7.143586,0,25.9189,1570,true,1,90,1,1,2.8,0.4,2.8
993,65.53,614.9,0.441421,1.466919,2.723206,5.237049,0,18.1037,1393,true,2,116,0.6,1,2,0.7,2.4
1558,65.38,612.46,0.43967,1.465066,2.7118,5.218528,0,18.1318,1393,true,2,116,0.6,1,2,0.7,2.7
627,66.5,612.31,0.434879,1.478423,2.791602,5.273475,0,17.8817,1408,true,2,116,0.6,1,2,0.4,1.8
975,68.59,611.37,0.437631,1.667456,2.485951,7.403887,0,19.9395,1397,true,1,86,1,0,1.8,0.8,2.3
359,64.23,610.48,0.438248,1.463563,2.628886,5.213508,0,18.5974,1393,true,2,116,0.6,1,2,0.7,2.1
1237,68.51,610.39,0.436929,1.666386,2.481966,7.397602,0,19.9554,1397,true,1,86,1,0,1.8,0.8,2
1656,68.46,609.77,0.436485,1.66571,2.479445,7.3826,0,19.9654,1397,true,1,86,1,0,1.8,0.8,2.9
1412,68.27,607.45,0.434825,1.663177,2.470012,7.336442,0,20.0031,1397,true,1,86,1,0,1.8,0.8,3.7
1560,69.33,602.36,1.859136,2.269596,1.634006,5.410342,0,25.3718,324,true,5,120,0.5,0,3,0.8,2.8
1307,69.33,602.36,1.859136,2.269596,1.634006,5.410342,0,25.3718,324,true,5,120,0.5,0,3.2,0.8,2.8
1814,65.15,594.1,0.39686,1.712846,2.608218,8.323848,0,22.4644,1497,true,1,86,1,1,2.6,0.4,3.8
902,51.66,592.36,2.407967,2.120324,1.024915,3.563256,0,39.7054,246,true,10,96,0.4,0,2.4,0.2,2.9
1376,57.98,579.91,1.397373,1.853838,1.44764,3.510653,0,30.0883,415,true,6,108,0.4,0,3.4,0.2,1.7
1987,77.44,574.1,0.494914,1.629033,3.938126,6.970331,0,13.3919,1160,true,2,116,0.7,1,1,0.8,2.2
1657,58.51,569.68,0.386224,1.62629,2.290447,7.514,0,24.5523,1475,true,1,86,1,0,1.8,0.2,3.1
1559,57.68,568.92,0.404925,1.419582,2.330302,4.793523,0,20.2786,1405,true,2,116,0.6,1,1.6,1,1.7
1692,47.33,562.19,1.140345,1.652177,1.017612,2.57121,0,35.2033,493,true,5,120,0.3,0,3,0.7,2.9
1414,76.23,559.33,0.474411,1.605113,3.626832,6.822637,0,14.1174,1179,true,2,118,0.7,1,1,0.8,2.5
1790,58.36,557.01,0.388973,1.597214,2.300553,7.170375,0,23.9084,1432,true,1,86,1,0,1.8,0.5,2.8
1851,74.99,554.88,0.472641,1.585187,3.462158,6.680455,0,14.8444,1174,true,2,118,0.7,1,1,1,1.5
1306,56.4,552.41,1.2937,1.868515,1.861471,4.162361,0,26.0824,427,true,6,114,0.5,1,2.4,0.9,3.9
1224,62.17,550.2,0.36413,1.649104,2.421122,8.25313,0,22.8099,1511,true,1,84,1,1,3.2,0.3,2.4
1452,62.1,549.09,0.363395,1.647794,2.416238,8.23867,0,22.8099,1511,true,1,84,1,1,3.2,0.3,2.8
350,54.67,548.86,2.135642,2.246389,1.638779,4.39214,0,25.573,257,true,10,80,0.4,1,1.2,0.8,2.5
31,52.75,547.45,1.184957,1.803773,1.488485,3.524613,0,26.0497,462,true,5,110,0.4,0,3.4,0.2,1.6
1143,54.46,545.5,2.122568,2.238759,1.628747,4.371775,0,25.6388,257,true,10,80,0.4,1,1.2,0.8,3.8
2123,52.52,543.95,1.177381,1.798635,1.478969,3.506148,0,26.1144,462,true,5,110,0.4,0,2.2,0.2,1.7
1121,52.52,543.95,1.177381,1.798635,1.478969,3.506148,0,26.1144,462,true,5,110,0.4,0,3.4,0.2,1.7
888,58.6,540.1,0.352546,1.637836,2.234588,8.119459,0,24.2573,1532,true,1,84,1,1,2.8,0.4,2.8
1469,65.02,540.07,1.836973,2.198212,1.576202,5.271569,0,25.1446,294,true,5,118,0.5,0,2.8,0.4,2
1043,58.55,539.44,0.352115,1.637056,2.231858,8.09127,0,24.2573,1532,true,1,84,1,1,2.8,0.4,3.2
728,44.57,535.44,1.146552,1.684242,1.315836,3.59188,0,30.2255,467,true,6,118,0.5,1,2,0.9,2.2
971,44.49,534.09,1.143662,1.682517,1.312518,3.586596,0,30.2558,467,true,6,118,0.5,1,2,0.9,1.5
1155,36.26,533.96,0.154235,1.21257,1.622929,3.446056,0,24.8315,3462,true,1,118,0.6,1,2.6,0.9,3
894,36.21,533.33,0.154053,1.212319,1.620719,3.442335,0,24.8467,3462,true,1,118,0.6,1,2.6,0.9,3.1
646,36.27,532.57,0.153833,1.212019,1.622996,3.443666,0,24.8082,3462,true,1,118,0.6,1,2.6,0.9,1.5
1596,57.34,532.08,0.354012,1.607494,2.202774,7.767157,0,24.2549,1503,true,1,84,1,1,3.2,0.7,3.7
358,36.21,531.85,0.153625,1.211732,1.620456,3.438685,0,24.8257,3462,true,1,118,0.6,1,2.6,0.9,1.6
159,57.32,531.74,0.353786,1.607099,2.201366,7.767696,0,24.2549,1503,true,1,84,1,1,3.2,0.7,3.6
1612,57.84,529.28,0.352149,1.591143,2.24509,7.630908,0,23.6787,1503,true,1,84,1,1,3.4,0.8,2.5
519,44.17,528.85,1.132441,1.675821,1.299641,3.552626,0,30.3742,467,true,6,118,0.5,1,2,0.9,3.9
1553,57.67,527.14,0.350725,1.588753,2.236013,7.572513,0,23.6787,1503,true,1,84,1,1,3.4,0.8,3.8
2169,52.02,526.84,1.145304,1.762729,1.417418,3.33453,0,26.6404,460,true,5,110,0.4,0,2,0.3,4
1482,54.2,526.1,1.223488,1.84695,1.730478,4.239265,0,25.9762,430,true,6,114,0.5,1,2.6,0.4,2.1
1349,57.57,525.82,0.349847,1.587279,2.230414,7.599233,0,23.6787,1503,true,1,84,1,1,3.4,0.8,2.3
1573,64.14,524.97,1.785612,2.164711,1.532133,5.137265,0,25.4263,294,true,5,118,0.5,0,2.8,0.4,2.8
1137,51.09,522.5,1.130952,1.767141,1.420648,3.392282,0,26.5183,462,true,5,110,0.4,0,3.4,0.2,2.4
1502,53,520.95,0.348462,1.56314,2.051792,7.341489,0,25.5048,1495,true,1,84,1,0,3.2,0.3,2.4
1546,57.14,520.92,0.346587,1.592918,2.190672,7.718957,0,23.874,1503,true,1,84,1,1,3.4,0.5,3.6
1415,51.05,514.66,1.202477,1.702867,1.294449,3.052602,0,28.2109,428,true,5,110,0.4,0,3.4,1,1.8
1128,51.15,509.72,1.185395,1.705622,1.293607,3.06562,0,28.1291,430,true,5,110,0.4,0,3.4,0.9,2.4
2311,50.13,508.31,1.100238,1.746307,1.382066,3.31147,0,26.7924,462,true,5,110,0.4,0,2.2,0.2,2.8
1506,51.93,503.89,1.177313,1.790106,1.636325,4.08352,0,26.2564,428,true,6,114,0.5,1,3,0.3,3.6
1449,50.88,498.34,1.130023,1.699493,1.288733,3.066709,0,27.9811,441,true,5,110,0.4,0,2.6,0.7,3.1
2151,50.21,495.53,1.152395,1.685978,1.257595,2.991311,0,28.417,430,true,5,110,0.4,0,3.4,0.9,2.8
1835,70.26,495.39,1.543271,2.17737,2.253002,5.004393,0,26.4076,321,true,6,90,0.4,1,2.6,0.7,2.3
579,50,492.25,1.144767,1.681437,1.24927,2.974896,0,28.4844,430,true,5,110,0.4,0,3.4,0.9,2.9
1587,63.36,489.51,2.364783,2.353696,1.874799,5.228607,0,22.8676,207,true,10,86,0.5,1,2.6,0.4,2.1
1542,63.27,488.51,2.359952,2.350931,1.870969,5.219224,0,22.8876,207,true,10,86,0.5,1,2.6,0.4,2.7
847,63.11,486.71,2.351256,2.345953,1.864075,5.203781,0,22.9238,207,true,10,86,0.5,1,2.6,0.4,3.7
1357,63.1,486.51,2.35029,2.3454,1.863309,5.202074,0,22.9278,207,true,10,86,0.5,1,2.6,0.4,3.8
637,70.55,485.96,0.49791,1.497879,2.890898,5.415949,0,16.1557,976,true,2,118,0.7,1,4,0.5,2
1557,69.57,485.77,0.459574,1.496241,2.791942,5.696523,0,16.3715,1057,true,2,118,0.7,1,2.2,1,2.2
1654,40.81,484.63,1.051258,1.623583,1.078946,2.926323,0,36.0918,461,true,6,110,0.4,0,3.4,0.2,2
1154,46.39,483.54,1.332066,1.858985,1.212548,4.845638,0,29.8555,363,true,6,118,0.6,1,2,0.4,2.4
1855,66.49,482.15,2.41075,2.211219,1.84661,4.881426,0,23.016,200,true,10,86,0.5,0,3.2,0.4,2.6
1680,70.31,481.82,0.493668,1.493638,2.86627,5.375855,0,16.179,976,true,2,118,0.7,1,4,0.5,2.5
1051,50,481.02,1.118651,1.729028,1.582199,3.864212,0,26.4743,430,true,6,114,0.5,1,2.6,0.7,3.7
1764,70.74,480.83,0.494681,1.468344,2.960229,5.155709,0,15.9778,972,true,2,118,0.7,0,2,0.5,2.1
655,70.29,478.67,0.452002,1.492125,2.859268,5.690778,0,15.6811,1059,true,2,118,0.7,1,2.2,0.9,2
1623,64.04,477.56,2.307053,2.155229,1.828751,4.705745,0,23.3352,207,true,10,88,0.5,0,2.4,0.4,1.5
1249,70.15,476.32,0.449783,1.489709,2.84523,5.667029,0,15.702,1059,true,2,118,0.7,1,2.2,0.9,2.3
951,45.69,476.02,1.31135,1.814991,1.184542,4.728267,0,30.4837,363,true,6,118,0.6,1,2,0.7,2.4
1139,71.52,473.8,1.499367,2.054318,2.154812,4.491975,0,26.9692,316,true,6,90,0.4,1,4,0.7,2.2
1252,43.86,471.44,0.367738,1.327803,1.722218,4.053754,0,22.1074,1282,true,2,106,0.6,0,3.2,0.8,3
347,43.8,470.87,0.367293,1.327407,1.720136,4.049546,0,22.1175,1282,true,2,106,0.6,0,3.2,0.8,3.1
1662,69.61,467.69,0.441634,1.480836,2.79368,5.57576,0,15.7748,1059,true,2,118,0.7,1,2.2,0.9,3.6
1566,69.57,466.99,0.440973,1.480116,2.789499,5.569155,0,15.777,1059,true,2,118,0.7,1,2.2,0.9,3.7
1815,70.98,464.8,1.470886,2.034291,2.11388,4.402653,0,27.0655,316,true,6,90,0.4,1,4,0.7,3.6
1552,70.88,463.2,1.465823,2.030731,2.106604,4.385183,0,27.0822,316,true,6,90,0.4,1,4,0.7,3.8
1176,46.2,462.43,0.336313,1.302976,1.873096,3.718926,0,21.768,1375,true,2,116,0.6,0,3.6,0.5,2.5
956,44.19,460.25,0.358171,1.322295,1.73163,4.030803,0,21.8642,1285,true,2,106,0.6,0,4,0.7,3.6
279,49.29,459.1,0.347277,1.307082,1.944927,3.671912,0,20.7847,1322,true,2,118,0.6,0,3.6,0.5,2.5
1436,42.07,455.63,0.355406,1.31681,1.66058,3.943246,0,22.4339,1282,true,2,106,0.6,0,3.2,0.8,2.2
922,46.44,452.24,0.342088,1.302494,1.852456,3.631771,0,21.4901,1322,true,2,118,0.6,0,3.6,0.5,2.2
1397,67.43,451.32,0.441173,1.467956,2.599171,5.36238,0,16.7201,1023,true,2,118,0.7,1,3,0.4,3.6
1333,39.2,448.65,0.252476,1.415163,1.507003,5.689165,0,25.2654,1777,true,1,84,0.9,1,3.2,0.7,3.6
632,42.25,444.92,0.310915,1.320342,1.755247,3.975813,0,23.2254,1431,true,2,116,0.6,1,3,0.2,1.7
1648,66.55,444.32,0.422357,1.464716,2.490304,5.447178,0,16.8752,1052,true,2,118,0.7,1,2.6,0.4,2.1
1661,44.23,443.13,1.042659,1.61737,1.395421,3.588724,0,27.3071,425,true,6,114,0.5,1,4,0.5,2
877,40.56,439.95,0.343175,1.305907,1.606595,3.836453,0,22.6907,1282,true,2,106,0.6,0,3.2,0.8,1.5
1515,62.3,439.39,0.452047,1.459354,2.25386,5.175557,0,18.4683,972,true,2,120,0.7,1,3,0.4,2
2271,84.05,438.59,0.749726,1.646964,2.741188,4.85987,0,16.4618,585,true,3,94,0.5,0,2.8,1,3.7
1099,84.03,438.16,0.748991,1.64633,2.7385,4.855287,0,16.4638,585,true,3,94,0.5,0,2.8,1,3.8
762,36.69,432.99,0.903946,1.529159,1.006345,3.095709,0,33.377,479,true,6,118,0.5,1,2.6,0.4,3.7
1816,80.69,432.22,0.737577,1.641019,2.510134,4.868899,0,17.6527,586,true,3,94,0.5,0,2.8,0.9,2.9
1431,59.25,431.45,1.276479,1.947263,1.962207,4.535304,0,26.2018,338,true,6,90,0.4,1,1.6,1,2.2
1416,36.55,430.85,0.899478,1.526544,1.001301,3.083393,0,33.4341,479,true,6,118,0.5,1,2.6,0.4,4
2182,78.31,428.01,0.730392,1.634775,2.374272,4.849463,0,18.4733,586,true,3,94,0.5,0,2.8,0.9,1.6
1219,39.82,419.41,0.326389,1.293696,1.576848,3.735801,0,22.6368,1285,true,2,106,0.6,0,4,0.7,2
2022,43.49,417.31,0.927356,1.601675,1.211104,2.990589,0,27.3785,450,true,5,106,0.4,0,3.6,0.3,2.3
1982,52.72,411.59,1.262546,1.805712,1.116509,4.229884,0,29.2066,326,true,5,120,0.5,1,3.6,0.8,3.7
1301,74.94,400.41,1.259151,1.946305,2.306775,4.491535,0,34.3057,318,true,6,90,0.4,0,3.4,0.7,3.7
1545,74.52,398.76,1.269936,1.922116,2.289093,4.550574,0,34.6487,314,true,6,90,0.4,0,1,0.8,1.5
969,60.84,394.16,0.427505,1.372425,2.183712,4.22612,0,18.5195,922,true,2,118,0.7,0,3.6,0.9,3.6
1852,60.53,393.36,0.426638,1.371669,2.17928,4.220381,0,18.6531,922,true,2,118,0.7,0,2.2,0.9,2.5
22,0.98,389.28,21.626667,13.1612,2.48773,5.188086,0,24.7219,18,true,16385,98,0.5,0,1.6,0.6,2.2
896,34.61,387.99,0.235717,1.264979,1.636605,2.746191,0,47.342,1646,true,2,84,0.3,1,3.8,0.7,3.5
2278,41.4,387.92,0.883645,1.548002,1.135232,2.748615,0,27.8594,439,true,5,106,0.4,0,2.2,0.5,2.8
1588,41.38,382.16,0.344288,1.39679,1.579892,4.809159,0,23.5398,1110,true,2,118,0.7,1,2.2,0.2,3.8
70,1.18,376.28,19.804211,9.35992,2.404652,4.825234,0,25.2566,19,true,16385,114,0.5,1,1,0.6,2.7
149,1.18,375.14,19.744211,9.128711,2.397367,4.815463,0,25.2656,19,true,16385,116,0.5,1,1.8,0.7,2.8
351,0.97,372.25,20.680556,11.977588,2.378898,5.116146,0,24.7219,18,true,16385,94,0.5,0,3,0.8,3.3
371,0.97,371.29,20.627222,11.647835,2.372763,5.10486,0,24.7219,18,true,16385,94,0.5,0,3.2,0.9,1.8
1393,53.82,367.73,0.611864,1.518068,1.692892,4.173706,0,22.7813,601,true,3,94,0.5,0,2.2,0.8,2.1
505,53.81,367.6,0.611647,1.517885,1.692294,4.170945,0,22.7763,601,true,3,94,0.5,0,1.2,0.8,2.2
1568,53.9,366.64,1.094448,1.837862,1.667455,4.447002,0,25.8652,335,true,6,90,0.4,1,1.6,0.6,2.4
1175,36.15,359.78,0.364888,1.344057,1.426453,4.080717,0,25.6108,986,true,2,118,0.7,0,3.8,0.3,2.9
1675,52.89,355.71,1.077909,1.631778,1.617746,3.442657,0,27.2405,330,true,6,90,0.4,1,4,1,2.2
708,35.36,342.38,0.339663,1.325055,1.398725,3.922141,0,25.2272,1008,true,2,118,0.7,0,3.6,0.2,3.1
1765,68.9,337.4,1.007164,1.789905,1.944444,4.409469,0,33.359,335,true,6,90,0.4,0,2.6,0.4,2.1
567,67.13,333.33,0.98911,1.795936,1.920989,4.279464,0,33.1423,337,true,6,90,0.4,0,1,0.3,4
965,63.88,330.92,0.979053,1.803145,1.9071,4.440639,0,32.9372,338,true,6,90,0.4,0,1,0.2,2
582,52.17,324.56,0.914254,1.641715,1.786831,3.733602,0,25.5691,355,true,6,86,0.4,1,1.8,1,2.4
1634,66.96,321.45,0.959552,1.752564,1.852524,4.225011,0,33.4232,335,true,6,90,0.4,0,3.2,0.4,2.6
1405,65.69,321.3,0.953412,1.76721,1.85166,4.301041,0,32.966,337,true,6,90,0.4,0,1,0.3,2.7
1180,49.6,300.98,0.847831,1.639906,1.763727,3.919479,0,33.9426,355,true,6,84,0.4,1,1.6,1,1.5
1163,71.57,290.58,3.725385,2.473754,1.937458,3.481005,0,20.5997,78,true,30,106,0.3,1,1.8,0.6,2.4
1748,79.91,286.22,1.483005,3.141083,2.185219,9.360399,0,16.9989,193,true,5,110,0.8,1,1,1,3.8
1677,66.28,274.94,3.570649,2.374631,1.930081,3.287294,0,22.9725,77,true,30,106,0.3,1,1.6,1,1.6
1467,66.28,274.94,3.570649,2.374631,1.930081,3.287294,0,22.9725,77,true,30,106,0.3,1,1.6,1,1.5
808,58,274.77,0.853323,1.611606,1.583506,3.597416,0,33.9317,322,true,6,90,0.4,0,2,0.6,2.9
1311,48.33,273.58,0.797609,1.548542,1.149448,4.31833,0,23.5283,343,true,5,104,0.5,0,1,0.3,4
1073,66.03,272.64,3.540779,2.363132,1.913935,3.265252,0,22.9725,77,true,30,104,0.3,1,1.6,1,1.5
543,47.64,271.69,0.808601,1.523709,1.095303,3.933637,0,24.3248,336,true,5,104,0.5,0,3.4,0.7,3.7
1550,38.73,270.26,0.439447,1.37509,1.256088,2.832774,0,21.8343,615,true,5,88,0.3,1,1,0.5,3
361,47.01,268.85,0.814697,1.503398,1.055887,3.731543,0,24.8781,330,true,5,104,0.5,0,1.4,1,1.5
1465,47.4,267.89,0.790236,1.530223,1.114073,4.18548,0,23.8469,339,true,5,104,0.5,0,3.4,0.4,3.8
1083,47.14,267.59,0.796399,1.515806,1.079471,3.918609,0,24.4111,336,true,5,104,0.5,0,3.8,0.7,2.2
1126,47.63,267.55,0.803453,1.516097,1.068875,3.881147,0,24.5918,333,true,5,104,0.5,0,2.2,0.8,2.9
1477,47.52,267.49,0.779854,1.536332,1.124664,4.275121,0,23.6579,343,true,5,104,0.5,0,3.6,0.3,2.5
931,46.83,265.1,0.788988,1.511007,1.069297,3.883894,0,24.4734,336,true,5,104,0.5,0,3.4,0.7,2.4
1437,45.7,264.3,0.793694,1.467085,1.106784,3.029062,0,27.4404,333,true,6,90,0.4,0,1,0.9,1.5
734,46.66,263.79,0.785089,1.508481,1.064013,3.865578,0,24.505,336,true,5,104,0.5,0,3.4,0.7,2.5
970,46.5,262.54,0.781369,1.506072,1.058885,3.847961,0,24.5369,336,true,5,104,0.5,0,3.4,0.7,2.6
1494,91.67,262.22,0.929858,1.888219,2.271286,8.598304,0,16.5693,282,true,5,120,0.8,0,3,0.4,1.7
2342,91.45,259.56,0.920426,1.879209,2.248246,8.524334,0,16.5335,282,true,5,120,0.8,0,1.6,0.4,2.2
2309,91.45,259.56,0.920426,1.879209,2.248246,8.524334,0,16.5335,282,true,5,120,0.8,0,3,0.4,2.2
1974,91.31,258.29,0.915922,1.874907,2.237246,8.485269,0,16.5392,282,true,5,120,0.8,0,3.8,0.4,2.3
1729,45.42,258.1,0.761357,1.500475,1.062096,4.007668,0,24.2741,339,true,5,104,0.5,0,2.4,0.5,3.7
2122,91.16,257.13,0.911809,1.870978,2.227198,8.445894,0,16.5586,282,true,5,120,0.8,0,3.8,0.4,2.4
1954,91.16,257.13,0.911809,1.870978,2.227198,8.445894,0,16.5586,282,true,5,120,0.8,0,3,0.4,2.4
2161,86.66,256.11,0.908191,1.826241,2.037632,8.253245,0,17.9084,282,true,5,120,0.8,0,3,0.7,1.5
2057,91.01,255.87,0.90734,1.86671,2.216284,8.405004,0,16.5712,282,true,5,120,0.8,0,3,0.4,2.5
1956,91.01,255.87,0.90734,1.86671,2.216284,8.405004,0,16.5712,282,true,5,120,0.8,0,2.8,0.4,2.5
2097,90.92,255.85,0.90727,1.866642,2.216111,8.39142,0,16.639,282,true,5,120,0.8,0,1.6,0.4,2.1
2082,91.93,255.49,0.896456,1.866127,2.278922,8.563986,0,16.2191,285,true,5,120,0.8,0,3.6,0.3,2.3
1193,25.77,255.42,0.146962,1.170762,1.116346,1.964491,0,24.9096,1738,true,2,84,0.3,1,3.8,0.4,1.7
2313,91.79,254.94,0.894526,1.864262,2.274017,8.531316,0,16.2941,285,true,5,120,0.8,0,3.6,0.3,2
1028,88.33,254.35,0.90195,1.838719,2.087745,8.234762,0,17.3428,282,true,5,120,0.8,0,2.8,0.6,2.4
1351,90.8,254.08,0.900993,1.860646,2.20078,8.349369,0,16.5838,282,true,5,120,0.8,0,3,0.4,2.6
1694,89.05,253.01,0.897199,1.83842,2.123458,8.262339,0,17.1126,282,true,5,120,0.8,0,2.6,0.5,2.2
1981,85.95,251.71,0.892589,1.812046,2.002626,8.110676,0,17.9668,282,true,5,120,0.8,0,2.2,0.7,1.8
1788,90.43,251.3,0.891135,1.85123,2.1767,8.258148,0,16.6168,282,true,5,120,0.8,0,3,0.4,2.8
2300,84.01,250.4,0.887943,1.793208,1.940033,7.94708,0,18.4344,282,true,5,120,0.8,0,2.6,0.8,1.5
967,84.01,250.4,0.887943,1.793208,1.940033,7.94708,0,18.4344,282,true,5,120,0.8,0,3,0.8,1.5
1277,88.41,249.3,0.884043,1.826126,2.092321,8.13039,0,17.2222,282,true,5,120,0.8,0,1.6,0.5,2.1
2325,85.58,248.8,0.88227,1.802658,1.979473,8.030185,0,17.9288,282,true,5,120,0.8,0,3.8,0.7,2.3
2191,87.44,248.52,0.881277,1.819495,2.039892,8.05003,0,17.4033,282,true,5,120,0.8,0,2.6,0.6,2.8
912,85.36,248.25,0.880319,1.800884,1.975097,7.999297,0,18.0105,282,true,5,120,0.8,0,3.8,0.7,2
2209,85.37,247.64,0.878156,1.798916,1.970244,7.991594,0,17.9498,282,true,5,120,0.8,0,3.6,0.7,2.4
1081,85.37,247.64,0.878156,1.798916,1.970244,7.991594,0,17.9498,282,true,5,120,0.8,0,3.8,0.7,2.4
2013,89.88,247.4,0.877305,1.838019,2.142919,8.125662,0,16.6696,282,true,5,120,0.8,0,3,0.4,3.1
1699,90.91,247.17,0.867263,1.837921,2.20471,8.284713,0,16.3093,285,true,5,120,0.8,0,3.8,0.3,2.9
1524,85.15,246.38,0.873688,1.794851,1.96022,7.95147,0,17.9634,282,true,5,120,0.8,0,3.8,0.7,2.5
1827,85.02,246.36,0.873617,1.794787,1.96006,7.938513,0,18.0366,282,true,5,120,0.8,0,3.8,0.7,2.1
1809,89.62,245.12,0.86922,1.830296,2.12317,8.037229,0,16.6436,282,true,5,120,0.8,0,3.8,0.4,3.5
1689,69.99,244.6,1.072807,2.42491,1.867461,7.945608,0,17.9932,228,true,5,110,0.8,1,1,0.3,2.4
1410,69.99,244.6,1.072807,2.42491,1.867461,7.945608,0,17.9932,228,true,5,110,0.8,1,1,0.3,4
2341,83.03,244.36,0.866525,1.774075,1.893236,7.765194,0,18.4491,282,true,5,120,0.8,0,3.4,0.8,2.2
2217,83.03,244.36,0.866525,1.774075,1.893236,7.765194,0,18.4491,282,true,5,120,0.8,0,3,0.8,2.2
1229,89.43,244.26,0.86617,1.827383,2.115721,8.023151,0,16.7028,282,true,5,120,0.8,0,3,0.4,3.3
2032,82.81,243.09,0.862021,1.770052,1.883397,7.727345,0,18.4554,282,true,5,120,0.8,0,2.6,0.8,2.3
1607,82.81,243.09,0.862021,1.770052,1.883397,7.727345,0,18.4554,282,true,5,120,0.8,0,3.4,0.8,2.3
2068,82.56,242.54,0.860071,1.76831,1.879135,7.696962,0,18.5397,282,true,5,120,0.8,0,3,0.8,2
1909,82.56,242.54,0.860071,1.76831,1.879135,7.696962,0,18.5397,282,true,5,120,0.8,0,3.4,0.8,2
2101,89.06,241.4,0.856028,1.817695,2.090948,7.910905,0,16.6823,282,true,5,120,0.8,0,3.8,0.4,3.8
1971,84.1,240.48,0.852766,1.775817,1.913279,7.762386,0,18.027,282,true,5,120,0.8,0,3.8,0.7,2.9
2031,88.93,240.48,0.852766,1.814579,2.08298,7.88308,0,16.6852,282,true,5,120,0.8,0,3.8,0.4,3.9
1438,88.74,239.3,0.848582,1.810582,2.072759,7.840969,0,16.6944,282,true,5,120,0.8,0,3.8,0.4,4
2170,85.94,239.27,0.848475,1.788993,1.963966,7.732568,0,17.4692,282,true,5,120,0.8,0,2.8,0.6,3.7
2006,83.8,238.92,0.847234,1.770784,1.900867,7.711555,0,18.0483,282,true,5,120,0.8,0,3.8,0.7,3
2105,80.3,238.54,0.845887,1.74196,1.807532,7.588095,0,18.9188,282,true,5,120,0.8,0,2.8,0.9,2.2
2084,89.6,237.68,0.833965,1.80575,2.120061,7.947841,0,16.3638,285,true,5,120,0.8,0,1.2,0.3,3.9
1632,89.6,237.68,0.833965,1.80575,2.120061,7.947841,0,16.3638,285,true,5,120,0.8,0,3.8,0.3,3.9
644,89.6,237.68,0.833965,1.80575,2.120061,7.947841,0,16.3638,285,true,5,120,0.8,0,3.4,0.3,3.9
1342,85.47,236.52,0.838723,1.779925,1.941394,7.640213,0,17.484,282,true,5,120,0.8,0,2.6,0.6,4
1905,89.42,236.5,0.829825,1.801749,2.109535,7.904815,0,16.3729,285,true,5,120,0.8,0,3,0.3,4
1914,90.23,236.37,0.83523,1.810513,2.16357,7.883731,0,16.2114,283,true,5,120,0.8,0,2.6,0.2,3.1
1168,79.41,234.83,0.83273,1.73042,1.77942,7.460065,0,19.0397,282,true,5,120,0.8,0,2.8,0.9,2.1
239,83.05,234.49,0.831525,1.756493,1.865622,7.558011,0,18.0439,282,true,5,120,0.8,0,3.8,0.7,3.6
2168,82.65,232.56,0.824681,1.750266,1.850267,7.491499,0,18.081,282,true,5,120,0.8,0,3.8,0.7,3.7
2322,82.53,231.91,0.822376,1.748169,1.845095,7.468106,0,18.0833,282,true,5,120,0.8,0,2.8,0.7,3.8
1295,82.53,231.91,0.822376,1.748169,1.845095,7.468106,0,18.0833,282,true,5,120,0.8,0,3.8,0.7,3.8
548,82.36,230.99,0.819113,1.745201,1.837775,7.440726,0,18.0865,282,true,5,120,0.8,0,3.8,0.7,3.9
2203,82.12,229.81,0.814929,1.741394,1.828387,7.399551,0,18.0963,282,true,5,120,0.8,0,3.8,0.7,4
1667,79.64,226.85,0.804433,1.718607,1.757573,7.197707,0,18.6125,282,true,5,120,0.8,0,3.8,0.8,3.7
2038,96.58,225.45,1.110591,2.250832,2.647992,11.25937,0,14.5439,203,true,5,104,0.8,0,3.4,0.8,2.3
1383,50.81,222.97,2.895714,1.842095,1.010514,2.624065,0,30.2322,77,true,30,106,0.3,1,3.4,0.3,2.3
1129,50.81,222.97,2.895714,1.842095,1.010514,2.624065,0,30.2322,77,true,30,106,0.3,1,3.4,0.3,2.1
779,50.81,222.97,2.895714,1.842095,1.010514,2.624065,0,30.2322,77,true,30,106,0.3,1,3.4,0.3,2
863,50.81,222.97,2.895714,1.842095,1.010514,2.624065,0,30.2322,77,true,30,106,0.3,1,3.4,0.3,2.2
747,50.81,222.97,2.895714,1.842095,1.010514,2.624065,0,30.2322,77,true,30,106,0.3,1,3.4,0.3,3.7
707,50.81,222.97,2.895714,1.842095,1.010514,2.624065,0,30.2322,77,true,30,106,0.3,1,3.4,0.3,3.8
91,50.81,222.97,2.895714,1.842095,1.010514,2.624065,0,30.2322,77,true,30,106,0.3,1,3.4,0.3,2.5
2216,96.4,221.25,1.089901,2.22753,2.598661,11.071295,0,14.5439,203,true,5,104,0.8,0,3.4,0.8,3.8
2010,76.74,221.03,0.783794,1.687496,1.67485,7.020276,0,19.0868,282,true,5,120,0.8,0,2.8,0.9,3.7
2126,76.61,220.38,0.781489,1.685474,1.669925,6.997408,0,19.0893,282,true,5,120,0.8,0,2.8,0.9,3.8
1581,86.92,213.63,1.504437,3.155484,2.080947,11.979771,0,14.6781,142,true,5,110,1,1,1.6,0.5,3
2286,96.29,212,1.13369,2.23263,2.536492,9.497249,0,14.4545,187,true,5,110,0.8,0,3.8,0.7,2.4
1458,42.18,203.55,0.584914,1.351148,1.047607,2.62105,0,23.7531,348,true,6,88,0.4,0,3.4,0.9,2.8
2247,99.6,198.97,1.243563,2.765954,4.100783,14.406232,0,9.0649,160,true,5,110,0.9,1,2.8,0.3,2.2
2282,99.41,197.35,1.281494,2.803271,3.461673,12.726594,0,10.6778,154,true,5,110,0.9,1,3.6,0.3,2.5
1979,68.27,195.99,1.187818,2.555353,1.628365,8.431354,0,17.4255,165,true,5,116,1,1,1.6,0.3,3.6
1886,94.76,195.79,0.97408,2.06919,2.432778,9.853058,0,14.7221,201,true,5,104,0.8,0,1.6,0.5,1.7
1539,94.62,194.04,0.965373,2.059633,2.411034,9.777091,0,14.7221,201,true,5,104,0.8,0,1.6,0.5,2.1
2074,95.27,193.39,1.051033,2.130209,2.402957,8.64283,0,14.5268,184,true,5,110,0.8,0,1.6,0.5,2.1
2229,99.88,192.36,1.526667,3.340146,4.857576,18.847563,0,6.9483,126,true,5,110,1,1,2.6,0.7,1.7
1463,48.71,188.43,1.336383,1.72857,1.027651,3.985916,0,22.302,141,true,10,94,0.7,1,3,0.2,1.6
1754,99.55,188.22,1.183774,2.391234,3.630787,12.882069,0,10.0864,159,true,5,100,0.9,0,2.2,1,3.6
2140,99.88,187.51,1.488175,3.281144,4.735101,18.403693,0,6.9483,126,true,5,110,1,1,2.6,0.7,2.8
2330,99.53,187.22,1.134667,2.463113,3.633929,13.696504,0,9.7728,165,true,5,106,0.9,1,2.6,0.7,2.4
2076,66.94,186.61,1.137866,2.369816,1.550432,7.874046,0,17.6127,164,true,5,116,1,1,1.6,0.8,3.3
2078,90.43,186.16,0.912549,1.906506,2.05022,7.850235,0,15.2741,204,true,5,112,0.8,0,3.8,0.7,2
1964,99.84,185.28,1.470476,3.138504,4.461353,18.068204,0,7.7596,126,true,5,110,1,1,2.6,1,2.3
2320,99.88,184.02,1.460476,3.238686,4.64697,18.063884,0,6.9483,126,true,5,110,1,1,2.6,0.7,3.8
2298,98.83,183.57,1.161835,2.461428,2.987307,13.068126,0,11.5299,158,true,5,110,0.9,1,2.8,0.9,2.1
2148,77.21,183.42,0.783846,1.673002,1.673846,6.883645,0,17.7314,234,true,5,116,0.8,0,3,0.8,1.5
2184,99.08,183.31,1.145688,2.620778,3.649413,13.77349,0,9.3265,160,true,5,110,0.9,1,2.2,0.3,2.5
1950,68.06,183.27,0.757314,1.617445,1.451759,6.301404,0,19.821,242,true,5,118,0.8,0,3.8,0.8,2.1
2104,84.36,183.12,1.212715,2.680308,2.249079,12.203388,0,12.0662,151,true,5,104,1,1,1.4,0.3,2
1570,99.08,182.34,1.139625,2.612202,3.630102,13.706164,0,9.3265,160,true,5,110,0.9,1,2.2,0.3,2.6
2193,99.81,180.96,1.283404,2.847473,4.550163,18.21467,0,7.6325,141,true,5,104,1,1,2.8,0.4,2.1
1455,99.84,180.62,1.433492,3.084718,4.349145,17.622119,0,7.7596,126,true,5,110,1,1,2.6,1,3.5
1763,99.07,180.18,1.126125,2.593103,3.587099,13.549072,0,9.3265,160,true,5,110,0.9,1,2.2,0.3,3
2233,99.02,179.51,1.019943,2.179435,3.180546,12.916914,0,10.9652,176,true,5,104,0.9,1,2.8,1,2.9
1746,99.07,179.38,1.164805,2.599893,3.089563,11.994397,0,10.8678,154,true,5,110,0.9,1,3,0.4,3.8
2220,96.01,179.23,1.253357,2.537663,2.395803,10.849917,0,14.0578,143,true,5,110,0.9,0,2.2,0.7,2.1
2045,98.2,178.7,1.096319,2.276155,2.714568,8.952577,0,12.3157,163,true,5,120,1,0,2.6,0.7,2.5
2294,99.65,178.62,1.476198,3.257298,3.580277,15.890899,0,9.3054,121,true,5,110,1,1,3,0.3,2.2
2153,99.82,178.13,1.41373,3.1948,4.517626,18.350517,0,7.302,126,true,5,110,1,1,2.4,0.4,2.5
2116,99.81,177.93,1.412143,3.156205,4.427221,18.323497,0,7.4505,126,true,5,110,1,1,2.4,0.5,2.1
2274,99.81,177.71,1.260355,2.814293,4.468444,17.905744,0,7.6325,141,true,5,104,1,1,2.8,0.4,3.7
1922,98.53,177.57,1.123861,2.395004,2.830703,12.665365,0,11.7763,158,true,5,110,0.9,1,2.8,1,2.9
1880,99.81,177.38,1.407778,3.14954,4.413536,18.27026,0,7.4505,126,true,5,110,1,1,2.4,0.5,2.3
2066,99.81,177.21,1.256809,2.809188,4.455871,17.823708,0,7.6325,141,true,5,104,1,1,2.8,0.4,4
2142,98.85,176.42,1.102625,2.542942,3.439657,13.345768,0,9.5188,160,true,5,110,0.9,1,2,0.4,3.1
2335,99.79,175.54,1.244965,2.702289,4.301397,17.62509,0,7.8609,141,true,5,104,1,1,2.6,0.7,2.4
1491,99.62,175.43,1.461917,3.176551,3.470425,15.449788,0,9.4421,120,true,5,110,1,1,3.6,0.4,2.6
2264,99.78,175.22,1.242695,2.681735,4.247758,17.547395,0,7.9489,141,true,5,104,1,1,2.8,0.7,2
2143,98.66,175.15,0.941667,2.129053,2.968644,13.170355,0,11.3239,186,true,5,102,0.9,1,2.6,0.7,3.7
1895,76.72,175.14,0.745277,1.647971,1.641425,6.720857,0,17.1806,235,true,5,116,0.8,0,3.8,0.7,3.6
2080,98.5,175.06,1.067439,2.52107,2.765998,9.705159,0,11.8405,164,true,5,120,1,1,3,0.7,3.7
2307,98.64,174.49,0.938118,2.124799,2.957458,13.101128,0,11.3239,186,true,5,102,0.9,1,2.6,0.7,4
899,99.43,172.97,1.441417,3.040222,3.206117,15.167465,0,10.0892,120,true,5,110,1,1,3.6,0.7,2.2
1331,99.63,172.79,1.428017,3.183622,3.46342,15.390112,0,9.3054,121,true,5,110,1,1,3,0.3,3.6
2081,82.99,172.68,1.143576,2.445989,2.120855,11.394941,0,12.2484,151,true,5,104,1,1,1.4,0.8,2.3
1938,82.99,172.68,1.143576,2.445989,2.120855,11.394941,0,12.2484,151,true,5,104,1,1,1.4,0.8,1.7
1678,82.99,172.68,1.143576,2.445989,2.120855,11.394941,0,12.2484,151,true,5,104,1,1,1.4,0.8,3.3
1624,82.99,172.68,1.143576,2.445989,2.120855,11.394941,0,12.2484,151,true,5,104,1,1,1.4,0.8,3.6
1098,99.38,172.35,1.42438,3.032669,3.159487,15.240764,0,10.1902,121,true,5,110,1,1,3,0.7,2.4
1329,99.81,171.68,1.36254,3.080465,4.271709,17.69036,0,7.4505,126,true,5,110,1,1,2.4,0.5,3.8
2302,99.76,171.67,1.36246,2.936273,3.936482,17.534745,0,8.1227,126,true,5,110,1,1,2.4,0.9,2.2
2163,99.78,171.47,1.216099,2.645743,4.156848,17.195197,0,7.9489,141,true,5,104,1,1,2.8,0.7,3.8
1903,97.74,171.42,1.051656,2.224166,2.587081,8.580055,0,12.3962,163,true,5,120,1,0,2.6,0.7,3.1
2017,99.56,171.13,1.414298,3.122938,3.34565,15.206086,0,9.5436,121,true,5,110,1,1,3,0.4,3.7
1537,99.42,170.81,1.423417,3.026216,3.183784,15.017237,0,10.029,120,true,5,110,1,1,3.2,0.8,2.8
2124,99.23,170.72,1.510796,3.003286,3.041511,14.044293,0,10.5539,113,true,5,110,1,0,2.8,0.7,1.5
1978,99.76,170.48,1.209078,2.565042,4.025502,16.975988,0,8.1842,141,true,5,104,1,1,2.8,0.9,2
2284,99.55,170.15,1.406198,3.11078,3.326491,15.087468,0,9.5436,121,true,5,110,1,1,3,0.4,4
1272,99.35,170.14,1.406116,3.006605,3.118973,15.055947,0,10.1902,121,true,5,110,1,1,3,0.7,2.9
2289,99.39,169.78,1.414833,3.002595,3.146988,14.902465,0,10.0892,120,true,5,110,1,1,3.6,0.7,3
2095,99.34,169.77,1.403058,3.002241,3.112191,15.025418,0,10.1902,121,true,5,110,1,1,3,0.7,3
2340,98.89,169.52,1.072911,2.453361,3.208783,12.679633,0,9.8742,158,true,5,110,0.9,1,2.2,0.5,3.8
2187,99.39,168.36,1.403,2.997153,3.138117,14.802865,0,10.029,120,true,5,110,1,1,3.2,0.8,3.5
1685,99.75,168.35,1.193972,2.526154,3.9417,16.741992,0,8.2627,141,true,5,104,1,1,2.8,1,2.3
1625,93.52,167.62,1.148082,2.436948,2.152838,10.309077,0,14.6243,146,true,5,110,0.9,0,2.2,0.4,3.7
1845,99.3,166.95,1.379752,2.968982,3.060495,14.779114,0,10.1902,121,true,5,110,1,1,3,0.7,3.7
2263,99.29,166.83,1.37876,2.967567,3.058295,14.767424,0,10.1902,121,true,5,110,1,1,3,0.7,3.8
2201,99.29,166.4,1.375207,2.962496,3.050412,14.729759,0,10.1902,121,true,5,110,1,1,3,0.7,3.9
1265,99.28,165.97,1.371653,2.957424,3.04253,14.661788,0,10.1902,121,true,5,110,1,1,3,0.7,4
1884,96.57,165.58,1.13411,2.372741,2.42324,10.829449,0,13.1723,146,true,5,106,0.9,0,3.8,0.7,2
1513,99.75,165.11,1.310397,2.862283,3.786058,16.875016,0,8.1227,126,true,5,110,1,1,2.4,0.9,3.9
1041,98.29,164.01,0.982096,2.298678,3.215882,12.984679,0,9.5286,167,true,5,106,0.9,1,2,0.4,3.1
2223,97.98,163.7,1.435965,2.889646,2.594295,13.663968,0,11.8591,114,true,5,110,1,0,3.8,0.4,1.6
1451,53.97,163.46,1.900698,2.228284,1.303405,7.746085,0,22.1057,86,true,10,84,0.8,1,2.8,0.3,3.8
2190,96.21,163.36,1.002209,2.166607,2.351857,8.159625,0,12.9948,163,true,5,120,1,0,2.6,0.7,3.7
1250,56.24,163.32,0.202882,1.49264,1.461477,4.966789,0,16.1107,805,false,1,118,0.5,0,1.6,0.8,2.3
200,90.92,163.06,1.14028,2.314364,1.993155,9.790337,0,15.3796,143,true,5,110,0.9,0,2.2,1,3.6
948,56.08,163.01,0.202497,1.491705,1.455576,4.955625,0,16.1453,805,false,1,118,0.5,0,3.2,0.8,2.8
2007,99.05,162.81,1.440796,2.910467,2.900588,13.423466,0,10.5539,113,true,5,110,1,0,2.8,0.7,3.5
1755,93.15,162.08,0.947836,2.152856,2.136849,11.628002,0,14.4857,171,true,5,102,0.9,1,3,0.4,2.5
1341,81.01,161.33,0.597519,3.137387,2.08114,11.201623,0,14.5539,270,false,1,80,0.6,0,3.2,0.8,1.5
2060,80.99,161.22,0.597111,3.13593,2.079721,11.192079,0,14.5539,270,false,1,80,0.6,0,3.2,0.8,1.8
1894,80.99,161.2,0.597037,3.135665,2.079463,11.182357,0,14.5539,270,false,1,80,0.6,0,1,0.8,2
1578,80.96,161.02,0.59637,3.13328,2.077141,11.171333,0,14.5539,270,false,1,80,0.6,0,2.8,0.8,2.3
887,80.96,161.02,0.59637,3.13328,2.077141,11.171333,0,14.5539,270,false,1,80,0.6,0,3.4,0.8,2.3
1370,80.95,160.96,0.596148,3.132485,2.076367,11.167656,0,14.5539,270,false,1,80,0.6,0,3.4,0.8,2.5
1724,81.37,160.66,0.595037,3.096842,2.072497,11.030348,0,14.5545,270,false,1,80,0.6,0,2.8,0.9,1.5
1372,80.88,160.56,0.594667,3.127186,2.071207,11.137541,0,14.5539,270,false,1,80,0.6,0,3.2,0.8,3.1
1988,81.34,160.47,0.594333,3.094362,2.070046,11.007963,0,14.5545,270,false,1,80,0.6,0,2.6,0.9,2.1
2090,81.31,160.29,0.593667,3.092013,2.067724,10.997054,0,14.5545,270,false,1,80,0.6,0,2.8,0.9,2.5
2136,80.81,160.12,0.593037,3.121357,2.065531,11.104957,0,14.5539,270,false,1,80,0.6,0,2.8,0.8,3.9
1407,80.81,160.12,0.593037,3.121357,2.065531,11.104957,0,14.5539,270,false,1,80,0.6,0,3.4,0.8,3.9
2099,81.27,160.05,0.592778,3.08888,2.064628,10.982487,0,14.5545,270,false,1,80,0.6,0,1.6,0.9,2.9
106,0.2,160.04,13.336667,6.343573,1.153275,1.268957,0,22.6545,12,true,16385,86,1,1,1.4,0.3,3.6
1828,81.27,160,0.592593,3.088228,2.063983,10.976789,0,14.5545,270,false,1,80,0.6,0,1.8,0.9,3
1664,81.27,160,0.592593,3.088228,2.063983,10.976789,0,14.5545,270,false,1,80,0.6,0,2.8,0.9,3
1997,81.22,159.69,0.591444,3.084182,2.059985,10.955287,0,14.5545,270,false,1,80,0.6,0,2.8,0.9,3.6
1563,92.59,158.55,0.927193,2.127747,2.09031,11.385931,0,14.4857,171,true,5,102,0.9,1,3,0.4,3.8
2049,92.85,158.33,0.931353,2.124423,2.104053,11.179285,0,14.3821,170,true,5,102,0.9,1,3.6,0.4,3.8
2195,92.53,158.23,0.925322,2.125471,2.086091,11.364909,0,14.4857,171,true,5,102,0.9,1,3,0.4,3.9
1704,80.97,158.22,0.586,3.024827,2.041022,10.823867,0,14.5553,270,false,1,80,0.6,0,2.6,1,3.5
2185,99.16,157.37,1.035329,2.434549,3.837357,17.584852,0,7.7744,152,true,5,102,1,1,2.4,0.2,2.3
1682,56.61,157.07,0.195361,1.479062,1.477611,4.914572,0,15.2976,804,false,1,118,0.5,0,2.4,0.6,3.8
2144,90.56,157.06,0.929349,2.099783,1.979332,11.221694,0,15.1825,169,true,5,102,0.9,1,3,0.5,2.3
2102,78.03,156.37,0.579148,3.035008,2.017157,11.197041,0,14.5534,270,false,1,80,0.6,0,1,0.7,2.1
1598,78.01,156.25,0.578704,3.033446,2.015609,11.189443,0,14.5534,270,false,1,80,0.6,0,3.2,0.7,2.3
1500,78.01,156.25,0.578704,3.033446,2.015609,11.189443,0,14.5534,270,false,1,80,0.6,0,3.2,0.7,2.2
2230,97.45,156.22,1.370351,2.803301,2.475753,13.066299,0,11.8591,114,true,5,110,1,0,2.8,0.4,3.5
1288,77.98,156.07,0.578037,3.031104,2.013287,11.178036,0,14.5534,270,false,1,80,0.6,0,3.2,0.7,2.7
2254,92.73,155.93,1.068014,2.209322,2.083233,10.087659,0,14.461,146,true,5,106,0.9,0,3.8,1,2.3
1857,49.07,155.47,0.194337,1.46286,1.221576,4.558397,0,18.35,800,false,1,120,0.5,0,3.2,0.8,1.7
2180,39.75,154.8,0.496154,1.491678,1.106267,3.662169,0,23.6356,312,true,5,120,0.8,1,1.4,0.8,3.6
1822,67.05,154.67,0.546537,1.508148,1.4173,5.282206,0,18.4475,283,true,5,120,0.8,1,4,0.7,2
2239,99.38,152.8,1.083688,2.458294,3.88903,16.482572,0,7.5458,141,true,5,104,1,1,2.4,0.5,3.8
1783,39.22,152.43,0.488558,1.484151,1.08933,3.609307,0,23.7306,312,true,5,120,0.8,1,1.4,0.8,3.3
2246,87.65,152.06,0.905119,2.012586,1.839806,10.541815,0,15.8857,168,true,5,102,0.9,1,3.8,0.7,1.5
2059,88.61,149.76,1.062128,2.366423,1.889001,11.566436,0,14.832,141,true,5,116,1,1,2.6,0.5,2.1
2065,87.19,149.62,0.885325,2.004094,1.812038,10.631422,0,15.8551,169,true,5,102,0.9,1,3,0.7,2.9
1916,87.03,149.1,0.8875,1.992875,1.803993,10.354183,0,15.8857,168,true,5,102,0.9,1,3.8,0.7,2.6
2292,99.61,148.97,1.111716,2.500806,3.35972,15.002288,0,8.4271,134,true,5,102,1,1,3,0.3,3.6
1865,85.51,148.53,1.076304,2.364037,1.757336,10.33957,0,15.8123,138,true,5,116,1,1,3.2,0.4,1.5
2339,92.94,147.8,1.660674,7.563055,1.988162,11.148503,0,11.6782,89,false,5,108,0.4,0,2.2,0.2,3.6
2208,92.94,147.8,1.660674,7.563055,1.988162,11.148503,0,11.6782,89,false,5,108,0.4,0,2.2,0.2,2.4
1728,92.94,147.8,1.660674,7.563055,1.988162,11.148503,0,11.6782,89,false,5,108,0.4,0,2.2,0.2,1.7
1456,92.94,147.8,1.660674,7.563055,1.988162,11.148503,0,11.6782,89,false,5,108,0.4,0,2.2,0.2,2.8
2338,92.83,147.21,1.654045,7.36997,1.980226,11.087253,0,11.689,89,false,5,108,0.4,0,3.6,0.3,1.5
2329,92.83,147.21,1.654045,7.36997,1.980226,11.087253,0,11.689,89,false,5,108,0.4,0,3.6,0.3,2.6
2036,92.83,147.21,1.654045,7.36997,1.980226,11.087253,0,11.689,89,false,5,108,0.4,0,3,0.3,3.1
1927,92.83,147.21,1.654045,7.36997,1.980226,11.087253,0,11.689,89,false,5,108,0.4,0,3.6,0.3,2.5
1762,92.83,147.21,1.654045,7.36997,1.980226,11.087253,0,11.689,89,false,5,108,0.4,0,3.6,0.3,2.2
1761,92.83,147.21,1.654045,7.36997,1.980226,11.087253,0,11.689,89,false,5,108,0.4,0,3.6,0.3,2.4
1586,92.83,147.21,1.654045,7.36997,1.980226,11.087253,0,11.689,89,false,5,108,0.4,0,3.6,0.3,2.3
2253,87.01,147.16,0.875952,1.986129,1.795291,10.284798,0,15.752,168,true,5,102,0.9,1,3.6,0.7,3.7
1946,87.01,147.15,0.875893,1.986062,1.795169,10.284181,0,15.752,168,true,5,102,0.9,1,3.6,0.7,3.8
2085,92.69,146.51,1.64618,7.153297,1.97081,10.641729,0,11.7019,89,false,5,108,0.4,0,2.8,0.4,4
2186,86.41,146.21,0.870298,1.97363,1.769026,10.160353,0,15.8857,168,true,5,102,0.9,1,3.8,0.7,3.8
2056,92.55,145.81,1.638315,6.949,1.961394,10.58187,0,11.7148,89,false,5,108,0.4,0,2,0.5,2
1575,92.55,145.81,1.638315,6.949,1.961394,10.58187,0,11.7148,89,false,5,108,0.4,0,2.2,0.5,2.8
1789,99.79,145.53,1.192869,2.492309,4.102904,13.279164,0,6.9264,122,true,5,104,1,0,3.8,0.7,2.5
2334,92.43,145.18,1.631236,6.774861,1.952919,10.522898,0,11.7265,89,false,5,108,0.4,0,1.4,0.6,2.1
2054,92.43,145.18,1.631236,6.774861,1.952919,10.522898,0,11.7265,89,false,5,108,0.4,0,2.2,0.6,2.8
1965,92.43,145.18,1.631236,6.774861,1.952919,10.522898,0,11.7265,89,false,5,108,0.4,0,1.4,0.6,3.6
1824,92.43,145.18,1.631236,6.774861,1.952919,10.522898,0,11.7265,89,false,5,108,0.4,0,2,0.6,2.9
1528,83.88,144.53,1.039784,2.314746,1.685678,10.060126,0,16.0406,139,true,5,116,1,1,3.4,0.3,2
1622,73.64,143.77,0.506232,3.842428,1.854618,16.051794,0,14.5356,284,false,1,80,0.6,1,1.2,0.3,1.7
2290,73.61,143.63,0.505739,3.799259,1.852812,15.818655,0,14.5356,284,false,1,80,0.6,1,1.2,0.6,2.7
2096,83.62,143.13,1.029712,2.30201,1.669349,9.967358,0,16.0406,139,true,5,116,1,1,3.4,0.3,2.2
2295,99.79,142.78,1.170328,2.46411,4.025374,13.039066,0,6.9264,122,true,5,104,1,0,3.8,0.7,3.7
1282,73.43,142.74,0.502606,3.726648,1.841331,15.76449,0,14.5356,284,false,1,80,0.6,1,1.2,0.8,1.6
1969,73.42,142.7,0.502465,3.725883,1.840815,15.727461,0,14.5356,284,false,1,80,0.6,1,1.2,0.8,2.2
991,73.4,142.61,0.502148,3.724164,1.839654,15.718641,0,14.5356,284,false,1,80,0.6,1,1.2,0.8,2.5
1918,83.5,142.45,1.02482,2.295825,1.661418,9.922647,0,16.0406,139,true,5,116,1,1,3.4,0.3,2.3
2299,88.02,142.36,1.009645,2.32749,1.835956,11.087392,0,14.5065,141,true,5,116,1,1,2.6,0.4,3.7
906,73.33,142.25,0.50088,3.707461,1.83501,15.636571,0,14.5356,284,false,1,80,0.6,1,1.2,0.8,3.6
2029,99.55,142.2,1.156098,2.459659,3.356148,13.168825,0,8.2461,123,true,5,104,1,0,3,0.4,1.7
2093,99.55,142.2,1.156098,2.459659,3.356148,13.168825,0,8.2461,123,true,5,104,1,0,3.8,0.4,1.6
1993,73.3,142.09,0.500317,3.682968,1.832946,15.653429,0,14.5356,284,false,1,80,0.6,1,1.2,1,2.2
1087,73.07,142,0.706468,1.781852,1.73977,7.972477,0,14.2289,201,true,5,110,0.8,1,2,0.6,3.8
1389,55.58,141.67,0.224873,1.559496,1.218667,5.68839,0,16.4807,630,false,1,120,0.6,0,1.2,0.8,2.2
1284,55.57,141.65,0.224841,1.559417,1.218285,5.687669,0,16.4835,630,false,1,120,0.6,0,1.2,0.8,2.3
1811,73.2,141.6,0.498592,3.664158,1.826625,15.558936,0,14.5356,284,false,1,80,0.6,1,1.2,1,3.8
2235,93.12,141.14,1.585843,6.930252,1.993503,10.740969,0,11.2301,89,false,5,108,0.4,1,3.2,0.4,1.5
1686,87.71,140.84,0.998865,2.313316,1.816353,10.948257,0,14.5065,141,true,5,116,1,1,2.6,0.4,4
1472,73.27,140.82,0.521556,2.681834,1.816563,10.756151,0,14.5528,270,false,1,80,0.6,0,2.4,0.6,2.6
1561,73,140.63,0.471913,3.684803,1.814112,16.204139,0,14.5343,298,false,1,80,0.6,1,1,0.3,4
1795,73.17,140.29,0.519593,2.675505,1.809727,10.713838,0,14.5528,270,false,1,80,0.6,0,2.4,0.6,3.6
2176,81.76,138.75,0.821006,1.876666,1.585533,9.779368,0,16.8964,169,true,5,102,0.9,1,3,1,3.5
1643,72.36,137.52,0.485936,3.335598,1.773994,14.447998,0,14.5375,283,false,1,80,0.6,1,1.6,1,2.2
1817,72.36,137.51,0.485901,3.335428,1.773865,14.44706,0,14.5375,283,false,1,80,0.6,1,1.6,1,2.3
1928,77.75,137.43,0.642196,1.663336,1.615303,7.090226,0,16.5767,214,true,5,100,0.8,0,3.8,0.7,3.6
2112,79.2,137.33,0.995145,2.153355,1.479212,9.389809,0,17.3689,138,true,5,116,1,1,3.4,0.8,1.7
1808,98.66,136.84,0.900263,2.076633,3.067474,15.046539,0,8.5588,152,true,5,102,1,1,2.4,0.9,3.9
1631,57.93,136.5,1.066406,1.709275,1.039525,5.022708,0,17.1019,128,true,10,94,0.8,1,1.2,0.9,1.6
1384,57.93,136.5,1.066406,1.709275,1.039525,5.022708,0,17.1019,128,true,10,94,0.8,1,1.2,0.9,2.1
1232,78.72,136.45,0.988768,2.01669,1.435862,8.376708,0,17.6912,138,true,5,116,1,0,2.8,0.7,1.5
1910,77.23,135.77,0.983841,2.04672,1.390089,8.543193,0,18.1691,138,true,5,116,1,0,4,0.4,1.5
1520,71.95,135.4,0.497794,2.767855,1.746646,11.982147,0,14.5509,272,false,1,80,0.6,1,3.8,0.3,3.1
1597,71.94,135.38,0.497721,2.749548,1.746388,11.973706,0,14.5509,272,false,1,80,0.6,1,3.8,0.5,1.5
1779,71.9,135.22,0.497132,2.776172,1.744324,12.073892,0,14.5498,272,false,1,80,0.6,1,3.6,0.6,2.2
908,77.09,134.75,0.976449,2.038856,1.379646,8.481265,0,18.1691,138,true,5,116,1,0,2.8,0.4,1.7
1715,71.81,134.72,0.495294,2.741018,1.737874,11.898707,0,14.5509,272,false,1,80,0.6,1,3.8,0.5,3
1856,71.69,134.29,0.344333,2.59831,1.732327,12.699534,0,14.5356,390,false,1,80,0.5,1,1.2,0.8,1.7
1433,71.69,134.26,0.344256,2.597953,1.73194,12.674672,0,14.5356,390,false,1,80,0.5,1,1.2,0.8,3.2
773,81.67,134.24,0.741657,1.83984,1.595057,9.144102,0,16.1177,181,true,5,100,0.9,1,3,0.4,3.8
1983,77.33,133.92,0.970435,1.979377,1.380619,8.200204,0,18.0626,138,true,5,116,1,0,2.8,0.8,1.5
1267,56.91,133.84,1.045625,1.685972,1.007604,4.912648,0,17.3256,128,true,10,94,0.8,1,1.2,1,1.7
1579,71.56,133.35,0.493889,2.538595,1.720201,10.305856,0,14.5523,270,false,1,80,0.6,0,2.4,0.5,1.8
752,77.24,133.28,0.965797,1.974697,1.374021,8.162994,0,18.0626,138,true,5,116,1,0,2.8,0.8,1.6
1447,64,133.13,0.350342,2.202946,1.424155,10.337511,0,17.3448,380,false,1,90,0.6,1,2.6,0.2,2
698,71.51,133.09,0.492926,2.535595,1.716847,10.278785,0,14.5523,270,false,1,80,0.6,0,3.6,0.5,2.5
1485,71.46,132.98,0.488897,2.664956,1.715428,11.576293,0,14.5523,272,false,1,80,0.6,1,4,0.7,3.8
1990,76.46,132.83,0.955612,2.024212,1.353061,8.368274,0,18.2581,139,true,5,116,1,0,4,0.3,2
1853,71.43,132.69,0.491444,2.53098,1.711687,10.245116,0,14.5523,270,false,1,80,0.6,0,2.4,0.5,3.1
1620,71.36,132.56,0.487353,2.665327,1.71001,11.575156,0,14.5523,272,false,1,80,0.6,1,4,0.4,3.7
2024,78.14,132.51,0.960217,1.987333,1.394402,8.147615,0,17.6912,138,true,5,116,1,0,2.8,0.7,2.1
1141,71.39,132.49,0.490704,2.528672,1.709107,10.231276,0,14.5523,270,false,1,80,0.6,0,3.6,0.5,3.6
1344,71.36,132.39,0.490333,2.527518,1.707817,10.222872,0,14.5523,270,false,1,80,0.6,0,2.4,0.5,3.7
692,71.36,132.35,0.490185,2.527057,1.707301,10.220105,0,14.5523,270,false,1,80,0.6,0,2.4,0.5,3.8
985,79.2,132.25,0.958333,2.005933,1.42434,8.176404,0,17.2802,138,true,5,116,1,0,1,0.6,2.6
1825,71.34,132.25,0.489815,2.525903,1.706011,10.208672,0,14.5523,270,false,1,80,0.6,0,2.4,0.5,4
1488,0.23,132.24,13.224,15.942373,3.605234,1.599262,0,6.5593,10,true,30,116,0.9,1,3.6,0.3,1.6
1972,76.33,131.85,0.948561,2.016655,1.343078,8.310777,0,18.2581,139,true,5,116,1,0,1,0.3,2.1
1048,63.79,131.73,0.346658,2.152998,1.409178,10.047057,0,17.3448,380,false,1,90,0.6,1,2.6,0.9,1.5
1327,71.5,131.27,0.361625,2.021636,1.693369,8.32635,0,14.5539,363,false,1,80,0.5,0,2.2,0.8,2.9
1695,76.91,130.96,0.948986,1.95773,1.350103,8.027484,0,18.0626,138,true,5,116,1,0,1,0.8,2
1731,70.96,130.71,0.480551,2.840727,1.686146,12.751488,0,14.5435,272,false,1,80,0.6,1,2.6,0.7,3.8
1421,70.88,130.33,0.479154,2.83978,1.681244,12.79287,0,14.5435,272,false,1,80,0.6,1,2.6,0.5,2
1503,70.85,130.19,0.47864,2.837804,1.679438,12.774566,0,14.5435,272,false,1,80,0.6,1,2.6,0.5,3.6
2224,76.98,129.87,0.934317,2.020429,1.347619,8.218201,0,17.918,139,true,5,116,1,0,2.2,0.2,2.8
1427,70.75,129.63,0.480111,2.492745,1.672214,10.199958,0,14.5509,270,false,1,80,0.6,0,2.8,0.3,1.6
1766,70.74,129.57,0.479889,2.492054,1.67144,10.194204,0,14.5509,270,false,1,80,0.6,0,1,0.3,1.7
1716,76.71,129.56,0.938841,1.947492,1.33567,7.945653,0,18.0626,138,true,5,116,1,0,2.8,0.8,2.2
1170,70.72,129.54,0.47625,2.793686,1.671053,12.640033,0,14.5435,272,false,1,80,0.6,1,2.6,1,3.5
2155,70.69,129.32,0.478963,2.489175,1.668215,10.165783,0,14.5509,270,false,1,80,0.6,0,3.6,0.3,2.3
1975,70.69,129.32,0.478963,2.489175,1.668215,10.165783,0,14.5509,270,false,1,80,0.6,0,2.6,0.3,2.2
2003,70.69,129.32,0.478963,2.489175,1.668215,10.165783,0,14.5509,270,false,1,80,0.6,0,3.6,0.3,2.2
1771,70.69,129.32,0.478963,2.489175,1.668215,10.165783,0,14.5509,270,false,1,80,0.6,0,3.2,0.3,2.3
1505,70.69,129.32,0.478963,2.489175,1.668215,10.165783,0,14.5509,270,false,1,80,0.6,0,2.8,0.3,2.2
1340,70.68,129.26,0.478741,2.488485,1.667441,10.161546,0,14.5509,270,false,1,80,0.6,0,3.2,0.3,2.4
1554,70.65,129.14,0.478296,2.487103,1.665893,10.153069,0,14.5509,270,false,1,80,0.6,0,3.2,0.3,2.7
1535,70.63,129.03,0.477889,2.485836,1.664474,10.145292,0,14.5509,270,false,1,80,0.6,0,3,0.3,2.8
1737,70.63,129.02,0.477852,2.485721,1.664345,10.144586,0,14.5509,270,false,1,80,0.6,0,2.8,0.3,2.9
455,75.95,128.85,0.926978,1.993523,1.312519,8.129066,0,18.2581,139,true,5,116,1,0,1,0.3,2.6
657,70.58,128.84,0.475424,2.863465,1.662023,12.898402,0,14.5422,271,false,1,80,0.6,1,2.4,0.8,2.5
1172,64.41,128.83,0.582941,1.611148,1.16084,5.490274,0,20.7501,221,true,5,120,0.9,1,3.6,0.3,1.6
1747,70.55,128.7,0.474908,2.861441,1.660217,12.879569,0,14.5422,271,false,1,80,0.6,1,2.4,0.8,3.8
1060,70.53,128.52,0.476,2.479963,1.657895,10.101698,0,14.5509,270,false,1,80,0.6,0,2.8,0.3,3.8
1718,70.5,128.47,0.474059,2.848755,1.65725,12.861954,0,14.5422,271,false,1,80,0.6,1,2.4,0.9,2.7
1976,74.3,128.18,0.928841,1.899635,1.26535,7.802538,0,18.8732,138,true,5,116,1,0,2.8,1,1.5
1228,77.5,128.11,0.928333,1.954549,1.348101,7.887947,0,17.6912,138,true,5,116,1,0,2.8,0.7,2.8
1806,70.37,127.81,0.46989,2.709147,1.648736,12.219244,0,14.5455,272,false,1,80,0.6,1,2.8,0.9,2.1
1268,70.32,127.64,0.334136,2.381236,1.646543,11.611652,0,14.5375,382,false,1,80,0.5,1,1.6,1,1.7
1797,70.33,127.53,0.472333,2.435987,1.645124,9.993417,0,14.5512,270,false,1,80,0.6,0,3.2,0.4,1.9
1890,70.3,127.49,0.468713,2.698961,1.644608,12.202465,0,14.5455,272,false,1,80,0.6,1,2.8,1,1.5
1583,66.17,127.42,0.286337,2.056025,1.470683,10.024444,0,16.0382,445,false,1,84,0.5,1,1.6,1,1.7
1441,70.29,127.35,0.471667,2.43396,1.642802,9.980736,0,14.5512,270,false,1,80,0.6,0,3.2,0.4,2.3
1776,70.25,127.25,0.467831,2.669509,1.641512,11.599237,0,14.5463,272,false,1,80,0.6,1,3,0.7,2.7
834,70.26,127.22,0.471185,2.432496,1.641125,9.97157,0,14.5512,270,false,1,80,0.6,0,3.2,0.4,2.6
1609,77.37,127.19,0.921667,1.947694,1.338419,7.833114,0,17.6912,138,true,5,116,1,0,2.8,0.7,3
1151,70.23,127.06,0.470593,2.430695,1.639061,9.960277,0,14.5512,270,false,1,80,0.6,0,2.8,0.4,2.8
1290,77.31,126.83,0.919058,1.945012,1.334631,7.810994,0,17.6912,138,true,5,116,1,0,2.6,0.7,3.1
1998,78.01,126.52,0.910216,2.079522,1.38077,8.776785,0,17.1425,139,true,5,116,1,1,3,0.7,3.7
576,74.84,125.85,0.911957,1.948451,1.260138,7.887807,0,18.5825,138,true,5,116,1,0,1,0.5,2.6
1527,50.93,125.66,0.156294,1.378631,1.246751,4.187112,0,14.3895,804,false,1,118,0.5,0,3,0.3,3.6
1973,75.8,124.79,0.904275,1.962069,1.27767,7.878682,0,18.1691,138,true,5,116,1,0,3,0.4,3.3
1576,76.94,124.19,0.899928,1.925341,1.30685,7.649556,0,17.6912,138,true,5,116,1,0,2.8,0.7,3.5
1556,69.51,123.82,0.339233,2.202253,1.597265,10.213039,0,14.5422,365,false,1,80,0.5,1,2.4,0.7,3.9
1548,69.52,123.76,0.325684,2.262213,1.596491,10.974224,0,14.5397,380,false,1,80,0.5,1,2,0.5,3
1871,75.29,123.53,0.888705,1.952502,1.258327,7.79953,0,18.2581,139,true,5,116,1,0,1,0.3,3.5
478,50.11,123.22,0.153259,1.366617,1.210294,4.067962,0,14.5741,804,false,1,118,0.5,0,2.8,0.4,2.5
1070,49.95,122.79,0.152724,1.365338,1.200998,4.052158,0,14.6356,804,false,1,118,0.5,0,2.8,0.4,3.7
837,75.16,122.53,0.881511,1.944791,1.248141,7.739614,0,18.2581,139,true,5,116,1,0,1,0.3,3.6
842,49.63,121.92,0.151642,1.362749,1.182427,4.02952,0,14.7602,804,false,1,118,0.5,0,2.8,0.4,2
1701,53.54,121.76,0.224649,1.542965,1.039085,5.291561,0,16.575,542,false,1,110,0.6,0,1.6,0.7,2.4
1459,74.24,121.72,0.882029,1.867569,1.220373,7.448509,0,18.577,138,true,5,116,1,0,3.4,0.9,2.9
2064,73.81,121.57,0.682978,1.707378,1.313986,8.010463,0,17.8507,178,true,5,100,0.9,1,3.8,0.7,2.9
2073,76.51,121.23,0.878478,1.903286,1.275702,7.458977,0,17.6912,138,true,5,116,1,0,2.8,0.7,4
2194,74.99,121.15,0.871583,1.934151,1.234084,7.652951,0,18.2581,139,true,5,116,1,0,1.2,0.3,3.9
1601,66.64,120.71,1.149619,1.644337,1.134066,4.559805,0,14.8305,105,true,6,118,1,0,1,0.6,2
1660,75.47,120.66,0.874348,1.882405,1.243918,7.416294,0,18.0626,138,true,5,116,1,0,1,0.8,3.6
1722,99.9,119.5,1.405882,4.118476,3.867314,14.635938,0,5.5805,85,false,5,108,0.3,0,3.4,0.8,2.5
1902,75.27,119.28,0.864348,1.872312,1.229691,7.332087,0,18.0626,138,true,5,116,1,0,3.4,0.8,3.9
1334,71.23,117.09,1.207113,1.688765,1.135253,4.786859,0,14.5106,97,true,6,116,1,0,1,0.6,2.6
1866,68.16,116.4,0.431111,2.26825,1.501548,9.35154,0,14.5504,270,false,1,80,0.6,0,3.2,0.2,2.2
1907,68.11,116.1,0.43,2.264981,1.497678,9.329667,0,14.5504,270,false,1,80,0.6,0,2.2,0.2,2.9
1264,65.49,115.94,1.10419,1.618875,1.089252,4.372662,0,14.9297,105,true,6,118,1,0,1,0.6,2.6
2001,89.91,109.59,0.550704,3.175268,2.288847,14.758627,0,9.2026,199,false,1,80,0.7,0,3.2,0.8,1.5
2015,90.63,109.31,0.549296,3.145858,2.282999,14.501801,0,9.2029,199,false,1,80,0.7,0,1.8,0.9,2.1
1519,90.63,109.31,0.549296,3.145858,2.282999,14.501801,0,9.2029,199,false,1,80,0.7,0,3.6,0.9,2.1
2110,90.45,108.29,0.544171,3.125834,2.261696,14.355199,0,9.2029,199,false,1,80,0.7,0,3.6,0.9,3.9
2125,90.45,108.29,0.544171,3.125834,2.261696,14.355199,0,9.2029,199,false,1,80,0.7,0,3.6,0.9,4
2152,88.56,107.03,1.845345,10.837316,1.832392,11.227017,0,9.7638,58,false,5,108,0.5,1,3.8,0.7,2.6
2268,88.54,106.95,1.843966,10.758212,1.831022,10.954668,0,9.7651,58,false,5,108,0.5,1,4,0.3,2.3
2181,88.45,106.59,1.837759,10.416078,1.824859,10.913719,0,9.771,58,false,5,108,0.5,1,4,0.7,3.8
2131,88.42,106.49,1.836034,10.324869,1.823147,10.901105,0,9.7726,58,false,5,108,0.5,1,4,0.8,1.5
2245,87.75,103.96,1.792414,9.810169,1.779832,11.347094,0,9.8142,58,false,5,108,0.5,1,3.6,0.2,3.7
2242,87.75,103.96,1.792414,9.810169,1.779832,11.347094,0,9.8142,58,false,5,108,0.5,1,3.6,0.2,3.6
2207,87.75,103.96,1.792414,9.810169,1.779832,11.347094,0,9.8142,58,false,5,108,0.5,1,3.6,0.2,2.3
2098,87.75,103.96,1.792414,9.810169,1.779832,11.347094,0,9.8142,58,false,5,108,0.5,1,3.6,0.2,2.8
2114,87.75,103.96,1.792414,9.810169,1.779832,11.347094,0,9.8142,58,false,5,108,0.5,1,3.6,0.2,3.8
1829,87.75,103.96,1.792414,9.810169,1.779832,11.347094,0,9.8142,58,false,5,108,0.5,1,3.6,0.2,2.4
1551,87.75,103.96,1.792414,9.810169,1.779832,11.347094,0,9.8142,58,false,5,108,0.5,1,3.6,0.2,2.2
1434,87.75,103.96,1.792414,9.810169,1.779832,11.347094,0,9.8142,58,false,5,108,0.5,1,3.6,0.2,3.1
2333,87.73,103.9,1.791379,9.76054,1.778805,11.339853,0,9.8152,58,false,5,108,0.5,1,3.6,0.3,2.2
1749,84.2,103.86,0.52191,2.977909,2.169173,14.622435,0,9.2022,199,false,1,80,0.7,0,2,0.7,2.1
1135,49.19,103.69,0.113945,1.382549,1.005333,4.937128,0,14.666,910,false,1,112,0.5,1,1.4,0.6,2.4
2055,84.15,103.61,0.520653,2.973148,2.163952,14.589816,0,9.2022,199,false,1,80,0.7,0,2.6,0.7,2.6
2288,87.63,103.54,1.785172,9.472995,1.772642,11.296312,0,9.8211,58,false,5,108,0.5,1,3.6,0.7,2.1
1874,87.63,103.54,1.785172,9.472995,1.772642,11.296312,0,9.8211,58,false,5,108,0.5,1,3.6,0.7,2.2
1933,84.11,103.45,0.519849,2.970101,2.16061,14.568888,0,9.2022,199,false,1,80,0.7,0,2.6,0.7,2.8
1642,84.11,103.44,0.519799,2.96991,2.160401,14.567583,0,9.2022,199,false,1,80,0.7,0,2.6,0.7,2.9
2132,87.61,103.44,1.783448,9.396104,1.77093,11.28274,0,9.8227,58,false,5,108,0.5,1,3.6,0.8,2.8
2012,87.61,103.44,1.783448,9.396104,1.77093,11.28274,0,9.8227,58,false,5,108,0.5,1,3.6,0.8,1.7
1646,87.61,103.44,1.783448,9.396104,1.77093,11.28274,0,9.8227,58,false,5,108,0.5,1,3.6,0.8,3.7
2020,84.1,103.39,0.519548,2.968958,2.159357,14.555302,0,9.2022,199,false,1,80,0.7,0,2,0.7,3
2304,87.56,103.26,1.780345,9.2608,1.767848,11.261185,0,9.8257,58,false,5,108,0.5,1,3.6,1,3.6
1842,84.04,103.13,0.518241,2.964007,2.153926,14.515493,0,9.2022,199,false,1,80,0.7,0,2.8,0.7,3.5
2234,84.03,103.08,0.51799,2.963055,2.152882,14.508962,0,9.2022,199,false,1,80,0.7,0,2.6,0.7,3.6
1185,60.88,101.55,0.220761,1.603243,1.282683,7.649738,0,12.0228,460,false,1,120,0.7,0,3.4,0.9,3.6
2258,86.95,100.99,1.741207,8.674012,1.728985,11.474764,0,9.8634,58,false,5,108,0.5,1,3.4,0.7,2.2
2188,86.95,100.99,1.741207,8.674012,1.728985,11.474764,0,9.8634,58,false,5,108,0.5,1,3.4,0.7,3.5
2261,88.67,100.73,1.736724,9.013524,1.835794,11.817902,0,9.2612,58,false,5,106,0.5,1,3.6,0.8,1.7
2040,86.71,100.12,1.726207,7.187886,1.71409,10.317867,0,9.8779,58,false,5,108,0.5,0,3.6,0.3,2.2
1867,86.71,100.12,1.726207,7.187886,1.71409,10.317867,0,9.8779,58,false,5,108,0.5,0,3.6,0.3,2.3
2250,86.6,99.69,1.718793,7.001806,1.706728,10.268955,0,9.8851,58,false,5,108,0.5,0,3.2,0.4,1.9
2077,86.6,99.69,1.718793,7.001806,1.706728,10.268955,0,9.8851,58,false,5,108,0.5,0,2.2,0.4,1.7
1725,86.6,99.69,1.718793,7.001806,1.706728,10.268955,0,9.8851,58,false,5,108,0.5,0,3.2,0.4,2.6
2321,86.33,98.69,1.701552,6.604202,1.689608,10.062606,0,9.9018,58,false,5,108,0.5,0,3.2,0.7,2.8
2243,86.33,98.69,1.701552,6.604202,1.689608,10.062606,0,9.9018,58,false,5,108,0.5,0,3.2,0.7,2.4
2251,86.33,98.69,1.701552,6.604202,1.689608,10.062606,0,9.9018,58,false,5,108,0.5,0,3.2,0.7,2.7
2189,86.33,98.69,1.701552,6.604202,1.689608,10.062606,0,9.9018,58,false,5,108,0.5,0,3.4,0.7,3.9
2117,86.33,98.69,1.701552,6.604202,1.689608,10.062606,0,9.9018,58,false,5,108,0.5,0,3.2,0.7,3.5
1942,86.33,98.69,1.701552,6.604202,1.689608,10.062606,0,9.9018,58,false,5,108,0.5,0,3.2,0.7,1.5
1901,86.33,98.69,1.701552,6.604202,1.689608,10.062606,0,9.9018,58,false,5,108,0.5,0,3.4,0.7,2.2
1032,60.32,95.92,0.189941,1.603612,1.223625,9.822033,0,11.8398,505,false,1,120,0.7,1,2.8,0.7,3.1
2331,87.2,95.55,1.647414,8.227685,1.741389,11.695601,0,9.3429,58,false,5,108,0.5,1,3.2,0.4,3.8
640,59.65,94.68,0.187485,1.591196,1.197117,9.694819,0,11.9475,505,false,1,120,0.7,1,2.8,0.8,2.8
1398,67.97,94.2,0.327083,1.964769,1.369783,8.997034,0,10.8199,288,false,1,94,0.7,0,2,1,3.5
314,0.2,93.97,9.397,4.071919,2.561887,1.007653,0,6.686,10,true,30,120,0.8,0,1.6,0.2,4
1324,59.97,93.27,0.184693,1.596317,1.205818,9.932234,0,11.6691,505,false,1,120,0.7,1,2.8,0.3,2
2210,99.74,92.57,1.051932,2.876165,3.266408,13.562075,0,5.1172,88,false,5,108,0.3,0,3.4,0.4,3.8
1617,57.58,90.36,0.174104,1.552728,1.121231,9.529557,0,12.2643,519,false,1,118,0.7,1,2.8,0.8,2.8
1846,71.6,88.95,0.417606,2.644481,1.625548,14.533113,0,10.4667,213,false,1,84,0.7,1,2.2,0.8,2.9
1113,71.54,88.72,0.416526,2.632683,1.621345,14.498131,0,10.4667,213,false,1,84,0.7,1,2.2,0.9,2.7
1251,71.53,88.7,0.416432,2.632315,1.62098,14.495094,0,10.4667,213,false,1,84,0.7,1,2.2,0.9,3
1511,75.45,88.04,0.442412,2.472241,1.838764,13.704365,0,9.2019,199,false,1,80,0.7,0,3.6,0.6,2.2
1977,75.2,87.28,0.438593,2.459532,1.822891,13.578251,0,9.2019,199,false,1,80,0.7,0,1.6,0.6,3.7
1645,56.88,87.21,0.19,1.530088,1.12384,7.558161,0,11.73,459,false,1,120,0.7,0,3.4,0.2,2.1
1483,70.66,85.55,0.397907,2.48705,1.563414,13.842137,0,10.4667,215,false,1,84,0.7,1,2.6,0.3,2.5
1605,70.53,85.07,0.395674,2.465713,1.554642,13.760833,0,10.4667,215,false,1,84,0.7,1,2.6,0.4,2.1
1009,55.76,85,0.185185,1.509806,1.081012,7.350358,0,11.8949,459,false,1,120,0.7,0,4,0.3,2.9
1649,70.42,84.64,0.393674,2.44758,1.546784,13.603413,0,10.4667,215,false,1,84,0.7,1,2.6,0.5,2.1
1665,70.23,83.93,0.390372,2.418695,1.533808,13.49264,0,10.4667,215,false,1,84,0.7,1,2.6,0.7,2.2
2256,58.68,83.47,0.587817,1.392929,1.130264,5.73808,0,11.235,142,true,5,104,0.7,0,3.6,0.9,4
1565,70.06,83.28,0.387349,2.391711,1.52193,13.394913,0,10.4667,215,false,1,84,0.7,1,2.6,0.9,2
749,70.05,83.27,0.387302,2.391544,1.521747,13.393413,0,10.4667,215,false,1,84,0.7,1,2.6,0.9,2.1
937,69.99,83.04,0.386233,2.382848,1.517544,13.350417,0,10.4667,215,false,1,84,0.7,1,2.6,1,2.2
1696,69.97,82.93,0.385721,2.381016,1.515534,13.325636,0,10.4667,215,false,1,84,0.7,1,2.6,1,3.6
393,69.97,82.93,0.385721,2.381016,1.515534,13.325636,0,10.4667,215,false,1,84,0.7,1,2.6,1,3.5
1818,69.96,82.89,0.385535,2.38035,1.514803,13.319639,0,10.4667,215,false,1,84,0.7,1,2.6,1,3.8
1350,72.69,80.63,0.385789,2.765492,1.684002,15.225995,0,9.1934,209,false,1,80,0.7,1,2,0.2,4
1726,69.36,80.57,0.374744,2.290979,1.472405,12.759034,0,10.4667,215,false,1,84,0.7,1,2.8,1,3.5
1673,72.62,80.42,0.384785,2.752833,1.679616,15.183905,0,9.1934,209,false,1,80,0.7,1,2,0.3,3.8
1202,69.13,80.38,0.375607,2.056242,1.468933,10.526549,0,10.4667,214,false,1,84,0.7,0,2,0.3,1.6
1736,72.55,80.15,0.402764,2.27081,1.673977,12.665459,0,9.2015,199,false,1,80,0.7,0,1.6,0.5,2.1
1442,72.54,80.14,0.402714,2.282856,1.673768,12.879083,0,9.2008,199,false,1,80,0.7,0,2.6,0.4,2.1
1629,72.51,80.09,0.402462,2.473326,1.672723,13.518824,0,9.1992,199,false,1,80,0.7,1,3.4,0.7,2.4
1963,72.5,80.02,0.402111,2.280935,1.671261,12.861022,0,9.2008,199,false,1,80,0.7,0,3,0.4,2.3
1448,69.19,79.9,0.371628,2.25807,1.460161,12.035127,0,10.4667,215,false,1,84,0.7,1,3,0.7,2.9
1959,72.4,79.72,0.400603,2.276133,1.664996,12.815788,0,9.2008,199,false,1,80,0.7,0,2,0.4,2.9
1812,72.3,79.44,0.399196,2.27165,1.659148,12.761222,0,9.2008,199,false,1,80,0.7,0,3,0.4,3.3
1753,72.27,79.37,0.379761,2.681924,1.657686,15.064713,0,9.1934,209,false,1,80,0.7,1,2,0.9,2.6
1862,72.24,79.29,0.379378,2.680229,1.656015,15.02529,0,9.1934,209,false,1,80,0.7,1,2,0.9,2.9
2018,72.24,79.26,0.398291,2.268769,1.655388,12.731055,0,9.2008,199,false,1,80,0.7,0,3,0.4,3.7
2227,72.24,79.23,0.398141,2.256223,1.654762,12.514474,0,9.2015,199,false,1,80,0.7,0,2.4,0.5,3.8
1046,72.21,79.19,0.3789,2.677399,1.653926,15.00749,0,9.1934,209,false,1,80,0.7,1,2,0.9,3
1262,0.1,78.63,8.736667,0,1.208391,1.37619,0,11.9296,9,false,16385,108,0.3,1,4,0.4,2.8
633,0.1,78.63,8.736667,0,1.208391,1.37619,0,11.9296,9,false,16385,96,0.3,1,2.6,0.8,3.7
492,0.1,78.63,8.736667,0,1.208391,1.37619,0,11.9296,9,false,16385,90,0.6,0,4,0.3,4
215,0.1,78.63,8.736667,0,1.208391,1.37619,0,11.9296,9,false,16385,102,0.6,0,1.8,0.2,3.5
66,0.1,78.63,8.736667,0,1.208391,1.37619,0,11.9296,9,false,16385,118,0.7,1,2.2,0.9,2.7
12,0.1,78.63,8.736667,0,1.208391,1.37619,0,11.9296,9,false,16385,116,0.7,1,2.2,0.6,2.9
176,0.1,78.63,8.736667,0,1.208391,1.37619,0,11.9296,9,false,16385,96,0.6,1,2.6,0.2,2.6
467,0.1,78.63,8.736667,0,1.208391,1.37619,0,11.9296,9,false,16385,102,0.8,0,2.2,0.2,3.7
325,0.1,78.63,8.736667,0,1.208391,1.37619,0,11.9296,9,false,16385,118,0.7,1,3.4,0.7,3.6
82,0.1,78.63,8.736667,0,1.208391,1.37619,0,11.9296,9,false,16385,104,1,1,3,0.4,2.9
74,0.1,78.63,8.736667,0,1.208391,1.37619,0,11.9296,9,false,16385,92,0.6,0,2.6,0.3,2.8
365,0.1,78.63,8.736667,0,1.208391,1.37619,0,11.9296,9,false,16385,114,0.6,1,3,0.9,2.2
263,0.1,78.63,8.736667,0,1.208391,1.37619,0,11.9296,9,false,16385,102,0.8,0,3.4,0.7,4
59,0.1,78.63,8.736667,0,1.208391,1.37619,0,11.9296,9,false,16385,108,0.4,0,3.8,0.9,3.3
43,0.1,78.63,8.736667,0,1.208391,1.37619,0,11.9296,9,false,16385,112,0.8,1,3.2,0.7,3.9
458,0.1,78.63,8.736667,0,1.208391,1.37619,0,11.9296,9,false,16385,110,0.8,1,3,0.2,3.7
219,0.1,78.63,8.736667,0,1.208391,1.37619,0,11.9296,9,false,16385,116,0.5,0,3.8,0.9,1.9
1719,71.92,78.3,0.393467,2.392991,1.635338,13.151622,0,9.1999,199,false,1,80,0.7,1,3.6,0.6,2.2
2100,99.32,77.62,0.958272,3.809265,4.173118,19.628334,0,3.336,81,false,5,106,0.3,1,1.8,0.9,3.6
1361,71.7,77.6,0.38995,2.382998,1.620718,13.027757,0,9.1999,199,false,1,80,0.7,1,3.6,0.5,3.8
2244,71.62,77.38,0.3869,2.52203,1.616124,14.114938,0,9.1958,200,false,1,80,0.7,1,2.6,0.4,3.8
1191,71.62,77.38,0.3869,2.52203,1.616124,14.114938,0,9.1958,200,false,1,80,0.7,1,2.6,0.4,4
1446,71.42,76.76,0.3838,2.486445,1.603175,13.958094,0,9.1958,200,false,1,80,0.7,1,2.6,0.7,2
1820,71.37,76.58,0.3829,2.482959,1.599415,13.918845,0,9.1958,200,false,1,80,0.7,1,2.6,0.7,4
1847,71.21,76.08,0.3804,2.435743,1.588972,13.699331,0,9.1971,200,false,1,80,0.7,1,2.8,0.4,2.2
537,0.71,76.07,4.474706,2.496557,1.349716,2.896024,0,10.8383,17,true,30,106,0.9,1,1,0.2,3.7
1364,71.15,75.89,0.37945,2.426504,1.585004,13.615194,0,9.1971,200,false,1,80,0.7,1,2.8,0.5,2.1
2337,87.25,75.43,0.847528,3.006651,1.63907,8.816981,0,8.0963,89,false,5,108,0.4,1,2.6,0.4,3.8
2026,87.25,75.43,0.847528,3.006651,1.63907,8.816981,0,8.0963,89,false,5,108,0.4,1,2.6,0.4,2.2
1945,95.2,75.1,0.950633,2.827695,2.122068,15.547374,0,6.3862,79,false,5,106,0.3,1,4,0.7,3.5
1792,95.2,75.1,0.950633,2.827695,2.122068,15.547374,0,6.3862,79,false,5,106,0.3,1,4,0.7,3.1
1968,70.85,74.94,0.376583,2.376561,1.565163,12.832061,0,9.1976,199,false,1,80,0.7,1,3,0.4,3.1
984,70.82,74.85,0.376131,2.374908,1.563283,12.817588,0,9.1976,199,false,1,80,0.7,1,3,0.4,3.8
918,70.68,74.4,0.372,2.360395,1.553885,13.346966,0,9.1971,200,false,1,80,0.7,1,2.8,1,2.1
1655,67.85,74.17,0.338676,2.130468,1.355446,11.598313,0,10.4667,219,false,1,86,0.7,1,2.8,1,3.5
129,0.17,68.48,6.848,7.746798,1.052405,1.241569,0,12.1558,10,false,16385,98,0.3,0,1.2,0.7,3.6
1640,67.94,68.11,0.457114,1.455159,1.36877,6.834756,0,9.952,149,true,5,96,1,0,3.4,0.7,3.8
25,0.15,67.58,7.508889,3.421354,1.842421,0.724435,0,6.5859,9,true,30,116,1,0,3.8,0.8,2.7
729,68.35,67.16,0.337487,2.003586,1.402673,11.274125,0,9.2003,199,false,1,80,0.7,0,3.6,0.2,1.5
1602,68.33,67.1,0.337186,2.00269,1.40142,11.261762,0,9.2003,199,false,1,80,0.7,0,3.6,0.2,1.7
48,68.13,66.39,0.333618,1.99208,1.386591,11.117369,0,9.2003,199,false,1,80,0.7,0,3.6,0.2,3.1
1402,51.6,65.7,0.45,1.312961,1.017185,4.772163,0,10.2477,146,true,5,104,0.7,0,1.4,0.4,2.6
2219,86.45,65.66,1.132069,4.743444,1.686184,11.339917,0,6.957,58,false,5,108,0.5,1,3,0.4,3.7
2196,86.45,65.66,1.132069,4.743444,1.686184,11.339917,0,6.957,58,false,5,108,0.5,1,3,0.4,2.5
1837,86.35,65.4,1.127586,4.674157,1.679507,11.291522,0,6.9603,58,false,5,108,0.5,1,3,0.7,2.4
1362,66.39,65.05,0.436577,1.457905,1.385517,6.70102,0,9.39,149,true,5,96,1,0,3.4,0.3,3.9
2305,98.8,63.49,0.76494,2.910623,3.413441,20.465956,0,3.3352,83,false,5,106,0.3,1,1.8,0.5,2.9
2215,98.8,63.23,0.761807,2.888026,3.399462,20.387655,0,3.3354,83,false,5,106,0.3,1,1.8,0.6,2.8
1935,98.8,63.23,0.761807,2.888026,3.399462,20.387655,0,3.3354,83,false,5,106,0.3,1,1.8,0.6,2.1
1683,98.8,63.23,0.761807,2.888026,3.399462,20.387655,0,3.3354,83,false,5,106,0.3,1,1.8,0.6,2.4
2287,91.62,61.59,0.716163,2.191757,1.877744,10.681236,0,5.9199,86,false,5,108,0.3,1,4,0.7,3.5
2326,89.47,60.94,0.752346,2.304366,1.726835,15.398852,0,6.3682,81,false,5,106,0.3,1,4,0.4,3.7
1619,84.32,59.98,1.034138,3.392501,1.540318,10.391164,0,6.8827,58,false,5,88,0.4,0,3,0.4,3.3
231,84.32,59.98,1.034138,3.392501,1.540318,10.391164,0,6.8827,58,false,5,88,0.4,0,3,0.4,1.5
2119,80.19,59.81,1.272553,4.61827,4.085383,15.730751,0,2.7204,47,false,5,108,0.4,0,1.2,0.9,4
2094,80.19,59.81,1.272553,4.61827,4.085383,15.730751,0,2.7204,47,false,5,108,0.4,0,1.6,0.9,2.9
1897,80.19,59.81,1.272553,4.61827,4.085383,15.730751,0,2.7204,47,false,5,108,0.4,0,3.4,0.9,2.8
1995,84.15,59.5,1.025862,3.328767,1.527992,10.302953,0,6.8863,58,false,5,88,0.4,0,3,0.5,2.1
2259,80.19,59.44,1.264681,4.51716,4.060109,15.628991,0,2.7215,47,false,5,108,0.4,0,3,1,3.6
2257,80.19,59.44,1.264681,4.51716,4.060109,15.628991,0,2.7215,47,false,5,108,0.4,0,3.6,1,2.9
2238,80.19,59.44,1.264681,4.51716,4.060109,15.628991,0,2.7215,47,false,5,108,0.4,0,2.6,1,3.6
2270,80.19,59.44,1.264681,4.51716,4.060109,15.628991,0,2.7215,47,false,5,108,0.4,0,2.8,1,2.9
452,0.36,58.14,4.152857,1.943984,1.58506,1.310045,0,6.904,14,true,30,120,0.7,0,2.6,0.6,3.8
2327,80.19,57.21,1.217234,4.265411,3.907787,15.173943,0,2.7345,47,false,5,108,0.4,0,3.6,0.8,3.9
2296,80.19,57.21,1.217234,4.265411,3.907787,15.173943,0,2.7345,47,false,5,108,0.4,0,3.6,0.8,1.5
2147,80.19,57.21,1.217234,4.265411,3.907787,15.173943,0,2.7345,47,false,5,108,0.4,0,1,0.8,2
1864,80.19,57.21,1.217234,4.265411,3.907787,15.173943,0,2.7345,47,false,5,108,0.4,0,1,0.8,1.5
1799,80.19,57.21,1.217234,4.265411,3.907787,15.173943,0,2.7345,47,false,5,108,0.4,0,2.2,0.8,2
2306,86.19,56.98,0.982414,4.139394,1.694321,11.360437,0,6.094,58,false,5,108,0.5,1,2.8,0.6,2.4
844,26.08,56.82,1.623429,10.565657,2.292978,18.929633,0,4.4798,35,false,5,104,0.6,1,3.8,0.2,2.5
611,26.08,56.82,1.623429,10.565657,2.292978,18.929633,0,4.4798,35,false,5,104,0.6,1,3.8,0.2,2.6
451,26.08,56.82,1.623429,10.565657,2.292978,18.929633,0,4.4798,35,false,5,104,0.6,1,3.8,0.2,2
1569,97.22,56.81,0.789028,3.243681,3.606984,15.515102,0,2.9339,72,false,5,104,0.3,1,1.6,1,1.5
973,26.07,56.76,1.621714,10.46,2.290557,18.908305,0,4.4803,35,false,5,104,0.6,1,3.8,0.3,4
2277,88.53,55.51,0.957069,4.234848,1.844799,12.910507,0,5.4618,58,false,5,106,0.5,1,2.6,0.7,1.5
1687,70.93,54.13,0.383901,1.583046,1.656365,5.184712,0,5.5691,141,false,4,106,0.3,0,2.6,0.9,3.8
1018,70.93,54.13,0.383901,1.583046,1.656365,5.184712,0,5.5691,141,false,4,106,0.3,0,2.6,0.9,2.2
1222,70.02,52.55,0.372695,1.620718,1.675702,6.558146,0,5.3707,141,false,4,106,0.3,0,1,0.2,2.4
262,0.05,52.32,8.72,0,1.206086,0.665715,0,8.1803,6,false,16385,96,0.9,1,2.6,0.5,1.7
2273,80.15,52.31,1.112979,3.738743,3.573087,14.048681,0,2.7606,47,false,5,108,0.4,0,2.2,0.7,1.5
2091,80.15,52.31,1.112979,3.738743,3.573087,14.048681,0,2.7606,47,false,5,108,0.4,0,2.8,0.7,2.5
1967,80.15,52.31,1.112979,3.738743,3.573087,14.048681,0,2.7606,47,false,5,108,0.4,0,3.2,0.7,2.3
2283,85.61,52.28,0.901379,3.992559,1.737454,12.259655,0,5.494,58,false,5,108,0.5,1,2.6,0.2,1.7
2204,85.52,52.12,0.898621,3.956324,1.732137,12.21974,0,5.4956,58,false,5,108,0.5,1,2.6,0.4,3
2028,85.52,52.12,0.898621,3.956324,1.732137,12.21974,0,5.4956,58,false,5,108,0.5,1,2.6,0.4,2.3
2177,85.52,52.12,0.898621,3.956324,1.732137,12.21974,0,5.4956,58,false,5,108,0.5,1,2.6,0.4,2
2118,85.52,52.12,0.898621,3.956324,1.732137,12.21974,0,5.4956,58,false,5,108,0.5,1,2.6,0.4,2.8
1986,85.52,52.12,0.898621,3.956324,1.732137,12.21974,0,5.4956,58,false,5,108,0.5,1,2.6,0.4,1.5
1758,85.52,52.12,0.898621,3.956324,1.732137,12.21974,0,5.4956,58,false,5,108,0.5,1,2.6,0.4,2.4
1510,85.52,52.12,0.898621,3.956324,1.732137,12.21974,0,5.4956,58,false,5,108,0.5,1,2.6,0.4,3.1
1430,85.52,52.12,0.898621,3.956324,1.732137,12.21974,0,5.4956,58,false,5,108,0.5,1,2.6,0.4,2.2
1411,85.52,52.12,0.898621,3.956324,1.732137,12.21974,0,5.4956,58,false,5,108,0.5,1,2.6,0.4,3.8
945,85.52,52.12,0.898621,3.956324,1.732137,12.21974,0,5.4956,58,false,5,108,0.5,1,2.6,0.4,2.1
873,85.52,52.12,0.898621,3.956324,1.732137,12.21974,0,5.4956,58,false,5,108,0.5,1,2.6,0.4,4
541,85.52,52.12,0.898621,3.956324,1.732137,12.21974,0,5.4956,58,false,5,108,0.5,1,2.6,0.4,3.7
1960,82.79,52.04,0.912982,2.984744,1.470056,9.836379,0,6.3223,57,false,5,86,0.4,0,3.6,0.3,1.6
1401,82.79,52.04,0.912982,2.984744,1.470056,9.836379,0,6.3223,57,false,5,86,0.4,0,3.6,0.3,2.3
1173,82.79,52.04,0.912982,2.984744,1.470056,9.836379,0,6.3223,57,false,5,86,0.4,0,3.6,0.3,2.2
1854,85.47,52.02,0.896897,3.93401,1.728814,12.194733,0,5.4966,58,false,5,108,0.5,1,2.6,0.5,2.1
2324,85.39,51.86,0.894138,3.898826,1.723496,12.154625,0,5.4982,58,false,5,108,0.5,1,2.6,0.7,3.5
2225,85.39,51.86,0.894138,3.898826,1.723496,12.154625,0,5.4982,58,false,5,108,0.5,1,2.6,0.7,2.8
2297,85.39,51.86,0.894138,3.898826,1.723496,12.154625,0,5.4982,58,false,5,108,0.5,1,2.6,0.7,3.1
2111,85.39,51.86,0.894138,3.898826,1.723496,12.154625,0,5.4982,58,false,5,108,0.5,1,2.6,0.7,2.5
2178,85.39,51.86,0.894138,3.898826,1.723496,12.154625,0,5.4982,58,false,5,108,0.5,1,2.6,0.7,1.5
1923,85.39,51.86,0.894138,3.898826,1.723496,12.154625,0,5.4982,58,false,5,108,0.5,1,2.6,0.7,1.7
1873,85.39,51.86,0.894138,3.898826,1.723496,12.154625,0,5.4982,58,false,5,108,0.5,1,2.6,0.7,4
1920,85.39,51.86,0.894138,3.898826,1.723496,12.154625,0,5.4982,58,false,5,108,0.5,1,2.6,0.7,2.2
1709,85.39,51.86,0.894138,3.898826,1.723496,12.154625,0,5.4982,58,false,5,108,0.5,1,2.6,0.7,2.3
1653,85.39,51.86,0.894138,3.898826,1.723496,12.154625,0,5.4982,58,false,5,108,0.5,1,2.6,0.7,3.6
1613,85.39,51.86,0.894138,3.898826,1.723496,12.154625,0,5.4982,58,false,5,108,0.5,1,2.6,0.7,3.8
1317,85.39,51.86,0.894138,3.898826,1.723496,12.154625,0,5.4982,58,false,5,108,0.5,1,2.6,0.7,2.6
1359,85.39,51.86,0.894138,3.898826,1.723496,12.154625,0,5.4982,58,false,5,108,0.5,1,2.6,0.7,2.4
1195,85.39,51.86,0.894138,3.898826,1.723496,12.154625,0,5.4982,58,false,5,108,0.5,1,2.6,0.7,2.1
1062,85.39,51.86,0.894138,3.898826,1.723496,12.154625,0,5.4982,58,false,5,108,0.5,1,2.6,0.7,2
392,85.39,51.86,0.894138,3.898826,1.723496,12.154625,0,5.4982,58,false,5,108,0.5,1,2.6,0.7,3.7
2221,85.34,51.76,0.892414,3.877154,1.720173,12.127715,0,5.4992,58,false,5,108,0.5,1,2.6,0.8,2.5
2120,85.34,51.76,0.892414,3.877154,1.720173,12.127715,0,5.4992,58,false,5,108,0.5,1,2.6,0.8,1.7
1638,85.34,51.76,0.892414,3.877154,1.720173,12.127715,0,5.4992,58,false,5,108,0.5,1,2.6,0.8,1.5
2109,85.29,51.66,0.89069,3.855721,1.716849,12.10312,0,5.5002,58,false,5,108,0.5,1,2.6,0.9,2
1192,53.78,51.59,1.199767,3.693995,1.267256,8.711289,0,7.4645,43,false,5,114,0.6,1,4,0.3,1.6
2301,85.24,51.58,0.88931,3.838745,1.714191,12.08341,0,5.501,58,false,5,108,0.5,1,2.6,1,2.3
2205,85.24,51.58,0.88931,3.838745,1.714191,12.08341,0,5.501,58,false,5,108,0.5,1,2.6,1,1.6
2039,85.24,51.58,0.88931,3.838745,1.714191,12.08341,0,5.501,58,false,5,108,0.5,1,2.6,1,2
1952,85.24,51.58,0.88931,3.838745,1.714191,12.08341,0,5.501,58,false,5,108,0.5,1,2.6,1,3.1
1778,85.24,51.58,0.88931,3.838745,1.714191,12.08341,0,5.501,58,false,5,108,0.5,1,2.6,1,2.1
1618,85.24,51.58,0.88931,3.838745,1.714191,12.08341,0,5.501,58,false,5,108,0.5,1,2.6,1,3.6
1615,85.24,51.58,0.88931,3.838745,1.714191,12.08341,0,5.501,58,false,5,108,0.5,1,2.6,1,3.5
1418,53.76,51.45,1.196512,3.667185,1.263817,8.68628,0,7.4664,43,false,5,114,0.6,1,4,0.4,2.8
1805,82.42,51.01,0.894912,2.871927,1.44096,9.634267,0,6.3289,57,false,5,86,0.4,0,2,0.5,3.8
1633,82.42,51.01,0.894912,2.871927,1.44096,9.634267,0,6.3289,57,false,5,86,0.4,0,2,0.5,2.1
703,82.22,50.41,0.884386,2.810054,1.424011,9.516644,0,6.3324,57,false,5,86,0.4,0,2,0.6,2.9
1647,66.9,50.39,0.357376,1.580396,1.561512,6.149784,0,5.5384,141,false,4,106,0.3,0,1.8,0.3,1.6
761,62.96,47.56,0.337305,1.512998,1.33483,5.351898,0,6.1095,141,false,4,106,0.3,0,3.2,0.7,2.3
602,62.96,47.56,0.337305,1.512998,1.33483,5.351898,0,6.1095,141,false,4,106,0.3,0,3.2,0.7,2.4
1900,9.18,43.24,1.491034,8.506944,1.879183,16.478277,0,4.2394,29,false,5,88,0.5,1,2.6,0.7,3.7
2312,70.43,40.6,0.7,3.123431,1.52919,10.724412,0,4.9483,58,false,5,108,0.5,1,2.4,0.4,1.8
2310,70.38,40.5,0.698276,3.10718,1.525424,10.696542,0,4.9492,58,false,5,108,0.5,1,2.4,0.5,2.3
1711,70.38,40.5,0.698276,3.10718,1.525424,10.696542,0,4.9492,58,false,5,108,0.5,1,2.4,0.5,3.7
2008,70.29,40.34,0.695517,3.081527,1.519397,10.65185,0,4.9507,58,false,5,108,0.5,1,2.4,0.7,3.1
1745,70.24,40.24,0.693793,3.065708,1.515631,10.622354,0,4.9516,58,false,5,108,0.5,1,2.4,0.8,2.9
1961,70.19,40.14,0.692069,3.050051,1.511864,10.59493,0,4.9525,58,false,5,108,0.5,1,2.4,0.9,2.6
1058,2.34,40.14,1.824545,11.878049,1.619855,13.586251,0,4.6191,22,false,5,108,0.7,1,3.6,0.9,1.6
238,0.24,39.98,3.998,12.19888,2.553001,2.935661,0,3.1072,10,false,30,108,0.9,1,1,0.8,3.6
1574,21.69,38.9,1.144118,3.782546,1.994872,12.475828,0,3.8199,34,false,5,120,0.8,0,3.8,0.7,2.5
1929,21.67,38.81,1.141471,3.738885,1.990256,12.437952,0,3.821,34,false,5,120,0.8,0,3.4,0.8,2.3
2267,72.96,36.72,0.781277,2.553299,1.821429,11.237361,0,3.7564,47,false,5,108,0.4,1,2.6,1,3.6
2314,72.96,36.72,0.781277,2.553299,1.821429,11.237361,0,3.7564,47,false,5,108,0.4,1,2.6,1,3.1
1769,7.54,34.9,1.246429,5.622517,1.792501,15.471895,0,3.6263,28,false,5,86,0.5,1,2.6,0.7,3.7
1593,7.54,34.9,1.246429,5.622517,1.792501,15.471895,0,3.6263,28,false,5,86,0.5,1,2.6,0.7,3.6
127,1.8,34.79,1.7395,16.958716,3.275895,21.631101,0,1.9914,20,false,5,100,0.7,0,3.2,0.7,2.9
134,0.12,34.42,4.917143,9.214797,3.401186,1.202998,0,1.9599,7,false,30,112,0.3,0,3.8,0.6,2.2
460,0.25,34.41,3.441,8.008147,3.400198,3.482319,0,1.9235,10,false,30,118,0.7,1,1.2,0.7,3.7
1832,7.49,34.13,1.218929,5.102163,1.752953,14.980903,0,3.6309,28,false,5,86,0.5,1,3.6,0.8,3.7
96,3.31,32.78,1.365833,6.906306,1.424598,12.811472,0,4.3475,24,false,5,112,0.7,1,3.2,1,3.5
281,0.22,31.19,3.119,6.609712,2.390038,2.597504,0,2.6061,10,false,30,118,0.9,1,1.4,0.8,2.7
1839,77.6,30.82,0.428056,1.673956,1.115454,9.621827,0,5.2003,72,false,5,104,0.3,1,3.4,0.5,2.5
2088,38.89,28.32,0.745263,2.421687,2.371859,10.637979,0,2.21,38,false,5,92,0.4,0,1.6,0.9,3.6
2236,4.7,27.88,1.1152,4.108138,2.696325,11.236995,0,1.9612,25,false,5,108,0.5,0,1.8,0.9,2.1
2164,4.7,27.88,1.1152,4.108138,2.696325,11.236995,0,1.9612,25,false,5,108,0.5,0,1.8,0.9,2.8
473,1.39,26.57,1.398421,6.346076,2.043846,13.50844,0,2.5287,19,false,5,120,0.9,0,3.2,0.3,2
1947,77.97,26.2,0.444068,1.642314,1.561383,7.533268,0,3.0904,59,false,5,92,0.3,0,2.8,0.9,1.7
1801,4.64,24.96,0.9984,3.428016,2.413926,10.195189,0,1.9721,25,false,5,108,0.5,0,1.8,0.8,2
1891,1.06,22.7,1.261111,3.775061,1.603107,9.688698,0,2.7197,18,false,5,98,0.6,0,2.4,0.3,2.9
1830,1.06,22.52,1.251111,3.69378,1.590395,9.608358,0,2.7206,18,false,5,98,0.6,0,1.2,0.4,1.6
506,0.07,22.42,4.484,5.949227,3.100968,0.649142,0,1.443,5,false,30,110,0.3,0,3.6,1,2.1
1281,1.05,21.93,1.218333,3.450279,1.548729,9.344787,0,2.7237,18,false,5,98,0.6,0,2.2,0.7,2.1
1770,27.01,21.91,0.592162,2.318291,1.726556,9.936116,0,2.3737,37,false,5,86,0.4,1,2.2,0.9,3.7
3,21.37,20.75,0.610294,2.341306,1.900183,12.737802,0,2.1643,34,false,6,82,0.3,0,1.6,0.5,3
1966,26.39,20.64,0.557838,2.153717,1.621367,9.289047,0,2.3867,37,false,5,86,0.4,1,3,0.7,2.4
2023,24.78,20.04,0.556667,2.007035,1.641278,8.902714,0,2.294,36,false,5,88,0.4,0,2.8,0.7,3.1
2328,3.54,18.19,0.7276,2.815369,1.468119,11.747063,0,2.3649,25,false,5,82,0.5,1,2.6,0.4,4
1951,30.97,18.18,0.478421,1.763866,1.58087,7.329888,0,2.1711,38,false,5,92,0.4,0,3.4,0.7,1.5
295,0.08,16.6,2.371429,5.368421,1.638697,1.206653,0,2.0168,7,false,30,90,1,1,1.2,0.5,2.1
2092,23.65,16.49,0.445676,1.748185,1.149129,7.051097,0,2.7033,37,false,5,86,0.4,0,2,0.8,3.6
2083,23.65,16.49,0.445676,1.748185,1.149129,7.051097,0,2.7033,37,false,5,86,0.4,0,3.6,0.8,2.5
2016,23.65,16.49,0.445676,1.748185,1.149129,7.051097,0,2.7033,37,false,5,86,0.4,0,2.2,0.8,2
1759,23.65,16.49,0.445676,1.748185,1.149129,7.051097,0,2.7033,37,false,5,86,0.4,0,3.4,0.8,2.6
1533,23.65,16.49,0.445676,1.748185,1.149129,7.051097,0,2.7033,37,false,5,86,0.4,0,3.6,0.8,1.7
1521,23.65,16.49,0.445676,1.748185,1.149129,7.051097,0,2.7033,37,false,5,86,0.4,0,2,0.8,2.3
409,0.39,16.21,1.246923,12.746377,1.558654,11.50109,0,2.0245,13,false,5,114,0.9,1,3.6,1,2.2
1992,23.36,16.11,0.435405,1.718555,1.105697,6.886587,0,2.7455,37,false,5,86,0.4,0,2.8,0.9,1.5
1904,22.97,15.65,0.422973,1.684003,1.054582,6.679345,0,2.7974,37,false,5,86,0.4,0,2.2,1,3.6
213,22.97,15.65,0.422973,1.684003,1.054582,6.679345,0,2.7974,37,false,5,86,0.4,0,2,1,3.9
1318,0.34,14.83,1.235833,8.489899,1.901282,6.32892,0,1.5375,12,false,5,108,0.8,1,3.4,0.9,3.1
1912,0.32,12.11,1.009167,3.576596,1.552564,4.72982,0,1.5458,12,false,5,108,0.8,0,3.8,0.3,3.9
2336,0.32,12.09,1.0075,3.561441,1.55,4.721732,0,1.5458,12,false,5,108,0.8,0,3.8,0.4,2.3
2323,0.32,12.09,1.0075,3.561441,1.55,4.721732,0,1.5458,12,false,5,108,0.8,0,3.8,0.4,2.4
2281,0.32,12.09,1.0075,3.561441,1.55,4.721732,0,1.5458,12,false,5,108,0.8,0,1.6,0.4,2.1
1875,0.32,12.09,1.0075,3.561441,1.55,4.721732,0,1.5458,12,false,5,108,0.8,0,3,0.4,1.7
2226,0.32,11.87,0.989167,3.402834,1.521795,4.58707,0,1.5465,12,false,5,108,0.8,0,3.8,0.7,2.1
2228,0.32,11.87,0.989167,3.402834,1.521795,4.58707,0,1.5465,12,false,5,108,0.8,0,3.8,0.7,2.5
2053,0.32,11.87,0.989167,3.402834,1.521795,4.58707,0,1.5465,12,false,5,108,0.8,0,3.8,0.7,3
2075,0.06,9.64,2.41,0,2.993789,2.676379,0,0.6321,4,false,5,98,0.9,1,3.6,0.4,2.5
756,0.06,8.6,2.15,0,2.670807,2.433712,0,0.6334,4,false,5,94,0.9,1,1.8,0.5,4
184,0.06,8.6,2.15,0,2.670807,2.433712,0,0.6334,4,false,5,94,0.9,1,3.6,0.6,2.2
339,0.06,8.41,2.1025,0,2.611801,2.386518,0,0.6337,4,false,5,90,0.9,1,2.8,0.7,2.6
318,0.06,8.41,2.1025,0,2.611801,2.386518,0,0.6337,4,false,5,90,0.9,0,2,0.8,1.7
2183,0.05,8.18,2.726667,0,3.752294,2.551961,0,0.4345,3,false,5,100,0.9,0,2.2,1,3.6
2069,0.1,8.05,1.341667,6.962963,2.048346,2.916841,0,0.7726,6,false,5,108,0.9,1,3.6,0.7,3.8
271,0.06,6.82,1.705,6.286822,2.104938,1.622334,0,0.6369,4,false,5,104,0.9,0,3.4,0.2,3.7
1523,0.1,6.8,1.133333,3.956522,2.111801,2.187703,0,0.6392,6,false,5,92,0.7,0,2,1,3.5
424,0.2,6.73,0.673,2.11794,1.725641,1.644344,0,0.7721,10,false,6,100,0.5,0,1,0.7,2.7
464,0.04,6.72,3.36,0,3.082569,1.825386,0,0.4345,2,false,5,102,0.9,0,3.6,0.2,2.1
1893,0.08,6.56,1.093333,3.309859,1.068404,1.71428,0,1.2053,6,false,5,108,0.9,0,2.8,0.8,2.2
2213,0.08,6.54,1.09,3.286713,1.061688,1.708047,0,1.2093,6,false,5,108,0.9,0,2.2,1,3.6
2241,0.07,5.05,0.841667,4.023952,1.391185,2.301718,0,0.7136,6,false,5,108,0.9,1,2.2,0.3,2.6
1423,0.07,4.45,0.741667,2.960352,1.052009,1.954691,0,0.8316,6,false,5,108,0.9,1,3,0.4,3.8
2214,0.05,4.22,1.055,3.048544,1.310559,1.226695,0,0.6389,4,false,5,90,0.8,0,3.8,0.3,3.9
2231,0.05,4.1,1.025,2.880734,1.273292,1.187771,0,0.6391,4,false,5,92,0.8,0,2.8,0.7,2.5
507,0.05,3.52,0.704,4.555556,1.472803,1.21791,0,0.4724,5,false,10,112,0.6,1,1,0.7,3.9
866,0.02,3.2,1.6,0,1.012658,0.630352,0,0.6294,2,false,4,106,1,0,3.6,0.8,3.6
1739,0.03,3.13,1.565,0,2.608333,0.830965,0,0.2399,2,false,6,94,0.6,0,3.4,0.4,2.7
229,0.03,2.83,0.943333,6.053571,1.123016,1.066867,0,0.4987,3,false,5,108,1,1,1.2,0.4,3.9
2285,0.04,2.8,0.933333,5.745763,1.783439,1.421358,0,0.3113,3,false,5,114,1,1,2.6,0.5,2.1
2002,0.03,2.77,0.923333,5.467742,1.073643,1.03324,0,0.5105,3,false,5,106,1,1,1.4,0.8,3.6
99,0.05,1.99,0.4975,3.618421,1.825688,1.817586,0,0.2176,4,false,4,120,0.8,1,1.4,0.6,1.8
595,0.03,1.7,1.7,0,3.777778,1.335072,0,0.0897,1,false,6,88,0.7,0,1,0.8,2.1
573,0.03,1.7,1.7,0,3.777778,1.335072,0,0.0897,1,false,6,82,0.7,1,3,0.4,2.8
195,0.03,1.7,1.7,0,3.777778,1.335072,0,0.0897,1,false,6,92,1,0,3.8,0.2,2.5
429,0.03,1.7,1.7,0,3.777778,1.335072,0,0.0897,1,false,6,88,0.8,1,3.2,0.9,3.1
