PresetID,Symbol,NetProfit,ProfitFactor,TotalTrades,WinTrades,LossTrades,WinRate,AvgWin,AvgLoss,LargestWin,LargestLoss,MaxDrawdownPercent,MaxDrawdownMoney,SharpeRatio,RecoveryFactor,ExpectedPayoff,MaxConsecutiveLosses,MaxConsecutiveLossesCount,FilterBlocks_RN,FilterBlocks_KZ,FilterBlocks_Spr,K_swing,N_bos,LookbackInternal,M_retest,EqTol,BOSBufferPoints,UseKillzones,UseRoundNumber,UseVSA,RNDelta,L_percentile,RiskPerTradePct,SL_BufferUSD,TP1_R,TP2_R,BE_Activate_R,PartialClosePct,TimeStopMinutes,MinProgressR,MaxSpreadUSD,MaxOpenPositions,UsePendingRetest,RetestOffsetUSD,PendingExpirySec,UseTrailing,TrailMode,TrailATRPeriod,TrailATRMult,TrailStepUSD,TrailStartRR,UsePyramid,MaxAdds,AddSpacingUSD,AddSizeFactor,CooldownSec,UseATRScaling,ATRScalingPeriod,SL_ATR_Mult,Retest_ATR_Mult,AddSpacing_ATR_Mult,TrailStep_ATR_Mult,MaxSpread_ATR_Mult,RNDelta_ATR_Mult
53,XAUUSD,8145.48,5.46,356,262,94,73.6,38.05,-19.41,4511.89,-46.71,8.29,829.86,4.15,2.38,22.88,-208.87,9,0,0,0,50,6,12,3,0.16,1,FALSE,TRUE,FALSE,0.28,130,0.3,0.55,0.9,2,0.6,40,45,0.5,0.5,3,FALSE,0,0,FALSE,0,0,0,0,0,FALSE,0,0,0,0,TRUE,14,0.6,0.25,0.8,0.5,0.15,0.4
55,XAUUSD,7425.32,4.99,267,174,93,65.2,53.37,-20.02,4229.94,-45.33,11.33,1133.98,4.82,3.33,27.81,-216.34,11,0,0,0,60,7,16,4,0.16,1,FALSE,TRUE,FALSE,0.28,130,0.3,0.55,0.9,2,0.6,40,45,0.5,0.5,3,FALSE,0,0,FALSE,0,0,0,0,0,FALSE,0,0,0,0,TRUE,14,0.6,0.25,0.8,0.5,0.15,0.4
87,XAUUSD,8616.55,12.4,89,66,23,74.2,142.01,-32.87,4219.7,-52.53,4.29,429.22,5.77,3.63,96.82,-164.52,4,0,0,0,60,7,16,4,0.16,1,FALSE,TRUE,FALSE,0.28,130,0.4,0.55,1.2,2.4,0.7,35,60,0.6,0.5,3,TRUE,0.04,2400,FALSE,0,0,0,0,0,FALSE,0,0,0,0,TRUE,14,0.6,0.25,0.8,0.5,0.15,0.4
59,XAUUSD,8241.5,4.29,162,88,74,54.3,122.09,-33.82,5075.9,-90.16,20.19,2018.69,3.21,2.23,50.87,-1556.98,42,0,0,0,55,6,14,3,0.16,1,FALSE,TRUE,FALSE,0.28,130,0.4,0.55,1.2,2.4,0.7,35,60,0.6,0.5,3,FALSE,0,0,FALSE,0,0,0,0,0,FALSE,0,0,0,0,TRUE,14,0.6,0.25,0.8,0.5,0.15,0.4
60,XAUUSD,9403.82,4.44,309,211,98,68.3,57.54,-27.93,5357.92,-57.69,15.02,1502.03,4.59,3.33,30.43,-692.78,20,0,0,0,60,7,16,4,0.16,1,FALSE,TRUE,FALSE,0.28,130,0.4,0.55,1.2,2.4,0.7,35,60,0.6,0.5,3,FALSE,0,0,FALSE,0,0,0,0,0,FALSE,0,0,0,0,TRUE,14,0.6,0.25,0.8,0.5,0.15,0.4
58,XAUUSD,10042.34,4.34,366,272,94,74.3,47.96,-31.95,5639.89,-57.69,13.56,1355.69,3.76,2.34,27.44,-545.09,15,0,0,0,50,6,12,3,0.16,1,FALSE,TRUE,FALSE,0.28,130,0.4,0.55,1.2,2.4,0.7,35,60,0.6,0.5,3,FALSE,0,0,FALSE,0,0,0,0,0,FALSE,0,0,0,0,TRUE,14,0.6,0.25,0.8,0.5,0.15,0.4
61,XAUUSD,7365.43,3.67,292,224,68,76.7,45.19,-40.53,7331.81,-143.54,9.7,969.88,3.93,2.81,25.22,-294.47,8,0,0,0,45,5,11,2,0.16,1,FALSE,TRUE,FALSE,0.28,130,0.5,0.55,1.5,3,0.8,30,90,0.7,0.5,2,FALSE,0,0,FALSE,0,0,0,0,0,FALSE,0,0,0,0,TRUE,14,0.6,0.25,0.8,0.5,0.15,0.4
52,XAUUSD,5842.84,3.55,270,176,94,65.2,46.23,-24.41,4229.94,-47.57,9.4,942.22,4.18,2.46,21.64,-538.33,20,0,0,0,45,5,11,2,0.16,1,FALSE,TRUE,FALSE,0.28,130,0.3,0.55,0.9,2,0.6,40,45,0.5,0.5,3,FALSE,0,0,FALSE,0,0,0,0,0,FALSE,0,0,0,0,TRUE,14,0.6,0.25,0.8,0.5,0.15,0.4
64,XAUUSD,6710.26,3.43,259,183,76,70.7,51.77,-36.37,7049.86,-66.72,13.6,1360.34,4.4,3.23,25.91,-638.45,15,0,0,0,60,7,16,4,0.16,1,FALSE,TRUE,FALSE,0.28,130,0.5,0.55,1.5,3,0.8,30,90,0.7,0.5,2,FALSE,0,0,FALSE,0,0,0,0,0,FALSE,0,0,0,0,TRUE,14,0.6,0.25,0.8,0.5,0.15,0.4
66,XAUUSD,7223.55,3.21,236,167,69,70.8,62.82,-47.35,7895.83,-82.91,17.64,1764.22,3.68,2.26,30.61,-627.38,13,0,0,0,55,6,14,3,0.16,1,FALSE,TRUE,FALSE,0.28,130,0.6,0.55,1.8,3.6,0.9,25,120,0.8,0.5,2,FALSE,0,0,FALSE,0,0,0,0,0,FALSE,0,0,0,0,TRUE,14,0.6,0.25,0.8,0.5,0.15,0.4
77,XAUUSD,7104.36,15.71,83,64,19,77.1,118.55,-25.42,3375.73,-41.28,2.89,290.25,6.03,3.68,85.59,-129.02,4,0,0,0,60,7,16,4,0.16,1,FALSE,TRUE,FALSE,0.28,130,0.3,0.55,0.9,2,0.6,40,45,0.5,0.5,3,TRUE,0.04,2400,FALSE,0,0,0,0,0,FALSE,0,0,0,0,TRUE,14,0.6,0.25,0.8,0.5,0.15,0.4
65,XAUUSD,8150.64,3.34,299,230,69,76.9,50.6,-50.55,8459.8,-168.66,15.51,1551.04,3.6,2.81,27.26,-474.69,9,0,0,0,45,5,11,2,0.16,1,FALSE,TRUE,FALSE,0.28,130,0.6,0.55,1.8,3.6,0.9,25,120,0.8,0.5,2,FALSE,0,0,FALSE,0,0,0,0,0,FALSE,0,0,0,0,TRUE,14,0.6,0.25,0.8,0.5,0.15,0.4
62,XAUUSD,6917.53,3.34,267,195,72,73,50.62,-41.01,7049.86,-68.31,10.74,1073.96,3.74,2.28,25.91,-348.33,8,0,0,0,50,6,12,3,0.16,1,FALSE,TRUE,FALSE,0.28,130,0.5,0.55,1.5,3,0.8,30,90,0.7,0.5,2,FALSE,0,0,FALSE,0,0,0,0,0,FALSE,0,0,0,0,TRUE,14,0.6,0.25,0.8,0.5,0.15,0.4
63,XAUUSD,6826.3,3.7,230,165,65,71.7,56.69,-38.9,7049.86,-70.47,12.29,1229.06,4.06,2.49,29.68,-403.38,11,0,0,0,55,6,14,3,0.16,1,FALSE,TRUE,FALSE,0.28,130,0.5,0.55,1.5,3,0.8,30,90,0.7,0.5,2,FALSE,0,0,FALSE,0,0,0,0,0,FALSE,0,0,0,0,TRUE,14,0.6,0.25,0.8,0.5,0.15,0.4
57,XAUUSD,7580.85,3.32,285,185,100,64.9,58.67,-32.72,5639.89,-64.87,12.4,1239.94,4.01,2.4,26.6,-720.21,20,0,0,0,45,5,11,2,0.16,1,FALSE,TRUE,FALSE,0.28,130,0.4,0.55,1.2,2.4,0.7,35,60,0.6,0.5,3,FALSE,0,0,FALSE,0,0,0,0,0,FALSE,0,0,0,0,TRUE,14,0.6,0.25,0.8,0.5,0.15,0.4
54,XAUUSD,6415.19,4.54,143,67,76,46.9,122.78,-23.83,3947.96,-68.53,15.72,1572.21,3.37,2.22,44.86,-1203.36,42,0,0,0,55,6,14,3,0.16,1,FALSE,TRUE,FALSE,0.28,130,0.3,0.55,0.9,2,0.6,40,45,0.5,0.5,3,FALSE,0,0,FALSE,0,0,0,0,0,FALSE,0,0,0,0,TRUE,14,0.6,0.25,0.8,0.5,0.15,0.4
67,XAUUSD,7077.01,2.94,271,193,78,71.2,55.59,-46.82,7895.83,-74.67,20.83,2083.26,3.97,3.07,26.11,-751.34,15,0,0,0,60,7,16,4,0.16,1,FALSE,TRUE,FALSE,0.28,130,0.6,0.55,1.8,3.6,0.9,25,120,0.8,0.5,2,FALSE,0,0,FALSE,0,0,0,0,0,FALSE,0,0,0,0,TRUE,14,0.6,0.25,0.8,0.5,0.15,0.4
86,XAUUSD,3759.89,3.15,122,73,49,59.8,75.49,-35.73,4500.97,-76.36,13.81,1393.81,3.14,1.19,30.82,-1100.94,29,0,0,0,55,6,14,3,0.16,1,FALSE,TRUE,FALSE,0.28,130,0.4,0.55,1.2,2.4,0.7,35,60,0.6,0.5,3,TRUE,0.04,2400,FALSE,0,0,0,0,0,FALSE,0,0,0,0,TRUE,14,0.6,0.25,0.8,0.5,0.15,0.4
76,XAUUSD,2973.44,3.37,108,64,44,59.3,66.09,-28.56,3375.73,-57.27,10.41,1049.6,3.28,1.25,27.53,-846.18,29,0,0,0,55,6,14,3,0.16,1,FALSE,TRUE,FALSE,0.28,130,0.3,0.55,0.9,2,0.6,40,45,0.5,0.5,3,TRUE,0.04,2400,FALSE,0,0,0,0,0,FALSE,0,0,0,0,TRUE,14,0.6,0.25,0.8,0.5,0.15,0.4
68,XAUUSD,723.35,3.05,82,76,6,92.7,14.15,-58.69,58.98,-84,1.05,114.08,17.12,2.93,8.82,-84,1,0,3063,0,50,6,12,3,0.16,1,TRUE,TRUE,FALSE,0.28,140,0.8,0.55,2.2,4,1,20,150,0.9,0.5,1,FALSE,0,0,FALSE,0,0,0,0,0,FALSE,0,0,0,0,TRUE,14,0.6,0.25,0.8,0.5,0.15,0.4
70,XAUUSD,723.35,3.05,82,76,6,92.7,14.15,-58.69,58.98,-84,1.05,114.08,17.12,2.93,8.82,-84,1,0,3063,0,50,6,12,3,0.16,1,TRUE,FALSE,FALSE,0.28,160,0.8,0.55,2.2,4,1,20,150,0.9,0.5,1,FALSE,0,0,FALSE,0,0,0,0,0,FALSE,0,0,0,0,TRUE,14,0.6,0.25,0.8,0.5,0.15,0.4
94,EURUSD,715.38,2.62,72,65,7,90.3,17.81,-63.16,79.95,-85.33,1.61,170.23,4.85,0.83,9.94,-170.23,2,1823,965,0,50,5,12,3,0,20,TRUE,TRUE,FALSE,0,130,0.8,0,2.2,4,1,25,180,1,0,2,FALSE,0,0,FALSE,0,0,0,0,0,FALSE,0,0,0,0,TRUE,14,0.6,0.25,0.8,0.5,0.15,0.4
95,EURUSD,574.16,1.55,75,62,13,82.7,25.96,-79.63,81.33,-87.56,5.52,599.95,4.96,0.68,7.66,-421.06,5,0,2685,0,60,6,14,3,0,20,TRUE,FALSE,FALSE,0,120,0.8,0,2.2,4,1,25,180,1,0,2,TRUE,0,2400,FALSE,0,0,0,0,0,FALSE,0,0,0,0,TRUE,14,0.6,0.25,0.8,0.5,0.15,0.4
93,EURUSD,513.72,2.36,72,61,11,84.7,14.61,-34.32,54.25,-62.67,1.21,125.3,4.94,0.81,7.13,-125.3,2,1823,965,0,50,5,12,3,0,20,TRUE,TRUE,FALSE,0,130,0.6,0,1.8,3.5,0.9,30,150,0.9,0,2,FALSE,0,0,FALSE,0,0,0,0,0,FALSE,0,0,0,0,TRUE,14,0.6,0.25,0.8,0.5,0.15,0.4
69,XAUUSD,465.74,3.84,48,46,2,95.8,13.69,-82.07,33.87,-82.68,1.57,164.14,18.61,2.12,9.7,-164.14,2,0,2064,0,80,9,22,6,0.16,1,TRUE,TRUE,FALSE,0.28,140,0.8,0.55,2.2,4,1,20,150,0.9,0.5,1,FALSE,0,0,FALSE,0,0,0,0,0,FALSE,0,0,0,0,TRUE,14,0.6,0.25,0.8,0.5,0.15,0.4
71,XAUUSD,465.74,3.84,48,46,2,95.8,13.69,-82.07,33.87,-82.68,1.57,164.14,18.61,2.12,9.7,-164.14,2,0,2064,0,80,9,22,6,0.16,1,TRUE,FALSE,FALSE,0.28,160,0.8,0.55,2.2,4,1,20,150,0.9,0.5,1,FALSE,0,0,FALSE,0,0,0,0,0,FALSE,0,0,0,0,TRUE,14,0.6,0.25,0.8,0.5,0.15,0.4
92,EURUSD,404.15,2.14,101,86,15,85.1,8.84,-23.73,33.77,-46.82,1.36,140.06,3.33,0.46,4,-140.06,3,1823,965,0,50,5,12,3,0,20,TRUE,TRUE,FALSE,0,130,0.45,0,1.5,3,0.8,35,120,0.8,0,3,FALSE,0,0,FALSE,0,0,0,0,0,FALSE,0,0,0,0,TRUE,14,0.6,0.25,0.8,0.5,0.15,0.4
97,EURUSD,400.96,1.34,77,62,15,80.5,25.74,-79.67,80.38,-85.79,5.53,591.77,3.37,0.47,5.21,-415.4,5,0,2685,0,60,6,14,3,0,20,TRUE,FALSE,FALSE,0,120,0.8,0,2.2,4,1,25,180,1,0,2,TRUE,0,3600,FALSE,0,0,0,0,0,FALSE,0,0,0,0,TRUE,14,0.6,0.25,0.8,0.5,0.15,0.4
43,XAUUSD,385.76,2.76,54,34,20,63,17.8,-10.97,62.15,-30.83,0.79,82.49,72.33,3.29,7.14,-82.49,7,0,3618,0,50,6,12,3,0.2,2,TRUE,TRUE,FALSE,0.35,150,0.5,0.5,1.2,2,0.8,40,5,0.5,0.5,4,FALSE,0.07,60,TRUE,2,14,2,0.3,0.8,TRUE,3,0.4,0.5,30,TRUE,14,0.6,0.25,0.8,0.5,0.15,0.4
48,XAUUSD,380.16,3.11,38,25,13,65.8,22.4,-13.84,62.15,-30.83,0.58,60.41,82.41,3.25,10,-60.41,4,0,3618,0,50,6,12,3,0.2,2,TRUE,TRUE,FALSE,0.35,150,0.5,0.5,1.2,2,0.8,30,5,0.5,0.5,4,FALSE,0.07,60,TRUE,2,14,2,0.22,0.8,TRUE,2,0.32,0.6,30,TRUE,14,0.6,0.25,0.8,0.5,0.15,0.4
49,XAUUSD,378.83,3.03,41,26,15,63.4,21.74,-12.43,62.15,-30.83,0.58,60.41,81,3.15,9.24,-60.41,4,0,3618,0,50,6,12,3,0.2,2,TRUE,TRUE,FALSE,0.35,150,0.5,0.5,1.2,2,0.8,55,5,0.5,0.5,4,FALSE,0.07,60,TRUE,2,14,2,0.22,0.8,TRUE,2,0.42,0.6,30,TRUE,14,0.6,0.25,0.8,0.5,0.15,0.4
41,XAUUSD,372.93,3.24,38,26,12,68.4,20.75,-13.88,62.15,-30.83,0.58,60.41,91.55,3.9,9.81,-60.41,4,0,3618,0,50,6,12,3,0.2,2,TRUE,TRUE,FALSE,0.35,150,0.5,0.5,1.2,2,0.8,50,5,0.5,0.5,3,FALSE,0.07,60,TRUE,2,14,2,0.35,0.8,TRUE,2,0.45,0.6,30,TRUE,14,0.6,0.25,0.8,0.5,0.15,0.4
42,XAUUSD,362.82,3.04,38,26,12,68.4,20.79,-14.82,62.15,-30.83,0.58,60.41,89.23,3.79,9.55,-60.41,4,0,3618,0,50,6,12,3,0.2,2,TRUE,TRUE,FALSE,0.35,150,0.5,0.5,1.2,2,0.8,30,5,0.5,0.4,3,FALSE,0.07,60,TRUE,2,14,2,0.3,0.8,TRUE,3,0.4,0.6,30,TRUE,14,0.6,0.25,0.8,0.5,0.15,0.4
51,XAUUSD,362.68,3.02,39,26,13,66.7,20.87,-13.84,62.15,-30.83,0.58,60.41,79.04,3.07,9.3,-60.41,4,0,3618,0,50,6,12,3,0.2,2,TRUE,TRUE,FALSE,0.35,150,0.5,0.5,1.2,2,0.8,30,5,0.5,0.5,4,FALSE,0.07,60,TRUE,2,14,2,0.33,0.8,TRUE,2,0.38,0.6,30,TRUE,14,0.6,0.25,0.8,0.5,0.15,0.4
50,XAUUSD,361.31,3.01,39,26,13,66.7,20.82,-13.84,62.15,-30.83,0.58,60.41,78.76,3.03,9.26,-60.41,4,0,3618,0,50,6,12,3,0.2,2,TRUE,TRUE,FALSE,0.35,150,0.5,0.5,1.2,2,0.8,55,5,0.5,0.5,4,FALSE,0.07,60,TRUE,2,14,2,0.28,0.8,TRUE,2,0.38,0.6,30,TRUE,14,0.6,0.25,0.8,0.5,0.15,0.4
36,XAUUSD,360.09,3.08,36,25,11,69.4,21.34,-15.77,62.15,-30.83,0.58,60.41,89.93,3.76,10,-60.41,4,0,3618,0,50,6,12,3,0.2,2,TRUE,TRUE,FALSE,0.35,150,0.5,0.5,1.2,2,0.8,40,5,0.5,0.5,3,FALSE,0.07,60,TRUE,2,14,2,0.3,0.8,TRUE,2,0.35,0.6,30,TRUE,14,0.6,0.25,0.8,0.5,0.15,0.4
40,XAUUSD,359.38,3.07,56,45,11,80.4,11.84,-15.77,36.36,-30.83,0.58,60.41,107.45,3.93,6.42,-60.41,4,0,3618,0,50,6,12,3,0.2,2,TRUE,TRUE,FALSE,0.35,150,0.5,0.5,1,2,1,30,5,0.5,0.5,3,FALSE,0.07,60,TRUE,2,14,2,0.25,0.8,TRUE,2,0.3,0.6,0,TRUE,14,0.6,0.25,0.8,0.5,0.15,0.4
44,XAUUSD,357.33,3.06,39,25,14,64.1,21.23,-12.39,62.15,-30.83,0.58,60.41,66.27,1.91,9.16,-60.41,4,0,3618,0,50,6,12,3,0.2,2,TRUE,TRUE,FALSE,0.35,150,0.5,0.5,1.2,2,0.8,30,5,0.5,0.5,4,FALSE,0.07,60,TRUE,2,14,2,0.35,1,TRUE,2,0.45,0.6,30,TRUE,14,0.6,0.25,0.8,0.5,0.15,0.4
46,XAUUSD,351.82,3.03,56,45,11,80.4,11.67,-15.77,31.16,-30.83,0.58,60.41,83.34,3.1,6.28,-60.41,4,0,3618,0,50,6,12,3,0.2,2,TRUE,TRUE,FALSE,0.35,150,0.5,0.5,1.2,2,0.8,40,5,0.5,0.5,3,FALSE,0.07,60,TRUE,1,14,1.4,0.3,0.8,TRUE,2,0.35,0.6,30,TRUE,14,0.6,0.25,0.8,0.5,0.15,0.4
45,XAUUSD,348.58,2.77,44,27,17,61.4,20.19,-11.56,67.93,-30.83,0.73,76.07,80.43,3.33,7.92,-76.07,6,0,3618,0,50,6,12,3,0.2,2,TRUE,TRUE,FALSE,0.35,150,0.5,0.5,9.9,2,0.8,0,5,0.5,0.5,3,FALSE,0.07,60,TRUE,2,14,2,0.3,0.8,TRUE,2,0.35,0.5,30,TRUE,14,0.6,0.25,0.8,0.5,0.15,0.4
47,XAUUSD,346.93,3,54,43,11,79.6,12.1,-15.77,35.32,-30.83,0.58,60.41,109.24,3.79,6.42,-60.41,4,0,3618,0,50,6,12,3,0.2,2,TRUE,TRUE,FALSE,0.35,150,0.5,0.5,1,2,0.8,40,5,0.5,0.5,3,FALSE,0.07,60,TRUE,2,14,2,0.25,0.8,TRUE,2,0.3,0.6,30,TRUE,14,0.6,0.25,0.8,0.5,0.15,0.4
103,GBPUSD,291.6,1.39,78,68,10,87.2,15.42,-75.68,62.2,-78.34,3.73,378.59,3.69,0.44,3.74,-378.59,5,2912,864,65,45,5,10,2,0,20,TRUE,TRUE,FALSE,0,120,0.75,0,2,3.8,0.9,30,150,0.9,0,2,FALSE,0,0,FALSE,0,0,0,0,0,FALSE,0,0,0,0,TRUE,14,0.6,0.25,0.8,0.5,0.15,0.4
91,EURUSD,277.68,2.2,87,77,10,88.5,6.6,-23.08,23.21,-35.53,1.04,106.47,3.06,0.4,3.19,-106.47,3,1823,965,0,50,5,12,3,0,20,TRUE,TRUE,FALSE,0,130,0.35,0,1.2,2.5,0.7,40,90,0.7,0,3,FALSE,0,0,FALSE,0,0,0,0,0,FALSE,0,0,0,0,TRUE,14,0.6,0.25,0.8,0.5,0.15,0.4
32,XAUUSD,247.88,5.69,15,11,4,73.3,27.34,-13.22,67.93,-21.39,0.21,21.39,61.3,5.66,16.53,-21.39,1,0,3618,0,50,6,12,3,0.2,2,TRUE,TRUE,FALSE,0.35,150,0.5,0.5,9.9,2,1,0,5,0.5,0.4,1,FALSE,0.07,60,TRUE,1,14,1.5,0.3,0.8,FALSE,0,0,0,120,TRUE,14,0.6,0.25,0.8,0.5,0.15,0.4
26,XAUUSD,246.16,5.77,35,31,4,88.6,9.6,-12.89,32.17,-20.06,0.2,20.06,110.63,5.8,7.03,-20.06,1,0,3676,0,55,6,12,3,0.22,1.5,TRUE,TRUE,FALSE,0.37,150,0.5,0.55,1,2,0.8,50,5,0.5,0.6,1,FALSE,0.07,60,FALSE,0,14,2,0.3,1,FALSE,0,0.4,0.6,0,TRUE,14,0.6,0.25,0.8,0.5,0.15,0.4
17,XAUUSD,241.51,5.81,35,31,4,88.6,9.41,-12.55,32.17,-20.06,0.2,20.06,110.84,5.76,6.9,-20.06,1,0,3483,0,60,6,12,3,0.22,2,TRUE,TRUE,FALSE,0.35,150,0.5,0.6,1,2,0.8,50,5,0.5,0.6,1,FALSE,0.07,60,FALSE,0,14,2,0.3,1,FALSE,0,0.4,0.6,0,TRUE,14,0.6,0.25,0.8,0.5,0.15,0.4
23,XAUUSD,241.51,5.81,35,31,4,88.6,9.41,-12.55,32.17,-20.06,0.2,20.06,110.84,5.76,6.9,-20.06,1,0,3483,0,60,6,12,3,0.22,2,TRUE,TRUE,FALSE,0.37,150,0.5,0.6,1,2,0.8,50,5,0.5,0.6,1,FALSE,0.07,60,FALSE,0,14,2,0.3,1,FALSE,0,0.4,0.6,0,TRUE,14,0.6,0.25,0.8,0.5,0.15,0.4
34,XAUUSD,239.1,5.52,24,20,4,83.3,14.6,-13.22,67.93,-21.39,0.21,21.39,129.67,7.08,9.96,-21.39,1,0,3618,0,50,6,12,3,0.2,2,TRUE,TRUE,FALSE,0.35,150,0.5,0.5,1.5,2,0.8,30,5,0.5,0.4,1,FALSE,0.07,60,TRUE,1,14,1.5,0.3,0.8,FALSE,0,0,0,120,TRUE,14,0.6,0.25,0.8,0.5,0.15,0.4
22,XAUUSD,237.72,5.61,34,30,4,88.2,9.64,-12.89,32.17,-20.06,0.2,20.06,108.46,5.61,6.99,-20.06,1,0,3676,0,55,6,12,2,0.22,1,TRUE,TRUE,FALSE,0.4,150,0.5,0.55,1,2,0.8,50,5,0.5,0.6,1,FALSE,0.07,60,FALSE,0,14,2,0.3,1,FALSE,0,0.4,0.6,0,TRUE,14,0.6,0.25,0.8,0.5,0.15,0.4
30,XAUUSD,234.51,5.43,27,23,4,85.2,12.5,-13.22,27.09,-21.39,0.21,21.39,138.43,7.7,8.69,-21.39,1,0,3618,0,50,6,12,3,0.2,2,TRUE,TRUE,FALSE,0.35,150,0.5,0.5,1.2,2,0.8,40,5,0.5,0.5,1,FALSE,0.07,60,TRUE,1,14,1.5,0.3,0.8,FALSE,0,0.4,0.6,0,TRUE,14,0.6,0.25,0.8,0.5,0.15,0.4
35,XAUUSD,234.51,5.43,27,23,4,85.2,12.5,-13.22,27.09,-21.39,0.21,21.39,138.43,7.7,8.69,-21.39,1,0,3618,0,50,6,12,3,0.2,2,TRUE,TRUE,FALSE,0.35,150,0.5,0.5,1.2,2,0.8,40,5,0.5,0.4,1,FALSE,0.07,60,TRUE,1,14,1.6,0.3,0.8,FALSE,0,0,0,120,TRUE,14,0.6,0.25,0.8,0.5,0.15,0.4
128,XAUUSD,233.43,1.33,43,30,13,69.8,31.28,-54.22,77.91,-106.59,3.63,383.58,19.68,0.57,5.43,-208.87,2,0,7195,0,40,5,10,1,0.5,150,TRUE,TRUE,FALSE,0.25,220,1,1.2,1.2,2,0.8,40,15,0.8,0.3,3,FALSE,0.2,30,TRUE,1,18,1.6,0,1,TRUE,2,1,0.7,60,TRUE,14,0.6,0.25,0.8,0.5,0.15,0.4
38,XAUUSD,232.11,5.39,29,25,4,86.2,11.4,-13.22,33.86,-21.39,0.21,21.39,142.95,4.84,8,-21.39,1,0,3618,0,50,6,12,3,0.2,2,TRUE,TRUE,FALSE,0.35,150,0.5,0.5,1,2,0.8,50,5,0.5,0.5,1,FALSE,0.07,60,TRUE,1,14,2,0.3,1,FALSE,0,0.4,0.6,0,TRUE,14,0.6,0.25,0.8,0.5,0.15,0.4
39,XAUUSD,232.11,5.39,29,25,4,86.2,11.4,-13.22,33.86,-21.39,0.21,21.39,142.95,4.84,8,-21.39,1,0,3618,0,50,6,12,3,0.2,2,TRUE,TRUE,FALSE,0.35,150,0.5,0.5,1,2,0.8,50,5,0.5,0.5,1,FALSE,0.07,60,TRUE,1,21,1.8,0.3,1,FALSE,0,0.4,0.6,0,TRUE,14,0.6,0.25,0.8,0.5,0.15,0.4
27,XAUUSD,229.79,5.34,27,23,4,85.2,12.29,-13.22,33.86,-21.39,0.21,21.39,142.25,7.55,8.51,-21.39,1,0,3618,0,50,6,12,3,0.2,2,TRUE,TRUE,FALSE,0.35,150,0.5,0.5,1,2,0.6,50,5,0.5,0.5,1,FALSE,0.07,60,TRUE,1,14,1.5,0.3,0.8,FALSE,0,0.4,0.6,0,TRUE,14,0.6,0.25,0.8,0.5,0.15,0.4
28,XAUUSD,229.79,5.34,27,23,4,85.2,12.29,-13.22,33.86,-21.39,0.21,21.39,142.25,7.55,8.51,-21.39,1,0,3618,0,50,6,12,3,0.2,2,TRUE,TRUE,FALSE,0.35,150,0.5,0.5,1,2,0.8,50,5,0.5,0.5,1,FALSE,0.07,60,TRUE,1,14,1.5,0.3,0.8,FALSE,0,0.4,0.6,0,TRUE,14,0.6,0.25,0.8,0.5,0.15,0.4
37,XAUUSD,229.79,5.34,27,23,4,85.2,12.29,-13.22,33.86,-21.39,0.21,21.39,142.25,7.55,8.51,-21.39,1,0,3618,0,50,6,12,3,0.2,2,TRUE,TRUE,FALSE,0.35,150,0.5,0.5,1,2,0.8,50,5,0.5,0.5,1,FALSE,0.07,60,TRUE,1,14,1.5,0.3,0.8,FALSE,0,0.4,0.6,0,TRUE,14,0.6,0.25,0.8,0.5,0.15,0.4
29,XAUUSD,227.4,5.3,26,22,4,84.6,12.74,-13.22,35.32,-21.39,0.21,21.39,150.05,7.47,8.75,-21.39,1,0,3618,0,50,6,12,3,0.2,2,TRUE,TRUE,FALSE,0.35,150,0.5,0.5,1,2,0.8,50,5,0.5,0.5,1,FALSE,0.07,60,TRUE,2,14,2,0.25,0.8,FALSE,0,0.4,0.6,0,TRUE,14,0.6,0.25,0.8,0.5,0.15,0.4
24,XAUUSD,225.07,6.89,32,29,3,90.6,9.08,-12.73,32.17,-20.06,0.2,20.06,116.37,8.07,7.03,-20.06,1,0,2546,0,55,5,12,3,0.22,2.5,TRUE,TRUE,FALSE,0.4,150,0.5,0.6,1,2,0.8,50,5,0.5,0.6,1,FALSE,0.07,60,FALSE,0,14,2,0.3,1,FALSE,0,0.4,0.6,0,TRUE,14,0.6,0.25,0.8,0.5,0.15,0.4
33,XAUUSD,224.63,5.25,25,21,4,84,13.22,-13.22,36.25,-21.39,0.21,21.39,119.76,4.68,8.99,-21.39,1,0,3618,0,50,6,12,3,0.2,2,TRUE,TRUE,FALSE,0.35,150,0.5,0.5,1.4,2,1,30,5,0.5,0.4,1,FALSE,0.07,60,TRUE,1,21,2.2,0.3,1.2,FALSE,0,0,0,120,TRUE,14,0.6,0.25,0.8,0.5,0.15,0.4
31,XAUUSD,223.5,5.23,16,12,4,75,23.03,-13.22,62.15,-21.39,0.21,21.39,62.15,4.66,13.97,-21.39,1,0,3618,0,50,6,12,3,0.2,2,TRUE,TRUE,FALSE,0.35,150,0.5,0.5,1.2,2,0.8,40,5,0.5,0.5,1,FALSE,0.07,60,TRUE,2,14,2,0.3,1,FALSE,0,0.4,0.6,0,TRUE,14,0.6,0.25,0.8,0.5,0.15,0.4
25,XAUUSD,213.16,5.15,33,29,4,87.9,9.12,-12.84,32.17,-20.06,0.2,20.06,100.03,5.03,6.46,-20.06,1,0,3842,0,50,6,12,3,0.22,1,TRUE,TRUE,FALSE,0.4,150,0.5,0.55,1,2,0.8,50,5,0.5,0.5,1,FALSE,0.07,60,FALSE,0,14,2,0.3,1,FALSE,0,0.4,0.6,0,TRUE,14,0.6,0.25,0.8,0.5,0.15,0.4
21,XAUUSD,213.16,5.15,33,29,4,87.9,9.12,-12.84,32.17,-20.06,0.2,20.06,100.03,5.03,6.46,-20.06,1,0,3842,0,50,6,12,3,0.22,1,TRUE,TRUE,FALSE,0.4,150,0.5,0.55,1,2,0.8,50,5,0.5,0.6,1,FALSE,0.07,60,FALSE,0,14,2,0.3,1,FALSE,0,0.4,0.6,0,TRUE,14,0.6,0.25,0.8,0.5,0.15,0.4
1,XAUUSD,209.46,5.17,33,29,4,87.9,8.95,-12.55,32.17,-20.06,0.2,20.06,100.11,5,6.35,-20.06,1,0,3618,0,50,6,12,3,0.2,2,TRUE,TRUE,FALSE,0.28,150,0.5,0.6,1,2,0.8,50,5,0.5,0.55,1,FALSE,0.07,60,FALSE,0,14,2,0.3,1,FALSE,0,0.4,0.6,0,TRUE,14,0.6,0.25,0.8,0.5,0.15,0.4
4,XAUUSD,209.46,5.17,33,29,4,87.9,8.95,-12.55,32.17,-20.06,0.2,20.06,100.11,5,6.35,-20.06,1,0,3618,0,50,6,12,3,0.2,2,TRUE,TRUE,FALSE,0.35,150,0.5,0.6,1,2,0.8,50,5,0.5,0.6,1,FALSE,0.07,60,FALSE,0,14,2,0.3,1,FALSE,0,0.4,0.6,0,TRUE,14,0.6,0.25,0.8,0.5,0.15,0.4
5,XAUUSD,209.46,5.17,33,29,4,87.9,8.95,-12.55,32.17,-20.06,0.2,20.06,100.11,5,6.35,-20.06,1,0,3618,0,50,6,12,3,0.2,2,TRUE,TRUE,FALSE,0.25,150,0.5,0.6,1,2,0.8,50,5,0.5,0.55,1,FALSE,0.07,60,FALSE,0,14,2,0.3,1,FALSE,0,0.4,0.6,0,TRUE,14,0.6,0.25,0.8,0.5,0.15,0.4
6,XAUUSD,209.46,5.17,33,29,4,87.9,8.95,-12.55,32.17,-20.06,0.2,20.06,100.11,5,6.35,-20.06,1,0,3618,0,50,6,12,3,0.2,2,TRUE,TRUE,FALSE,0.3,150,0.5,0.6,1,2,0.8,50,5,0.5,0.5,1,FALSE,0.07,60,FALSE,0,14,2,0.3,1,FALSE,0,0.4,0.6,0,TRUE,14,0.6,0.25,0.8,0.5,0.15,0.4
7,XAUUSD,209.46,5.17,33,29,4,87.9,8.95,-12.55,32.17,-20.06,0.2,20.06,100.11,5,6.35,-20.06,1,0,3618,0,50,6,12,2,0.2,2,TRUE,TRUE,FALSE,0.3,150,0.5,0.6,1,2,0.8,50,5,0.5,0.6,1,FALSE,0.07,60,FALSE,0,14,2,0.3,1,FALSE,0,0.4,0.6,0,TRUE,14,0.6,0.25,0.8,0.5,0.15,0.4
8,XAUUSD,209.46,5.17,33,29,4,87.9,8.95,-12.55,32.17,-20.06,0.2,20.06,100.11,5,6.35,-20.06,1,0,3618,0,50,6,12,4,0.2,2,TRUE,TRUE,FALSE,0.3,150,0.5,0.6,1,2,0.8,50,5,0.5,0.6,1,FALSE,0.07,60,FALSE,0,14,2,0.3,1,FALSE,0,0.4,0.6,0,TRUE,14,0.6,0.25,0.8,0.5,0.15,0.4
56,XAUUSD,209.46,5.17,33,29,4,87.9,8.95,-12.55,32.17,-20.06,0.2,20.06,100.11,5,6.35,-20.06,1,0,3618,0,50,6,12,3,0.2,2,TRUE,TRUE,FALSE,0.28,150,0.5,0.6,1,2,0.8,50,5,0.5,0.55,1,FALSE,0.07,60,FALSE,0,14,2,0.3,1,FALSE,0,0.4,0.6,0,TRUE,14,0.6,0.25,0.8,0.5,0.15,0.4
9,XAUUSD,209.46,5.17,33,29,4,87.9,8.95,-12.55,32.17,-20.06,0.2,20.06,100.11,5,6.35,-20.06,1,0,3842,0,50,6,12,3,0.22,1,TRUE,TRUE,FALSE,0.4,150,0.5,0.6,1,2,0.8,50,5,0.5,0.6,1,FALSE,0.07,60,FALSE,0,14,2,0.3,1,FALSE,0,0.4,0.6,0,TRUE,14,0.6,0.25,0.8,0.5,0.15,0.4
10,XAUUSD,209.46,5.17,33,29,4,87.9,8.95,-12.55,32.17,-20.06,0.2,20.06,100.11,5,6.35,-20.06,1,0,3618,0,50,6,12,3,0.2,2,TRUE,TRUE,FALSE,0.32,150,0.5,0.6,1,2,0.8,50,5,0.5,0.55,1,FALSE,0.07,60,FALSE,0,14,2,0.3,1,FALSE,0,0.4,0.6,0,TRUE,14,0.6,0.25,0.8,0.5,0.15,0.4
11,XAUUSD,209.46,5.17,33,29,4,87.9,8.95,-12.55,32.17,-20.06,0.2,20.06,100.11,5,6.35,-20.06,1,0,3618,0,50,6,12,3,0.2,2,TRUE,TRUE,FALSE,0.3,150,0.5,0.6,1,2,1,50,5,0.5,0.55,1,FALSE,0.07,60,FALSE,0,14,2,0.3,1,FALSE,0,0.4,0.6,0,TRUE,14,0.6,0.25,0.8,0.5,0.15,0.4
12,XAUUSD,209.46,5.17,33,29,4,87.9,8.95,-12.55,32.17,-20.06,0.2,20.06,100.11,5,6.35,-20.06,1,0,3459,0,55,6,12,3,0.2,1.5,TRUE,TRUE,FALSE,0.3,150,0.5,0.6,1,2,0.8,50,5,0.5,0.55,1,FALSE,0.07,60,FALSE,0,14,2,0.3,1,FALSE,0,0.4,0.6,0,TRUE,14,0.6,0.25,0.8,0.5,0.15,0.4
13,XAUUSD,209.46,5.17,33,29,4,87.9,8.95,-12.55,32.17,-20.06,0.2,20.06,100.11,5,6.35,-20.06,1,0,3618,0,50,6,12,3,0.2,2,TRUE,TRUE,FALSE,0.28,150,0.5,0.6,1,2,0.8,50,5,0.5,0.55,1,FALSE,0.07,60,FALSE,0,14,2,0.3,1,FALSE,0,0.4,0.6,0,TRUE,14,0.6,0.25,0.8,0.5,0.15,0.4
14,XAUUSD,209.17,5.17,33,29,4,87.9,8.94,-12.55,30.48,-20.06,0.2,20.06,101.13,5.05,6.34,-20.06,1,0,3302,0,50,6,12,3,0.18,2,TRUE,TRUE,FALSE,0.3,150,0.5,0.65,1,2,0.8,50,5,0.5,0.55,1,FALSE,0.07,60,FALSE,0,14,2,0.3,1,FALSE,0,0.4,0.6,0,TRUE,14,0.6,0.25,0.8,0.5,0.15,0.4
18,XAUUSD,208.18,5.96,34,30,4,88.2,8.34,-10.5,32.17,-20.41,0.2,20.41,113.89,7.66,6.12,-20.41,1,0,3618,0,50,6,12,3,0.2,2,TRUE,TRUE,FALSE,0.3,150,0.5,0.6,1,2,0.8,50,4,0.6,0.55,1,FALSE,0.07,60,FALSE,0,14,2,0.3,1,FALSE,0,0.4,0.6,0,TRUE,14,0.6,0.25,0.8,0.5,0.15,0.4
2,XAUUSD,193.24,6.13,30,27,3,90,8.55,-12.55,30.48,-20.06,0.2,20.06,106.61,6.93,6.44,-20.06,1,0,2095,0,60,5,12,3,0.18,2,TRUE,TRUE,FALSE,0.3,150,0.5,0.7,1,2,0.8,50,5,0.5,0.45,1,FALSE,0.07,60,FALSE,0,14,2,0.3,1,FALSE,0,0.4,0.6,0,TRUE,14,0.6,0.25,0.8,0.5,0.15,0.4
3,XAUUSD,193.24,6.13,30,27,3,90,8.55,-12.55,30.48,-20.06,0.2,20.06,106.61,6.93,6.44,-20.06,1,0,2095,0,60,5,12,3,0.18,2,TRUE,TRUE,FALSE,0.3,150,0.5,0.7,1,2,1,50,5,0.5,0.48,1,FALSE,0.07,60,FALSE,0,14,2,0.3,1,FALSE,0,0.4,0.6,0,TRUE,14,0.6,0.25,0.8,0.5,0.15,0.4
15,XAUUSD,193.23,6.06,30,27,3,90,8.57,-12.73,30.48,-20.06,0.2,20.06,105.25,6.93,6.44,-20.06,1,0,2185,0,55,5,12,3,0.18,2.5,TRUE,TRUE,FALSE,0.3,150,0.5,0.65,1,2,0.8,50,5,0.5,0.55,1,FALSE,0.07,60,FALSE,0,14,2,0.3,1,FALSE,0,0.4,0.6,0,TRUE,14,0.6,0.25,0.8,0.5,0.15,0.4
16,XAUUSD,193.23,6.06,30,27,3,90,8.57,-12.73,30.48,-20.06,0.2,20.06,105.25,6.93,6.44,-20.06,1,0,2185,0,55,5,12,3,0.18,2,TRUE,TRUE,FALSE,0.3,150,0.5,0.65,1,2,0.8,50,5,0.5,0.48,1,FALSE,0.07,60,FALSE,0,14,2,0.3,1,FALSE,0,0.4,0.6,0,TRUE,14,0.6,0.25,0.8,0.5,0.15,0.4
19,XAUUSD,186.15,5.88,31,28,3,90.3,8.01,-12.73,23.7,-20.06,0.2,20.06,99.1,5.68,6,-20.06,1,0,2185,0,55,5,12,3,0.18,2,TRUE,TRUE,FALSE,0.3,150,0.5,0.65,1,2,1,40,5,0.5,0.55,1,FALSE,0.07,60,FALSE,0,14,2,0.3,1,FALSE,0,0.4,0.6,0,TRUE,14,0.6,0.25,0.8,0.5,0.15,0.4
83,XAUUSD,169.95,56,23,22,1,95.7,7.87,-3.09,19.2,-3.09,0.03,3.09,7.53,0.33,7.39,-3.09,1,0,2064,0,80,9,22,6,0.16,1,TRUE,TRUE,FALSE,0.28,140,0.4,0.55,1.2,2.4,0.7,35,60,0.6,0.5,3,TRUE,0.04,2400,FALSE,0,0,0,0,0,FALSE,0,0,0,0,TRUE,14,0.6,0.25,0.8,0.5,0.15,0.4
20,XAUUSD,140.57,5.67,29,26,3,89.7,6.56,-10.03,18.62,-16.05,0.16,16.05,100.92,5.2,4.85,-16.05,1,0,1980,0,65,5,12,2,0.18,2,TRUE,TRUE,FALSE,0.3,150,0.4,0.7,1,2,0.8,40,5,0.6,0.6,1,FALSE,0.07,60,FALSE,0,14,2,0.3,1,FALSE,0,0.4,0.6,0,TRUE,14,0.6,0.25,0.8,0.5,0.15,0.4
82,XAUUSD,106.79,35.56,14,13,1,92.9,8.45,-3.09,19.03,-3.09,0.03,3.09,3.36,0.28,7.63,-3.09,1,0,2002,0,70,8,20,5,0.16,1,TRUE,TRUE,FALSE,0.28,140,0.4,0.55,1.2,2.4,0.7,35,60,0.6,0.5,3,TRUE,0.04,2400,FALSE,0,0,0,0,0,FALSE,0,0,0,0,TRUE,14,0.6,0.25,0.8,0.5,0.15,0.4
81,XAUUSD,85.31,0,10,10,0,100,8.53,0,19.03,0,0,0,2.22,0.39,8.53,0,0,0,1854,0,65,7,18,4,0.16,1,TRUE,TRUE,FALSE,0.28,140,0.4,0.55,1.2,2.4,0.7,35,60,0.6,0.5,3,TRUE,0.04,2400,FALSE,0,0,0,0,0,FALSE,0,0,0,0,TRUE,14,0.6,0.25,0.8,0.5,0.15,0.4
89,XAUUSD,85.31,0,10,10,0,100,8.53,0,19.03,0,0,0,2.22,0.39,8.53,0,0,0,1854,0,65,7,18,4,0.16,1,TRUE,FALSE,FALSE,0.28,160,0.4,0.55,1.2,2.4,0.7,35,60,0.6,0.5,3,TRUE,0.04,2400,FALSE,0,0,0,0,0,FALSE,0,0,0,0,TRUE,14,0.6,0.25,0.8,0.5,0.15,0.4
102,GBPUSD,84.91,1.16,81,69,12,85.2,9.17,-45.63,37.77,-61.84,2.99,300.57,1.5,0.16,1.05,-300.57,5,2912,864,65,45,5,10,2,0,20,TRUE,TRUE,FALSE,0,120,0.6,0,1.6,3.2,0.8,35,120,0.8,0,2,FALSE,0,0,FALSE,0,0,0,0,0,FALSE,0,0,0,0,TRUE,14,0.6,0.25,0.8,0.5,0.15,0.4
80,XAUUSD,75.3,8.52,12,10,2,83.3,8.53,-5,19.03,-6.55,0.1,10.01,2.56,0.34,6.27,-10.01,2,0,2395,0,60,7,16,4,0.16,1,TRUE,TRUE,FALSE,0.28,140,0.4,0.55,1.2,2.4,0.7,35,60,0.6,0.5,3,TRUE,0.04,2400,FALSE,0,0,0,0,0,FALSE,0,0,0,0,TRUE,14,0.6,0.25,0.8,0.5,0.15,0.4
88,XAUUSD,75.3,8.52,12,10,2,83.3,8.53,-5,19.03,-6.55,0.1,10.01,2.56,0.34,6.27,-10.01,2,0,2395,0,60,7,16,4,0.16,1,TRUE,FALSE,FALSE,0.28,160,0.4,0.55,1.2,2.4,0.7,35,60,0.6,0.5,3,TRUE,0.04,2400,FALSE,0,0,0,0,0,FALSE,0,0,0,0,TRUE,14,0.6,0.25,0.8,0.5,0.15,0.4
119,XAUUSD,72.29,1.38,42,28,14,66.7,9.3,-13.44,28.44,-26.2,1.13,114.72,26.64,0.59,1.72,-64.44,3,0,11081,0,50,8,8,1,0.3,250,TRUE,TRUE,FALSE,0.35,120,0.5,1.6,1.2,2,1.2,50,5,0.8,0.3,2,FALSE,0.25,90,FALSE,0,14,0,0,0,FALSE,0,0,0.6,30,TRUE,14,0.6,0.25,0.8,0.5,0.15,0.4
109,USDJPY,68.65,1.54,16,14,2,87.5,13.93,-63.22,50.56,-66.15,0.65,66.15,7.42,0.65,4.29,-66.15,1,3695,994,3,65,7,14,3,0.02,20,TRUE,TRUE,FALSE,0.01,140,0.6,0.06,1.8,3.5,0.9,30,150,0.9,0.01,2,FALSE,0.01,0,FALSE,0,0,0,0.01,0,FALSE,0,0.04,0,0,TRUE,14,0.6,0.25,0.8,0.5,0.15,0.4
90,EURUSD,64.12,1.25,97,85,12,87.6,3.79,-21.47,13.99,-25.5,1.3,132.21,1,0.11,0.66,-100.52,4,1823,965,0,50,5,12,3,0,20,TRUE,TRUE,FALSE,0,130,0.25,0,0.9,2.2,0.6,45,60,0.6,0,4,FALSE,0,0,FALSE,0,0,0,0,0,FALSE,0,0,0,0,TRUE,14,0.6,0.25,0.8,0.5,0.15,0.4
111,USDJPY,60.72,0,11,11,0,100,5.52,0,21.06,0,0,0,12.62,2.94,5.52,0,0,3695,994,3,65,7,14,3,0.02,20,TRUE,TRUE,FALSE,0.01,140,0.45,0.06,1.4,3,0.8,35,120,0.8,0.01,3,TRUE,0.01,2400,FALSE,0,0,0,0.01,0,FALSE,0,0.04,0,0,TRUE,14,0.6,0.25,0.8,0.5,0.15,0.4
113,USDJPY,60.72,0,11,11,0,100,5.52,0,21.06,0,0,0,12.62,2.94,5.52,0,0,3695,994,3,65,7,14,3,0.02,20,TRUE,TRUE,FALSE,0.01,140,0.45,0.06,1.4,3,0.8,35,120,0.8,0.01,3,TRUE,0.01,3600,FALSE,0,0,0,0.01,0,FALSE,0,0.04,0,0,TRUE,14,0.6,0.25,0.8,0.5,0.15,0.4
114,XAUUSD,52.73,1.18,66,51,15,77.3,6.71,-19.29,21.12,-31.1,1.1,110.64,7.68,0.32,0.8,-77.51,4,0,5174,0,40,4,10,2,0.5,100,TRUE,FALSE,FALSE,0.3,110,0.3,0.8,1.5,3,1.2,40,15,0.5,0.3,3,FALSE,0.3,60,FALSE,0,14,0,0,0,FALSE,0,0,0.6,45,TRUE,14,0.6,0.25,0.8,0.5,0.15,0.4
78,XAUUSD,40.16,0,7,7,0,100,5.74,0,13.86,0,0,0,1.21,0.45,5.74,0,0,0,2196,0,55,6,14,3,0.16,1,TRUE,FALSE,FALSE,0.28,160,0.3,0.55,0.9,2,0.6,40,45,0.5,0.5,3,TRUE,0.04,2400,FALSE,0,0,0,0,0,FALSE,0,0,0,0,TRUE,14,0.6,0.25,0.8,0.5,0.15,0.4
72,XAUUSD,40.16,0,7,7,0,100,5.74,0,13.86,0,0,0,1.21,0.45,5.74,0,0,0,2196,0,55,6,14,3,0.16,1,TRUE,TRUE,FALSE,0.28,140,0.3,0.55,0.9,2,0.6,40,45,0.5,0.5,3,TRUE,0.04,2400,FALSE,0,0,0,0,0,FALSE,0,0,0,0,TRUE,14,0.6,0.25,0.8,0.5,0.15,0.4
105,GBPUSD,38.8,1.22,34,28,6,82.4,7.71,-29.51,25.69,-45.86,0.9,90.54,3.12,0.26,1.14,-90.54,2,2912,864,65,45,5,10,2,0,20,TRUE,TRUE,FALSE,0,120,0.45,0,1.3,2.8,0.7,40,90,0.7,0,3,TRUE,0,2400,FALSE,0,0,0,0,0,FALSE,0,0,0,0,TRUE,14,0.6,0.25,0.8,0.5,0.15,0.4
107,GBPUSD,38.8,1.22,34,28,6,82.4,7.71,-29.51,25.69,-45.86,0.9,90.54,3.12,0.26,1.14,-90.54,2,2912,864,65,45,5,10,2,0,20,TRUE,TRUE,FALSE,0,120,0.45,0,1.3,2.8,0.7,40,90,0.7,0,3,TRUE,0,3600,FALSE,0,0,0,0,0,FALSE,0,0,0,0,TRUE,14,0.6,0.25,0.8,0.5,0.15,0.4
115,XAUUSD,38.76,1.15,21,15,6,71.4,19.37,-41.96,53.99,-84.16,1.47,150.2,7.8,0.16,1.85,-140.27,2,0,1558,0,60,6,12,2,0.1,250,TRUE,TRUE,FALSE,0.25,220,1,1.6,1.2,2,0.8,40,10,1,0.3,2,FALSE,0.2,90,TRUE,1,18,1.2,0,0.8,TRUE,1,0.3,0.7,15,TRUE,14,0.6,0.25,0.8,0.5,0.15,0.4
73,XAUUSD,37.18,3.7,10,8,2,80,6.37,-6.88,13.13,-9.51,0.14,13.75,1.17,0.23,3.72,-13.75,2,0,2395,0,60,7,16,4,0.16,1,TRUE,TRUE,FALSE,0.28,140,0.3,0.55,0.9,2,0.6,40,45,0.5,0.5,3,TRUE,0.04,2400,FALSE,0,0,0,0,0,FALSE,0,0,0,0,TRUE,14,0.6,0.25,0.8,0.5,0.15,0.4
79,XAUUSD,37.18,3.7,10,8,2,80,6.37,-6.88,13.13,-9.51,0.14,13.75,1.17,0.23,3.72,-13.75,2,0,2395,0,60,7,16,4,0.16,1,TRUE,FALSE,FALSE,0.28,160,0.3,0.55,0.9,2,0.6,40,45,0.5,0.5,3,TRUE,0.04,2400,FALSE,0,0,0,0,0,FALSE,0,0,0,0,TRUE,14,0.6,0.25,0.8,0.5,0.15,0.4
98,EURUSD,34.67,1.03,73,54,19,74,22.43,-61.93,75.65,-83.06,4.05,413.74,0.12,0.02,0.47,-239.91,3,0,2921,0,70,7,16,4,0,20,TRUE,FALSE,FALSE,0,120,0.8,0,2.2,4,1,25,180,1,0,2,TRUE,0,3600,FALSE,0,0,0,0,0,FALSE,0,0,0,0,TRUE,14,0.6,0.25,0.8,0.5,0.15,0.4
96,EURUSD,34.67,1.03,73,54,19,74,22.43,-61.93,75.65,-83.06,4.05,413.74,0.12,0.02,0.47,-239.91,3,0,2921,0,70,7,16,4,0,20,TRUE,FALSE,FALSE,0,120,0.8,0,2.2,4,1,25,180,1,0,2,TRUE,0,2400,FALSE,0,0,0,0,0,FALSE,0,0,0,0,TRUE,14,0.6,0.25,0.8,0.5,0.15,0.4
145,XAUUSD,0,0,0,0,0,0,0,0,0,0,0,0,0,0,0,0,0,0,0,0,60,6,12,3,0.19,9300000,FALSE,TRUE,FALSE,0.3,150,0.75,1.5,1.3,2.8,1.2,30,10,0.8,0.3,1,FALSE,0.08,60,FALSE,0,14,0,0,1,FALSE,0,0.4,0.6,30,TRUE,14,0.6,0.25,0.8,0.5,0.15,0.4
121,XAUUSD,0,0,0,0,0,0,0,0,0,0,0,0,0,0,0,0,0,0,0,0,50,7,18,4,0.15,150,FALSE,TRUE,FALSE,0.4,200,0.3,1.6,2,4,1,30,5,0.8,0.3,3,TRUE,0.15,30,TRUE,1,14,1.4,0,1.2,FALSE,0,0,0.6,15,TRUE,14,0.6,0.25,0.8,0.5,0.15,0.4
169,XAUUSD,0,0,0,0,0,0,0,0,0,0,0,0,0,0,0,0,0,0,0,0,50,5,12,2,0.18,8200000,FALSE,TRUE,FALSE,0.28,150,0.3,0.5,1.2,2.4,1.2,30,15,0.8,0.3,1,FALSE,0.07,60,FALSE,0,14,0,0,1,FALSE,0,0.4,0.6,30,TRUE,14,0.6,0.25,0.8,0.5,0.15,0.4
146,XAUUSD,0,0,0,0,0,0,0,0,0,0,0,0,0,0,0,0,0,0,0,0,50,9,12,2,0.24,11200000,FALSE,TRUE,FALSE,0.25,150,0.5,1.94,1,2,0.8,40,5,0.8,0.3,3,FALSE,0.08,60,FALSE,0,14,0,0,1,FALSE,0,0.4,0.6,30,TRUE,14,0.6,0.25,0.8,0.5,0.15,0.4
122,XAUUSD,0,0,0,0,0,0,0,0,0,0,0,0,0,0,0,0,0,0,4429,0,70,7,8,5,0.1,100,TRUE,TRUE,FALSE,0.35,220,0.3,1.2,2,4,0.8,40,15,0.5,0.3,2,TRUE,0.15,45,TRUE,1,14,1.6,0,1.2,TRUE,1,0.6,0.5,15,TRUE,14,0.6,0.25,0.8,0.5,0.15,0.4
170,XAUUSD,0,0,0,0,0,0,0,0,0,0,0,0,0,0,0,0,0,0,0,0,50,7,12,2,0.2,22500000,FALSE,FALSE,FALSE,0.43,150,0.7,0.81,2,3.8,1.2,40,15,0.8,0.3,3,FALSE,0.09,60,FALSE,0,14,0,0,1,TRUE,1,0.4,0.5,30,TRUE,14,0.6,0.25,0.8,0.5,0.15,0.4
147,XAUUSD,0,0,0,0,0,0,0,0,0,0,0,0,0,0,0,0,0,0,0,0,45,7,12,3,0.15,11600000,FALSE,TRUE,FALSE,0.3,150,0.35,0.45,2,4,0.8,30,0,0.8,0.3,3,FALSE,0.06,60,FALSE,0,14,0,0,1,TRUE,2,0.4,0.6,30,TRUE,14,0.6,0.25,0.8,0.5,0.15,0.4
171,XAUUSD,0,0,0,0,0,0,0,0,0,0,0,0,0,0,0,0,0,0,0,0,60,3,12,5,0.17,20800000,FALSE,TRUE,FALSE,0.64,150,0.6,0.63,1.3,2.8,1.2,40,0,0.8,0.3,3,FALSE,0.03,60,FALSE,0,14,0,0,1,FALSE,0,0.4,0.6,30,TRUE,14,0.6,0.25,0.8,0.5,0.15,0.4
123,XAUUSD,0,0,0,0,0,0,0,0,0,0,0,0,0,0,0,0,0,0,0,0,70,4,18,4,0.15,200,FALSE,TRUE,TRUE,0.4,200,0.5,0.8,1.5,3,1.2,30,10,0.8,0.3,2,FALSE,0.25,60,TRUE,1,21,2,0,1,TRUE,1,0.8,0.6,30,TRUE,14,0.6,0.25,0.8,0.5,0.15,0.4
148,XAUUSD,0,0,0,0,0,0,0,0,0,0,0,0,0,0,0,0,0,0,0,0,45,3,12,2,0.15,10400000,FALSE,TRUE,FALSE,0.34,150,0.75,0.47,1.4,2,0.8,50,15,0.8,0.3,2,FALSE,0.03,60,FALSE,0,14,0,0,1,FALSE,0,0.4,0.6,30,TRUE,14,0.6,0.25,0.8,0.5,0.15,0.4
172,XAUUSD,0,0,0,0,0,0,0,0,0,0,0,0,0,0,0,0,0,0,0,0,80,4,12,4,0.22,3900000,FALSE,TRUE,FALSE,0.32,150,0.7,0.45,1.2,2,1.2,40,0,0.8,0.3,2,FALSE,0.06,60,TRUE,2,14,0,0.5,1,FALSE,0,0.4,0.6,30,TRUE,14,0.6,0.25,0.8,0.5,0.15,0.4
124,XAUUSD,0,0,0,0,0,0,0,0,0,0,0,0,0,0,0,0,0,0,0,0,40,8,12,3,0.15,250,FALSE,TRUE,FALSE,0.5,220,0.5,0.8,2.5,5,0.8,40,5,0.8,0.3,3,TRUE,0.25,30,TRUE,2,14,0,0.3,1,TRUE,1,0.4,0.5,15,TRUE,14,0.6,0.25,0.8,0.5,0.15,0.4
149,XAUUSD,0,0,0,0,0,0,0,0,0,0,0,0,0,0,0,0,0,0,0,0,50,5,12,2,0.22,9200000,FALSE,TRUE,FALSE,0.29,150,0.7,0.68,1.3,2.8,1.2,50,10,0.8,0.3,3,FALSE,0.05,60,FALSE,0,14,0,0,1,FALSE,0,0.4,0.6,30,TRUE,14,0.6,0.25,0.8,0.5,0.15,0.4
173,XAUUSD,0,0,0,0,0,0,0,0,0,0,0,0,0,0,0,0,0,0,0,0,70,5,12,3,0.23,23100000,FALSE,TRUE,FALSE,0.57,150,0.45,0.4,2.2,4.2,1.2,40,10,0.8,0.3,1,FALSE,0.07,60,FALSE,0,14,0,0,1,TRUE,1,0.4,0.5,30,TRUE,14,0.6,0.25,0.8,0.5,0.15,0.4
125,XAUUSD,0,0,0,0,0,0,0,0,0,0,0,0,0,0,0,0,0,0,0,0,100,7,18,1,0.1,300,FALSE,TRUE,TRUE,0.3,130,1.2,2,1,2,0.8,30,0,0.8,0.3,1,TRUE,0.4,90,TRUE,1,21,1.4,0,0.8,TRUE,1,0.4,0.7,45,TRUE,14,0.6,0.25,0.8,0.5,0.15,0.4
174,XAUUSD,0,0,0,0,0,0,0,0,0,0,0,0,0,0,0,0,0,0,0,0,50,6,12,5,0.17,19300000,TRUE,TRUE,FALSE,0.31,150,1,0.48,1.2,2.5,1,40,10,0.8,0.3,3,FALSE,0.07,60,FALSE,0,14,0,0,1,FALSE,0,0.4,0.6,30,TRUE,14,0.6,0.25,0.8,0.5,0.15,0.4
150,XAUUSD,0,0,0,0,0,0,0,0,0,0,0,0,0,0,0,0,0,0,0,0,45,8,12,5,0.23,8400000,TRUE,TRUE,FALSE,0.29,150,0.4,0.46,1.3,2.8,1,50,0,0.8,0.3,1,FALSE,0.06,60,FALSE,0,14,0,0,1,FALSE,0,0.4,0.6,30,TRUE,14,0.6,0.25,0.8,0.5,0.15,0.4
126,XAUUSD,0,0,0,0,0,0,0,0,0,0,0,0,0,0,0,0,0,0,0,0,100,3,20,5,0.2,250,TRUE,TRUE,TRUE,0.35,120,0.3,1.6,2.5,5,1.2,50,15,0.5,0.3,3,TRUE,0.3,45,TRUE,1,21,1.4,0,1.2,FALSE,0,0,0.6,45,TRUE,14,0.6,0.25,0.8,0.5,0.15,0.4
175,XAUUSD,0,0,0,0,0,0,0,0,0,0,0,0,0,0,0,0,0,0,0,0,60,5,12,3,0.11,10200000,FALSE,TRUE,FALSE,0.36,150,0.7,0.58,1.2,2.4,1.2,30,5,0.8,0.3,2,FALSE,0.04,60,FALSE,0,14,0,0,1,FALSE,0,0.4,0.6,30,TRUE,14,0.6,0.25,0.8,0.5,0.15,0.4
151,XAUUSD,0,0,0,0,0,0,0,0,0,0,0,0,0,0,0,0,0,0,0,0,65,5,12,4,0.24,4500000,FALSE,TRUE,FALSE,0.35,150,0.2,0.39,1,2.4,1,50,0,0.8,0.3,1,FALSE,0.04,60,FALSE,0,14,0,0,1,FALSE,0,0.4,0.6,30,TRUE,14,0.6,0.25,0.8,0.5,0.15,0.4
127,XAUUSD,0,0,0,0,0,0,0,0,0,0,0,0,0,0,0,0,0,0,2955,0,80,8,10,5,0.1,300,TRUE,FALSE,FALSE,0.35,150,0.7,2,2.5,5,0.8,40,15,0.5,0.3,1,TRUE,0.2,90,TRUE,2,14,0,0.25,1,TRUE,2,0.6,0.6,60,TRUE,14,0.6,0.25,0.8,0.5,0.15,0.4
176,XAUUSD,0,0,0,0,0,0,0,0,0,0,0,0,0,0,0,0,0,0,0,0,45,6,12,3,0.12,16200000,TRUE,TRUE,FALSE,0.27,150,0.4,0.51,1,2.4,1,50,0,0.8,0.3,2,FALSE,0.06,60,FALSE,0,14,0,0,1,FALSE,0,0.4,0.6,30,TRUE,14,0.6,0.25,0.8,0.5,0.15,0.4
152,XAUUSD,0,0,0,0,0,0,0,0,0,0,0,0,0,0,0,0,0,0,0,0,45,3,12,4,0.19,10200000,FALSE,FALSE,FALSE,0.45,150,0.25,7.86,1.4,3,1.2,50,10,0.8,0.3,1,FALSE,0.38,60,FALSE,0,14,0,0,1,FALSE,0,0.4,0.6,30,TRUE,14,0.6,0.25,0.8,0.5,0.15,0.4
177,XAUUSD,0,0,0,0,0,0,0,0,0,0,0,0,0,0,0,0,0,0,0,0,55,7,12,2,0.22,8900000,FALSE,TRUE,FALSE,0.29,150,0.3,8.63,1,2,1.2,30,15,0.8,0.3,2,FALSE,0.31,60,FALSE,0,14,0,0,1,TRUE,2,0.4,0.5,30,TRUE,14,0.6,0.25,0.8,0.5,0.15,0.4
153,XAUUSD,0,0,0,0,0,0,0,0,0,0,0,0,0,0,0,0,0,0,0,0,50,6,12,2,0.23,17400000,FALSE,TRUE,FALSE,0.3,150,0.45,10.23,1.4,3,1,30,15,0.8,0.3,2,FALSE,0.08,60,FALSE,0,14,0,0,1,FALSE,0,0.4,0.6,30,TRUE,14,0.6,0.25,0.8,0.5,0.15,0.4
129,XAUUSD,0,0,0,0,0,0,0,0,0,0,0,0,0,0,0,0,0,0,35,0,35,5,8,1,0.2,150,TRUE,TRUE,TRUE,0.5,110,0.7,1.6,3,6,0.8,40,0,1,0.3,1,TRUE,0.3,60,TRUE,2,14,0,0.5,0.8,TRUE,1,0.4,0.6,45,TRUE,14,0.6,0.25,0.8,0.5,0.15,0.4
154,XAUUSD,0,0,0,0,0,0,0,0,0,0,0,0,0,0,0,0,0,0,0,0,50,7,12,3,0.19,10500000,TRUE,TRUE,FALSE,0.36,150,1,1.33,1.5,3,1.2,50,5,0.8,0.3,2,FALSE,0.3,60,FALSE,0,14,0,0,1,FALSE,0,0.4,0.6,30,TRUE,14,0.6,0.25,0.8,0.5,0.15,0.4
178,XAUUSD,0,0,0,0,0,0,0,0,0,0,0,0,0,0,0,0,0,0,0,0,45,6,12,5,0.16,9500000,TRUE,TRUE,FALSE,0.3,150,0.45,0.55,1,2,1.2,50,5,0.8,0.3,3,FALSE,0.43,60,FALSE,0,14,0,0,1,FALSE,0,0.4,0.6,30,TRUE,14,0.6,0.25,0.8,0.5,0.15,0.4
155,XAUUSD,0,0,0,0,0,0,0,0,0,0,0,0,0,0,0,0,0,0,0,0,50,6,12,3,0.13,11000000,FALSE,TRUE,FALSE,0.31,150,0.2,0.64,2,4,0.8,50,5,0.8,0.3,3,FALSE,0.19,60,FALSE,0,14,0,0,1,TRUE,1,0.4,0.5,30,TRUE,14,0.6,0.25,0.8,0.5,0.15,0.4
179,XAUUSD,0,0,0,0,0,0,0,0,0,0,0,0,0,0,0,0,0,0,0,0,80,6,12,3,0.2,11500000,FALSE,TRUE,FALSE,0.34,150,0.6,0.62,0.9,2,1.2,50,5,0.8,0.3,2,FALSE,0.3,60,FALSE,0,14,0,0,1,FALSE,0,0.4,0.6,30,TRUE,14,0.6,0.25,0.8,0.5,0.15,0.4
131,XAUUSD,0,0,0,0,0,0,0,0,0,0,0,0,0,0,0,0,0,0,9,0,50,6,20,1,0.5,100,TRUE,TRUE,TRUE,0.5,170,0.7,1.2,2,4,0.8,30,5,1,0.3,2,FALSE,0.3,30,TRUE,1,18,1.4,0,1.2,TRUE,2,0.4,0.5,30,TRUE,14,0.6,0.25,0.8,0.5,0.15,0.4
156,XAUUSD,0,0,0,0,0,0,0,0,0,0,0,0,0,0,0,0,0,0,0,0,70,5,12,3,0.17,21600000,FALSE,TRUE,FALSE,0.3,150,0.4,0.65,1,2.4,1,40,15,0.8,0.3,1,FALSE,0.08,60,FALSE,0,14,0,0,1,FALSE,0,0.4,0.6,30,TRUE,14,0.6,0.25,0.8,0.5,0.15,0.4
180,XAUUSD,0,0,0,0,0,0,0,0,0,0,0,0,0,0,0,0,0,0,0,0,50,7,12,2,0.22,16700000,TRUE,TRUE,FALSE,0.29,150,0.8,0.64,0.9,2,0.8,50,5,0.8,0.3,3,FALSE,0.28,60,FALSE,0,14,0,0,1,FALSE,0,0.4,0.6,30,TRUE,14,0.6,0.25,0.8,0.5,0.15,0.4
132,XAUUSD,0,0,0,0,0,0,0,0,0,0,0,0,0,0,0,0,0,0,0,0,80,6,20,4,0.2,200,TRUE,FALSE,TRUE,0.5,220,0.7,2,1,2,1.2,30,5,0.5,0.3,2,TRUE,0.4,60,FALSE,0,14,0,0,0,TRUE,1,0.4,0.6,45,TRUE,14,0.6,0.25,0.8,0.5,0.15,0.4
157,XAUUSD,0,0,0,0,0,0,0,0,0,0,0,0,0,0,0,0,0,0,0,0,45,6,12,4,0.13,23500000,FALSE,TRUE,FALSE,0.23,150,0.7,0.68,1.2,2.5,0.8,40,15,0.8,0.3,3,FALSE,0.06,60,FALSE,0,14,0,0,1,FALSE,0,0.4,0.6,30,TRUE,14,0.6,0.25,0.8,0.5,0.15,0.4
181,XAUUSD,0,0,0,0,0,0,0,0,0,0,0,0,0,0,0,0,0,0,0,0,80,4,12,3,0.15,9500000,FALSE,TRUE,FALSE,0.8,150,0.7,0.57,1.5,2,1.2,40,0,0.8,0.3,3,FALSE,0.06,60,FALSE,0,14,0,0,1,FALSE,0,0.4,0.6,30,TRUE,14,0.6,0.25,0.8,0.5,0.15,0.4
133,XAUUSD,0,0,0,0,0,0,0,0,0,0,0,0,0,0,0,0,0,0,0,0,50,3,12,5,0.19,8900000,FALSE,FALSE,FALSE,0.42,150,0.25,1.96,1.2,2,1.2,30,15,0.8,0.3,2,FALSE,0.39,60,FALSE,0,14,0,0,1,FALSE,0,0.4,0.6,30,TRUE,14,0.6,0.25,0.8,0.5,0.15,0.4
158,XAUUSD,0,0,0,0,0,0,0,0,0,0,0,0,0,0,0,0,0,0,0,0,65,6,12,2,0.16,4100000,FALSE,TRUE,FALSE,0.66,150,0.8,0.58,1,2.4,0.8,30,0,0.8,0.3,2,FALSE,0.04,60,FALSE,0,14,0,0,1,TRUE,2,0.4,0.5,30,TRUE,14,0.6,0.25,0.8,0.5,0.15,0.4
182,XAUUSD,0,0,0,0,0,0,0,0,0,0,0,0,0,0,0,0,0,0,0,0,45,5,12,3,0.22,5000000,FALSE,FALSE,FALSE,0.29,150,0.25,0.61,2.2,4.2,1,30,0,0.8,0.3,2,FALSE,0.05,60,FALSE,0,14,0,0,1,FALSE,0,0.4,0.6,30,TRUE,14,0.6,0.25,0.8,0.5,0.15,0.4
134,XAUUSD,0,0,0,0,0,0,0,0,0,0,0,0,0,0,0,0,0,0,0,0,50,5,12,3,0.16,11800000,FALSE,TRUE,FALSE,0.38,150,0.75,0.54,1.4,2,0.8,40,0,0.8,0.3,3,FALSE,0.08,60,FALSE,0,14,0,0,1,FALSE,0,0.4,0.6,30,TRUE,14,0.6,0.25,0.8,0.5,0.15,0.4
159,XAUUSD,0,0,0,0,0,0,0,0,0,0,0,0,0,0,0,0,0,0,0,0,60,3,12,3,0.12,20200000,FALSE,FALSE,FALSE,0.34,150,0.3,0.5,1.2,2.5,1,50,15,0.8,0.3,1,FALSE,0.04,60,TRUE,1,14,1.4,0,1,FALSE,0,0.4,0.6,30,TRUE,14,0.6,0.25,0.8,0.5,0.15,0.4
183,XAUUSD,0,0,0,0,0,0,0,0,0,0,0,0,0,0,0,0,0,0,0,0,60,6,12,3,0.16,15400000,TRUE,TRUE,FALSE,0.3,150,0.75,0.57,0.9,2,1.2,50,5,0.8,0.3,2,FALSE,0.27,60,FALSE,0,14,0,0,1,FALSE,0,0.4,0.6,30,TRUE,14,0.6,0.25,0.8,0.5,0.15,0.4
160,XAUUSD,0,0,0,0,0,0,0,0,0,0,0,0,0,0,0,0,0,0,0,0,50,6,12,4,0.16,5500000,TRUE,TRUE,FALSE,0.26,150,0.5,0.45,1,2.4,1.2,40,10,0.8,0.3,1,FALSE,0.49,60,FALSE,0,14,0,0,1,FALSE,0,0.4,0.6,30,TRUE,14,0.6,0.25,0.8,0.5,0.15,0.4
184,XAUUSD,0,0,0,0,0,0,0,0,0,0,0,0,0,0,0,0,0,0,0,0,60,6,12,3,0.27,10900000,TRUE,TRUE,FALSE,0.35,150,0.7,0.48,1.3,2.8,0.8,30,5,0.8,0.3,1,FALSE,0.28,60,FALSE,0,14,0,0,1,TRUE,1,0.4,0.7,30,TRUE,14,0.6,0.25,0.8,0.5,0.15,0.4
135,XAUUSD,0,0,0,0,0,0,0,0,0,0,0,0,0,0,0,0,0,0,0,0,55,5,12,4,0.12,8100000,FALSE,TRUE,FALSE,0.37,150,0.75,10.14,2,3.8,1,30,15,0.8,0.3,3,FALSE,0.05,60,TRUE,1,14,1.4,0,1,FALSE,0,0.4,0.6,30,TRUE,14,0.6,0.25,0.8,0.5,0.15,0.4
136,XAUUSD,0,0,0,0,0,0,0,0,0,0,0,0,0,0,0,0,0,0,0,0,50,6,12,4,0.13,8900000,FALSE,TRUE,FALSE,0.28,150,0.25,0.65,2.2,4.2,1.2,50,15,0.8,0.3,2,FALSE,0.06,60,FALSE,0,14,0,0,1,FALSE,0,0.4,0.6,30,TRUE,14,0.6,0.25,0.8,0.5,0.15,0.4
161,XAUUSD,0,0,0,0,0,0,0,0,0,0,0,0,0,0,0,0,0,0,0,0,50,6,12,2,0.22,14300000,TRUE,TRUE,FALSE,0.27,150,1,0.45,1,2.4,0.8,50,5,0.8,0.3,3,FALSE,0.04,60,FALSE,0,14,0,0,1,FALSE,0,0.4,0.6,30,TRUE,14,0.6,0.25,0.8,0.5,0.15,0.4
185,XAUUSD,0,0,0,0,0,0,0,0,0,0,0,0,0,0,0,0,0,0,0,0,50,6,12,4,0.21,17600000,TRUE,TRUE,FALSE,0.59,150,1,0.59,0.9,2.2,0.8,50,0,0.8,0.3,1,FALSE,0.07,60,FALSE,0,14,0,0,1,FALSE,0,0.4,0.6,30,TRUE,14,0.6,0.25,0.8,0.5,0.15,0.4
137,XAUUSD,0,0,0,0,0,0,0,0,0,0,0,0,0,0,0,0,0,0,0,0,50,6,12,3,0.18,20000000,FALSE,TRUE,FALSE,0.4,150,0.7,1.5,1.3,2.8,1,40,15,0.8,0.3,2,FALSE,0.05,60,FALSE,0,14,0,0,1,FALSE,0,0.4,0.6,30,TRUE,14,0.6,0.25,0.8,0.5,0.15,0.4
162,XAUUSD,0,0,0,0,0,0,0,0,0,0,0,0,0,0,0,0,0,0,0,0,50,6,12,5,0.17,7700000,FALSE,TRUE,FALSE,0.68,150,0.4,1.48,1.2,2,1,30,15,0.8,0.3,2,FALSE,0.07,60,FALSE,0,14,0,0,1,FALSE,0,0.4,0.6,30,TRUE,14,0.6,0.25,0.8,0.5,0.15,0.4
186,XAUUSD,0,0,0,0,0,0,0,0,0,0,0,0,0,0,0,0,0,0,0,0,60,7,12,4,0.15,4800000,FALSE,TRUE,FALSE,0.29,150,0.8,0.48,1.8,3.5,1.2,30,15,0.8,0.3,3,FALSE,0.06,60,FALSE,0,14,0,0,1,FALSE,0,0.4,0.6,30,TRUE,14,0.6,0.25,0.8,0.5,0.15,0.4
138,XAUUSD,0,0,0,0,0,0,0,0,0,0,0,0,0,0,0,0,0,0,0,0,45,3,12,3,0.11,19700000,FALSE,TRUE,FALSE,0.26,150,0.35,9.56,9.9,2,0.8,50,15,0.8,0.3,2,FALSE,0.09,60,FALSE,0,14,0,0,1,FALSE,0,0.4,0.6,30,TRUE,14,0.6,0.25,0.8,0.5,0.15,0.4
163,XAUUSD,0,0,0,0,0,0,0,0,0,0,0,0,0,0,0,0,0,0,0,0,50,7,12,3,0.19,11300000,TRUE,FALSE,FALSE,0.24,150,1,0.51,1,2,1,50,0,0.8,0.3,1,FALSE,0.48,60,FALSE,0,14,0,0,1,FALSE,0,0.4,0.6,30,TRUE,14,0.6,0.25,0.8,0.5,0.15,0.4
187,XAUUSD,0,0,0,0,0,0,0,0,0,0,0,0,0,0,0,0,0,0,0,0,60,7,12,3,0.17,4200000,FALSE,TRUE,FALSE,0.3,150,0.8,0.5,1.5,2,0.8,50,0,0.8,0.3,3,FALSE,0.07,60,FALSE,0,14,0,0,1,FALSE,0,0.4,0.6,30,TRUE,14,0.6,0.25,0.8,0.5,0.15,0.4
164,XAUUSD,0,0,0,0,0,0,0,0,0,0,0,0,0,0,0,0,0,0,0,0,60,6,12,3,0.17,7800000,FALSE,TRUE,FALSE,0.34,150,0.6,0.96,2.2,4.2,0.8,40,15,0.8,0.3,3,FALSE,0.09,60,FALSE,0,14,0,0,1,TRUE,1,0.4,0.5,30,TRUE,14,0.6,0.25,0.8,0.5,0.15,0.4
139,XAUUSD,0,0,0,0,0,0,0,0,0,0,0,0,0,0,0,0,0,0,0,0,45,3,12,3,0.2,5000000,FALSE,TRUE,FALSE,0.23,150,0.3,0.73,1.5,3,1,50,10,0.8,0.3,1,FALSE,0.07,60,TRUE,1,14,1.4,0,1,TRUE,1,0.4,0.7,30,TRUE,14,0.6,0.25,0.8,0.5,0.15,0.4
188,XAUUSD,0,0,0,0,0,0,0,0,0,0,0,0,0,0,0,0,0,0,0,0,50,5,12,3,0.17,8600000,FALSE,TRUE,FALSE,0.28,150,0.6,0.46,3,6,0.8,40,5,0.8,0.3,3,FALSE,0.08,60,FALSE,0,14,0,0,1,FALSE,0,0.4,0.6,30,TRUE,14,0.6,0.25,0.8,0.5,0.15,0.4
165,XAUUSD,0,0,0,0,0,0,0,0,0,0,0,0,0,0,0,0,0,0,0,0,55,6,12,4,0.15,18100000,FALSE,TRUE,FALSE,0.26,150,0.8,8.25,9.9,2,1,40,10,0.8,0.3,3,FALSE,0.45,60,TRUE,1,14,1.4,0,1,FALSE,0,0.4,0.6,30,TRUE,14,0.6,0.25,0.8,0.5,0.15,0.4
140,XAUUSD,0,0,0,0,0,0,0,0,0,0,0,0,0,0,0,0,0,0,0,0,50,6,12,2,0.16,16600000,FALSE,TRUE,FALSE,0.24,150,0.8,0.75,1.2,2,1.2,50,10,0.8,0.3,2,FALSE,0.3,60,FALSE,0,14,0,0,1,FALSE,0,0.4,0.6,30,TRUE,14,0.6,0.25,0.8,0.5,0.15,0.4
189,XAUUSD,0,0,0,0,0,0,0,0,0,0,0,0,0,0,0,0,0,0,0,0,60,6,12,3,0.17,19900000,FALSE,TRUE,FALSE,0.23,150,0.4,0.69,1.4,3,1,50,15,0.8,0.3,3,FALSE,0.08,60,FALSE,0,14,0,0,1,TRUE,1,0.4,0.5,30,TRUE,14,0.6,0.25,0.8,0.5,0.15,0.4
166,XAUUSD,0,0,0,0,0,0,0,0,0,0,0,0,0,0,0,0,0,0,0,0,55,6,12,3,0.11,24100000,FALSE,TRUE,FALSE,0.67,150,1,0.62,2,3.8,0.8,40,0,0.8,0.3,2,FALSE,0.08,60,FALSE,0,14,0,0,1,FALSE,0,0.4,0.6,30,TRUE,14,0.6,0.25,0.8,0.5,0.15,0.4
190,XAUUSD,0,0,0,0,0,0,0,0,0,0,0,0,0,0,0,0,0,0,0,0,65,5,12,3,0.23,10300000,FALSE,TRUE,FALSE,0.3,150,0.35,0.6,2,3.8,1,40,10,0.8,0.3,3,FALSE,0.04,60,FALSE,0,14,0,0,1,FALSE,0,0.4,0.6,30,TRUE,14,0.6,0.25,0.8,0.5,0.15,0.4
141,XAUUSD,0,0,0,0,0,0,0,0,0,0,0,0,0,0,0,0,0,0,0,0,50,7,12,3,0.16,19600000,FALSE,TRUE,FALSE,0.37,150,0.35,0.64,1.2,2.5,0.8,30,10,0.8,0.3,2,FALSE,0.07,60,FALSE,0,14,0,0,1,FALSE,0,0.4,0.6,30,TRUE,14,0.6,0.25,0.8,0.5,0.15,0.4
117,XAUUSD,0,0,0,0,0,0,0,0,0,0,0,0,0,0,0,0,0,0,0,0,100,3,10,3,0.15,300,FALSE,TRUE,TRUE,0.4,220,0.5,1.6,1.5,3,1.2,40,5,0.5,0.3,2,TRUE,0.15,30,TRUE,1,21,1.4,0,1.2,FALSE,0,0,0.6,0,TRUE,14,0.6,0.25,0.8,0.5,0.15,0.4
167,XAUUSD,0,0,0,0,0,0,0,0,0,0,0,0,0,0,0,0,0,0,0,0,55,4,12,3,0.19,17500000,FALSE,TRUE,FALSE,0.33,150,0.4,7.65,1.2,2.4,1.2,30,0,0.8,0.3,3,FALSE,0.08,60,FALSE,0,14,0,0,1,FALSE,0,0.4,0.6,30,TRUE,14,0.6,0.25,0.8,0.5,0.15,0.4
191,XAUUSD,0,0,0,0,0,0,0,0,0,0,0,0,0,0,0,0,0,0,0,0,50,6,12,4,0.23,19400000,FALSE,TRUE,FALSE,0.25,150,0.5,0.43,1.8,3.6,1.2,30,5,0.8,0.3,3,FALSE,0.08,60,FALSE,0,14,0,0,1,FALSE,0,0.4,0.6,30,TRUE,14,0.6,0.25,0.8,0.5,0.15,0.4
142,XAUUSD,0,0,0,0,0,0,0,0,0,0,0,0,0,0,0,0,0,0,0,0,45,7,12,4,0.4,19800000,TRUE,TRUE,FALSE,0.3,150,0.4,0.87,1.5,2,0.8,30,5,0.8,0.3,3,FALSE,0.42,60,FALSE,0,14,0,0,1,FALSE,0,0.4,0.6,30,TRUE,14,0.6,0.25,0.8,0.5,0.15,0.4
168,XAUUSD,0,0,0,0,0,0,0,0,0,0,0,0,0,0,0,0,0,0,0,0,50,5,12,3,0.14,11000000,FALSE,TRUE,FALSE,0.36,150,0.2,0.86,1.4,3,1.2,30,15,0.8,0.3,1,FALSE,0.06,60,FALSE,0,14,0,0,1,FALSE,0,0.4,0.6,30,TRUE,14,0.6,0.25,0.8,0.5,0.15,0.4
192,XAUUSD,0,0,0,0,0,0,0,0,0,0,0,0,0,0,0,0,0,0,0,0,50,6,12,3,0.16,9500000,FALSE,TRUE,FALSE,0.33,150,0.2,1.88,2.2,4,1,30,15,0.8,0.3,1,FALSE,0.09,60,FALSE,0,14,0,0,1,FALSE,0,0.4,0.6,30,TRUE,14,0.6,0.25,0.8,0.5,0.15,0.4
143,XAUUSD,0,0,0,0,0,0,0,0,0,0,0,0,0,0,0,0,0,0,0,0,70,6,12,3,0.11,4800000,FALSE,TRUE,FALSE,0.3,150,0.45,0.58,2.2,4.2,0.8,30,15,0.8,0.3,2,FALSE,0.06,60,FALSE,0,14,0,0,1,TRUE,1,0.4,0.6,30,TRUE,14,0.6,0.25,0.8,0.5,0.15,0.4
193,XAUUSD,0,0,0,0,0,0,0,0,0,0,0,0,0,0,0,0,0,0,0,0,50,4,12,4,0.19,7900000,FALSE,TRUE,FALSE,0.76,150,0.75,8.8,2.2,4,0.8,40,10,0.8,0.3,1,FALSE,0.3,60,FALSE,0,14,0,0,1,FALSE,0,0.4,0.6,30,TRUE,14,0.6,0.25,0.8,0.5,0.15,0.4
144,XAUUSD,0,0,0,0,0,0,0,0,0,0,0,0,0,0,0,0,0,0,0,0,45,6,12,3,0.15,6100000,FALSE,TRUE,FALSE,0.26,150,0.25,0.51,1.6,3.2,1,40,0,0.8,0.3,3,FALSE,0.04,60,FALSE,0,14,0,0,1,FALSE,0,0.4,0.6,30,TRUE,14,0.6,0.25,0.8,0.5,0.15,0.4
120,XAUUSD,0,0,0,0,0,0,0,0,0,0,0,0,0,0,0,0,0,0,196,0,100,3,15,1,0.15,300,TRUE,FALSE,FALSE,0.5,150,0.7,2,3,6,1.2,30,0,1,0.3,3,TRUE,0.3,60,TRUE,1,18,2,0,0.8,FALSE,0,0,0.6,0,TRUE,14,0.6,0.25,0.8,0.5,0.15,0.4
194,XAUUSD,0,0,0,0,0,0,0,0,0,0,0,0,0,0,0,0,0,0,0,0,45,5,12,3,0.16,11100000,FALSE,TRUE,FALSE,0.28,150,0.25,0.58,1.8,3.5,1.2,40,10,0.8,0.3,1,FALSE,0.04,60,FALSE,0,14,0,0,1,FALSE,0,0.4,0.6,30,TRUE,14,0.6,0.25,0.8,0.5,0.15,0.4
195,XAUUSD,0,0,0,0,0,0,0,0,0,0,0,0,0,0,0,0,0,0,0,0,35,6,12,6,0.17,12100000,FALSE,TRUE,FALSE,0.31,150,0.35,0.5,9.9,2,1.2,30,0,0.8,0.3,3,FALSE,0.08,60,FALSE,0,14,0,0,1,FALSE,0,0.4,0.6,30,TRUE,14,0.6,0.25,0.8,0.5,0.15,0.4
108,USDJPY,-1.89,0.98,15,13,2,86.7,7.09,-47.03,20.9,-49.03,0.49,49.03,-0.26,-0.02,-0.13,-49.03,1,3695,994,3,65,7,14,3,0.02,20,TRUE,TRUE,FALSE,0.01,140,0.45,0.06,1.4,3,0.8,35,120,0.8,0.01,3,FALSE,0.01,0,FALSE,0,0,0,0.01,0,FALSE,0,0.04,0,0,TRUE,14,0.6,0.25,0.8,0.5,0.15,0.4
104,GBPUSD,-17.35,0.85,30,22,8,73.3,4.5,-14.54,15.81,-30.57,0.67,66.79,-2.87,-0.17,-0.58,-60.55,2,2912,864,65,45,5,10,2,0,20,TRUE,TRUE,FALSE,0,120,0.3,0,1,2.4,0.6,45,60,0.6,0,3,TRUE,0,2400,FALSE,0,0,0,0,0,FALSE,0,0,0,0,TRUE,14,0.6,0.25,0.8,0.5,0.15,0.4
106,GBPUSD,-17.35,0.85,30,22,8,73.3,4.5,-14.54,15.81,-30.57,0.67,66.79,-2.87,-0.17,-0.58,-60.55,2,2912,864,65,45,5,10,2,0,20,TRUE,TRUE,FALSE,0,120,0.3,0,1,2.4,0.6,45,60,0.6,0,3,TRUE,0,3600,FALSE,0,0,0,0,0,FALSE,0,0,0,0,TRUE,14,0.6,0.25,0.8,0.5,0.15,0.4
130,XAUUSD,-30.37,0.03,6,1,5,16.7,0.86,-6.25,0.86,-10.52,0.31,30.95,-5,-0.7,-5.06,-30.95,4,0,0,0,60,8,12,4,0.3,100,FALSE,FALSE,TRUE,0.5,110,0.2,1.6,3,6,1,30,10,0.5,0.3,2,FALSE,0.3,30,TRUE,1,18,1.6,0,1,TRUE,2,0.6,0.7,45,TRUE,14,0.6,0.25,0.8,0.5,0.15,0.4
110,USDJPY,-48.14,0.71,5,3,2,60,39.72,-83.66,73.53,-87.16,0.93,93.78,-0.35,-0.26,-9.63,-87.16,1,3695,994,3,65,7,14,3,0.02,20,TRUE,TRUE,FALSE,0.01,140,0.8,0.06,2.2,4.2,1,25,180,1,0.01,2,FALSE,0.01,0,FALSE,0,0,0,0.01,0,FALSE,0,0.04,0,0,TRUE,14,0.6,0.25,0.8,0.5,0.15,0.4
100,GBPUSD,-69.11,0.86,81,66,15,81.5,6.48,-33.12,26.93,-45.81,2.73,274.02,-1.44,-0.1,-0.85,-197.55,6,3067,933,65,55,6,12,3,0,20,TRUE,TRUE,FALSE,0,120,0.45,0,1.3,2.8,0.7,40,90,0.7,0,3,FALSE,0,0,FALSE,0,0,0,0,0,FALSE,0,0,0,0,TRUE,14,0.6,0.25,0.8,0.5,0.15,0.4
99,GBPUSD,-91.16,0.68,54,39,15,72.2,4.97,-19.01,15.37,-30.64,2,201.18,-5,-0.29,-1.69,-137.83,7,2912,864,65,45,5,10,2,0,20,TRUE,TRUE,FALSE,0,120,0.3,0,1,2.4,0.6,45,60,0.6,0,3,FALSE,0,0,FALSE,0,0,0,0,0,FALSE,0,0,0,0,TRUE,14,0.6,0.25,0.8,0.5,0.15,0.4
75,XAUUSD,-104.68,0.9,127,89,38,70.1,10.76,-27.95,562.62,-43,7.15,718.25,-0.43,-0.12,-0.82,-558.56,19,0,0,0,45,5,11,2,0.16,1,FALSE,TRUE,FALSE,0.28,130,0.3,0.55,0.9,2,0.6,40,45,0.5,0.5,3,TRUE,0.04,2400,FALSE,0,0,0,0,0,FALSE,0,0,0,0,TRUE,14,0.6,0.25,0.8,0.5,0.15,0.4
116,XAUUSD,-348.66,0,10,0,10,0,0,-34.87,0,-70.74,3.49,348.66,-3.58,-0.96,-34.87,-348.66,10,0,3059,0,40,5,15,2,0.5,250,TRUE,TRUE,FALSE,0.25,220,0.7,1,3,6,1.2,40,0,0.5,0.3,1,FALSE,0.3,90,TRUE,1,18,1.6,0,0.8,TRUE,2,0.8,0.7,15,TRUE,14,0.6,0.25,0.8,0.5,0.15,0.4
85,XAUUSD,-350.39,0.77,146,104,42,71.2,11.17,-36.01,562.62,-59.12,9.8,986.92,-1.13,-0.29,-2.4,-737.4,19,0,0,0,45,5,11,2,0.16,1,FALSE,TRUE,FALSE,0.28,130,0.4,0.55,1.2,2.4,0.7,35,60,0.6,0.5,3,TRUE,0.04,2400,FALSE,0,0,0,0,0,FALSE,0,0,0,0,TRUE,14,0.6,0.25,0.8,0.5,0.15,0.4
74,XAUUSD,-401.19,0.72,162,108,54,66.7,9.61,-26.64,562.62,-43,9.64,963.81,-1.68,-0.46,-2.48,-814.55,29,0,0,0,40,5,10,2,0.16,1,FALSE,TRUE,FALSE,0.28,130,0.3,0.55,0.9,2,0.6,40,45,0.5,0.5,3,TRUE,0.04,2400,FALSE,0,0,0,0,0,FALSE,0,0,0,0,TRUE,14,0.6,0.25,0.8,0.5,0.15,0.4
84,XAUUSD,-784.26,0.61,170,111,59,65.3,11.19,-34.35,562.62,-57.33,13.47,1346.88,-2.57,-0.67,-4.61,-1057.18,29,0,0,0,40,5,10,2,0.16,1,FALSE,TRUE,FALSE,0.28,130,0.4,0.55,1.2,2.4,0.7,35,60,0.6,0.5,3,TRUE,0.04,2400,FALSE,0,0,0,0,0,FALSE,0,0,0,0,TRUE,14,0.6,0.25,0.8,0.5,0.15,0.4
101,GBPUSD,-975.89,0.05,33,9,24,27.3,6.01,-42.91,21.99,-45.66,10.24,1029.95,-5,-0.84,-29.57,-1029.95,24,3276,932,60,65,7,14,4,0,20,TRUE,TRUE,FALSE,0,120,0.45,0,1.3,2.8,0.7,40,90,0.7,0,3,FALSE,0,0,FALSE,0,0,0,0,0,FALSE,0,0,0,0,TRUE,14,0.6,0.25,0.8,0.5,0.15,0.4
118,XAUUSD,-981.64,0.91,1276,686,590,53.8,15.29,-19.44,46.61,-74.59,18.71,1988.62,-5,-0.46,-0.77,-327.19,10,0,0,0,70,6,10,3,0.5,100,FALSE,TRUE,FALSE,0.35,130,0.7,1.2,1,2,0.8,30,5,0.5,0.3,3,FALSE,0.4,45,TRUE,2,14,0,0.35,1,FALSE,0,0,0.6,45,TRUE,14,0.6,0.25,0.8,0.5,0.15,0.4
112,USDJPY,-1583.29,0.51,76,15,61,19.7,112.07,-53.51,512.28,-82.23,31.63,3163.22,-1.67,-0.49,-20.83,-2907.26,55,0,0,274,35,4,8,2,0.02,20,FALSE,FALSE,FALSE,0.01,120,0.6,0.06,1.8,3.5,0.9,30,150,0.9,0.01,2,TRUE,0.01,2400,FALSE,0,0,0,0.01,0,FALSE,0,0.04,0,0,TRUE,14,0.6,0.25,0.8,0.5,0.15,0.4
,,,,,,,,,,,,,,,,,,,,,,,,,,,,,,,,,,,,,,,,,,,,,,,,,,,,,,,,,,,,,,,,
remove VSA,remove trailing,remove UsePyramid,,,,,,,,,,,,,,,,,,,,,,,,,,,,,,,,,,,,,,,,,,,,,,,,,,,,,,,,,,,,,,