PresetID,Symbol,K_swing,N_bos,M_retest,EqTol_pips,UseRoundNumber,RNDelta_pips,UseKillzones,RiskPerTradePct,TrailMode,SL_Buffer_pips,BOSBuffer_pips,UsePendingRetest,RetestOffset_pips,TP1_R,TP2_R,BE_Activate_R,PartialClosePct,UsePyramid,MaxAdds,AddSizeFactor,AddSpacing_pips,MaxOpenPositions,TimeStopMinutes,MinProgressR
1,XAUUSD,50.0,6.0,3.0,20.0,1,28.000000000000004,1,0.5,,60.0,2.0,0,7.000000000000001,1.0,2.0,0.8,50.0,0,0.0,0.6,40.0,1.0,5.0,0.5,MAPPING-> original 91
2,XAUUSD,60.0,5.0,3.0,18.0,1,30.0,1,0.5,,70.0,2.0,0,7.000000000000001,1.0,2.0,0.8,50.0,0,0.0,0.6,40.0,1.0,5.0,0.5,MAPPING-> original 90 // NY_C31_STRICT_SPREAD45
3,XAUUSD,60.0,5.0,3.0,18.0,1,30.0,1,0.5,,70.0,2.0,0,7.000000000000001,1.0,2.0,1.0,50.0,0,0.0,0.6,40.0,1.0,5.0,0.5,MAPPING-> original 123
4,XAUUSD,50.0,6.0,3.0,20.0,1,35.0,1,0.5,,60.0,2.0,0,7.000000000000001,1.0,2.0,0.8,50.0,0,0.0,0.6,40.0,1.0,5.0,0.5,MAPPING-> original 36
5,XAUUSD,50.0,6.0,3.0,20.0,1,25.0,1,0.5,,60.0,2.0,0,7.000000000000001,1.0,2.0,0.8,50.0,0,0.0,0.6,40.0,1.0,5.0,0.5,MAPPING-> original 62
6,XAUUSD,50.0,6.0,3.0,20.0,1,30.0,1,0.5,,60.0,2.0,0,7.000000000000001,1.0,2.0,0.8,50.0,0,0.0,0.6,40.0,1.0,5.0,0.5,MAPPING-> original 63
7,XAUUSD,50.0,6.0,2.0,20.0,1,30.0,1,0.5,,60.0,2.0,0,7.000000000000001,1.0,2.0,0.8,50.0,0,0.0,0.6,40.0,1.0,5.0,0.5,MAPPING-> original 64
8,XAUUSD,50.0,6.0,4.0,20.0,1,30.0,1,0.5,,60.0,2.0,0,7.000000000000001,1.0,2.0,0.8,50.0,0,0.0,0.6,40.0,1.0,5.0,0.5,MAPPING-> original 65
9,XAUUSD,50.0,6.0,3.0,22.0,1,40.0,1,0.5,,60.0,1.0,0,7.000000000000001,1.0,2.0,0.8,50.0,0,0.0,0.6,40.0,1.0,5.0,0.5,MAPPING-> original 89 // NY_C31_RN40
10,XAUUSD,50.0,6.0,3.0,20.0,1,32.0,1,0.5,,60.0,2.0,0,7.000000000000001,1.0,2.0,0.8,50.0,0,0.0,0.6,40.0,1.0,5.0,0.5,MAPPING-> original 92
11,XAUUSD,50.0,6.0,3.0,20.0,1,30.0,1,0.5,,60.0,2.0,0,7.000000000000001,1.0,2.0,1.0,50.0,0,0.0,0.6,40.0,1.0,5.0,0.5,MAPPING-> original 93
12,XAUUSD,55.0,6.0,3.0,20.0,1,30.0,1,0.5,,60.0,1.5,0,7.000000000000001,1.0,2.0,0.8,50.0,0,0.0,0.6,40.0,1.0,5.0,0.5,MAPPING-> original 95
13,XAUUSD,50.0,6.0,3.0,20.0,1,28.000000000000004,1,0.5,,60.0,2.0,0,7.000000000000001,1.0,2.0,0.8,50.0,0,0.0,0.6,40.0,1.0,5.0,0.5,MAPPING-> original 121
14,XAUUSD,50.0,6.0,3.0,18.0,1,30.0,1,0.5,,65.0,2.0,0,7.000000000000001,1.0,2.0,0.8,50.0,0,0.0,0.6,40.0,1.0,5.0,0.5,MAPPING-> original 66
15,XAUUSD,55.0,5.0,3.0,18.0,1,30.0,1,0.5,,65.0,2.5,0,7.000000000000001,1.0,2.0,0.8,50.0,0,0.0,0.6,40.0,1.0,5.0,0.5,MAPPING-> original 96
16,XAUUSD,55.0,5.0,3.0,18.0,1,30.0,1,0.5,,65.0,2.0,0,7.000000000000001,1.0,2.0,0.8,50.0,0,0.0,0.6,40.0,1.0,5.0,0.5,MAPPING-> original 99
17,XAUUSD,60.0,6.0,3.0,22.0,1,35.0,1,0.5,,60.0,2.0,0,7.000000000000001,1.0,2.0,0.8,50.0,0,0.0,0.6,40.0,1.0,5.0,0.5,MAPPING-> original 107 // LDN_SHIFT_-10 (để chống 0 trade)
18,XAUUSD,50.0,6.0,3.0,20.0,1,30.0,1,0.5,,60.0,2.0,0,7.000000000000001,1.0,2.0,0.8,50.0,0,0.0,0.6,40.0,1.0,4.0,0.6,MAPPING-> original 97
19,XAUUSD,55.0,5.0,3.0,18.0,1,30.0,1,0.5,,65.0,2.0,0,7.000000000000001,1.0,2.0,1.0,40.0,0,0.0,0.6,40.0,1.0,5.0,0.5,MAPPING-> original 122
20,XAUUSD,65.0,5.0,2.0,18.0,1,30.0,1,0.4,,70.0,2.0,0,7.000000000000001,1.0,2.0,0.8,40.0,0,0.0,0.6,40.0,1.0,5.0,0.6,MAPPING-> original 18
21,XAUUSD,50.0,6.0,3.0,22.0,1,40.0,1,0.5,,55.00000000000001,1.0,0,7.000000000000001,1.0,2.0,0.8,50.0,0,0.0,0.6,40.0,1.0,5.0,0.5,MAPPING-> original 76 // LDN_34_SHORT_SWING
22,XAUUSD,55.0,6.0,2.0,22.0,1,40.0,1,0.5,,55.00000000000001,1.0,0,7.000000000000001,1.0,2.0,0.8,50.0,0,0.0,0.6,40.0,1.0,5.0,0.5,MAPPING-> original 77 // LDN_34_FAST_RETEST2
23,XAUUSD,60.0,6.0,3.0,22.0,1,37.0,1,0.5,,60.0,2.0,0,7.000000000000001,1.0,2.0,0.8,50.0,0,0.0,0.6,40.0,1.0,5.0,0.5,MAPPING-> original 102 // LDN_32_MICRO_RN37
24,XAUUSD,55.0,5.0,3.0,22.0,1,40.0,1,0.5,,60.0,2.5,0,7.000000000000001,1.0,2.0,0.8,50.0,0,0.0,0.6,40.0,1.0,5.0,0.5,MAPPING-> original 104 // LDN_34_BUFFER2_5
25,XAUUSD,50.0,6.0,3.0,22.0,1,40.0,1,0.5,,55.00000000000001,1.0,0,7.000000000000001,1.0,2.0,0.8,50.0,0,0.0,0.6,40.0,1.0,5.0,0.5,MAPPING-> original 105 // LDN_76_SPREAD50 (siết spread)
26,XAUUSD,55.0,6.0,3.0,22.0,1,37.0,1,0.5,,55.00000000000001,1.5,0,7.000000000000001,1.0,2.0,0.8,50.0,0,0.0,0.6,40.0,1.0,5.0,0.5,MAPPING-> original 125
27,XAUUSD,50.0,6.0,3.0,20.0,1,35.0,1,0.5,1.0,50.0,2.0,0,7.000000000000001,1.0,2.0,0.6,50.0,0,0.0,0.6,40.0,1.0,5.0,0.5,MAPPING-> original 36
28,XAUUSD,50.0,6.0,3.0,20.0,1,35.0,1,0.5,1.0,50.0,2.0,0,7.000000000000001,1.0,2.0,0.8,50.0,0,0.0,0.6,40.0,1.0,5.0,0.5,TRAIL-DoE: ATR14x1.5 start0.8
29,XAUUSD,50.0,6.0,3.0,20.0,1,35.0,1,0.5,2.0,50.0,2.0,0,7.000000000000001,1.0,2.0,0.8,50.0,0,0.0,0.6,40.0,1.0,5.0,0.5,TRAIL-DoE: STEP0.25 start0.8
30,XAUUSD,50.0,6.0,3.0,20.0,1,35.0,1,0.5,1.0,50.0,2.0,0,7.000000000000001,1.2,2.0,0.8,40.0,0,0.0,0.6,40.0,1.0,5.0,0.5,TRAIL-DoE: ATR14x1.5 + BE0.8/TP1=1.2/PC40%
31,XAUUSD,50.0,6.0,3.0,20.0,1,35.0,1,0.5,2.0,50.0,2.0,0,7.000000000000001,1.2,2.0,0.8,40.0,0,0.0,0.6,40.0,1.0,5.0,0.5,TRAIL-DoE: STEP0.30 + BE0.8/TP1=1.2/PC40%
32,XAUUSD,50.0,6.0,3.0,20.0,1,35.0,1,0.5,1.0,50.0,2.0,0,7.000000000000001,9.9,2.0,1.0,0.0,0,0.0,0.0,0.0,1.0,5.0,0.5,Sprint2 BotA: ATR14x1.5 | runner | no-partial
33,XAUUSD,50.0,6.0,3.0,20.0,1,35.0,1,0.5,1.0,50.0,2.0,0,7.000000000000001,1.4,2.0,1.0,30.0,0,0.0,0.0,0.0,1.0,5.0,0.5,Sprint2 BotA: ATR21x2.2 | BE1.0/TP1=1.4/PC30%
34,XAUUSD,50.0,6.0,3.0,20.0,1,35.0,1,0.5,1.0,50.0,2.0,0,7.000000000000001,1.5,2.0,0.8,30.0,0,0.0,0.0,0.0,1.0,5.0,0.5,Sprint2 BotA: ATR14x1.5 | BE0.8/TP1=1.5/PC30%
35,XAUUSD,50.0,6.0,3.0,20.0,1,35.0,1,0.5,1.0,50.0,2.0,0,7.000000000000001,1.2,2.0,0.8,40.0,0,0.0,0.0,0.0,1.0,5.0,0.5,Sprint2 BotA: ATR14x1.6 | BE0.8/TP1=1.2/PC40%
36,XAUUSD,50.0,6.0,3.0,20.0,1,35.0,1,0.5,2.0,50.0,2.0,0,7.000000000000001,1.2,2.0,0.8,40.0,1,2.0,0.6,35.0,3.0,5.0,0.5,"Sprint2 BotB: STEP0.30 | StartRR=0.8 | BE0.8/TP1=1.2/PC40 | Py(2,0.35,0.6)"
37,XAUUSD,50.0,6.0,3.0,20.0,1,35.0,1,0.5,1.0,50.0,2.0,0,7.000000000000001,1.0,2.0,0.8,50.0,0,0.0,0.6,40.0,1.0,5.0,0.5,TRAIL-DoE: ATR14x1.5 start0.8
38,XAUUSD,50.0,6.0,3.0,20.0,1,35.0,1,0.5,1.0,50.0,2.0,0,7.000000000000001,1.0,2.0,0.8,50.0,0,0.0,0.6,40.0,1.0,5.0,0.5,TRAIL-DoE: ATR14x2.0 start1.0
39,XAUUSD,50.0,6.0,3.0,20.0,1,35.0,1,0.5,1.0,50.0,2.0,0,7.000000000000001,1.0,2.0,0.8,50.0,0,0.0,0.6,40.0,1.0,5.0,0.5,TRAIL-DoE: ATR21x1.8 start1.0
40,XAUUSD,50.0,6.0,3.0,20.0,1,35.0,1,0.5,2.0,50.0,2.0,0,7.000000000000001,1.0,2.0,1.0,30.0,1,2.0,0.6,30.0,3.0,5.0,0.5,MAPPING-> original 228
41,XAUUSD,50.0,6.0,3.0,20.0,1,35.0,1,0.5,2.0,50.0,2.0,0,7.000000000000001,1.2,2.0,0.8,50.0,1,2.0,0.6,45.0,3.0,5.0,0.5,MAPPING-> original 229
42,XAUUSD,50.0,6.0,3.0,20.0,1,35.0,1,0.5,2.0,50.0,2.0,0,7.000000000000001,1.2,2.0,0.8,30.0,1,3.0,0.6,40.0,3.0,5.0,0.5,MAPPING-> original 230
43,XAUUSD,50.0,6.0,3.0,20.0,1,35.0,1,0.5,2.0,50.0,2.0,0,7.000000000000001,1.2,2.0,0.8,40.0,1,3.0,0.5,40.0,4.0,5.0,0.5,MAPPING-> original 222
44,XAUUSD,50.0,6.0,3.0,20.0,1,35.0,1,0.5,2.0,50.0,2.0,0,7.000000000000001,1.2,2.0,0.8,30.0,1,2.0,0.6,45.0,4.0,5.0,0.5,MAPPING-> original 223
45,XAUUSD,50.0,6.0,3.0,20.0,1,35.0,1,0.5,2.0,50.0,2.0,0,7.000000000000001,9.9,2.0,0.8,0.0,1,2.0,0.5,35.0,3.0,5.0,0.5,MAPPING-> original 226
46,XAUUSD,50.0,6.0,3.0,20.0,1,35.0,1,0.5,1.0,50.0,2.0,0,7.000000000000001,1.2,2.0,0.8,40.0,1,2.0,0.6,35.0,3.0,5.0,0.5,MAPPING-> original 225
47,XAUUSD,50.0,6.0,3.0,20.0,1,35.0,1,0.5,2.0,50.0,2.0,0,7.000000000000001,1.0,2.0,0.8,40.0,1,2.0,0.6,30.0,3.0,5.0,0.5,MAPPING-> original 220
48,XAUUSD,50.0,6.0,3.0,20.0,1,35.0,1,0.5,2.0,50.0,2.0,0,7.000000000000001,1.2,2.0,0.8,30.0,1,2.0,0.6,32.0,4.0,5.0,0.5,MAPPING-> original 232
49,XAUUSD,50.0,6.0,3.0,20.0,1,35.0,1,0.5,2.0,50.0,2.0,0,7.000000000000001,1.2,2.0,0.8,55.0,1,2.0,0.6,42.0,4.0,5.0,0.5,MAPPING-> original 234
50,XAUUSD,50.0,6.0,3.0,20.0,1,35.0,1,0.5,2.0,50.0,2.0,0,7.000000000000001,1.2,2.0,0.8,55.0,1,2.0,0.6,38.0,4.0,5.0,0.5,MAPPING-> original 236
51,XAUUSD,50.0,6.0,3.0,20.0,1,35.0,1,0.5,2.0,50.0,2.0,0,7.000000000000001,1.2,2.0,0.8,30.0,1,2.0,0.6,38.0,4.0,5.0,0.5,MAPPING-> original 239
600,EURUSD,40,7,3,2.00,0,3.00,0,0.50,1,12.00,1.50,1,1.50,1.00,3.00,0.80,50,1,0,0.75,4.00,1,5,0.50
601,EURUSD,50,6,4,2.50,1,2.00,1,0.30,2,6.00,1.50,0,2.00,1.50,2.00,1.00,60,0,0,0.50,4.00,1,5,0.50
602,EURUSD,60,8,3,3.00,0,3.00,0,0.30,1,8.00,2.00,1,2.50,1.00,2.50,0.80,40,1,0,0.75,3.00,1,5,0.50
603,EURUSD,70,7,4,1.50,1,2.00,1,0.40,2,10.00,2.00,0,1.50,1.50,3.00,0.60,50,0,0,0.50,3.00,1,5,0.50
604,EURUSD,40,6,3,2.00,0,3.00,0,0.50,1,12.00,2.00,1,2.00,1.00,2.00,0.80,60,1,0,0.75,5.00,1,5,0.50
605,EURUSD,50,8,4,2.50,1,2.00,1,0.30,2,6.00,1.00,0,2.00,1.50,2.00,0.60,40,0,0,0.50,5.00,1,5,0.50
606,EURUSD,60,7,3,3.00,0,3.00,0,0.30,1,8.00,1.00,1,2.50,1.00,2.50,1.00,50,1,0,0.75,4.00,1,5,0.50
607,EURUSD,70,6,4,1.50,1,2.00,1,0.40,2,10.00,1.00,0,1.50,1.50,3.00,0.80,60,0,0,0.50,4.00,1,5,0.50
608,EURUSD,40,8,3,2.00,0,3.00,0,0.50,1,12.00,1.50,1,2.00,1.00,2.00,1.00,40,1,0,0.75,3.00,1,5,0.50
609,EURUSD,50,7,4,2.50,1,2.50,1,0.50,2,6.00,1.50,0,2.50,1.50,2.50,0.80,50,0,2,0.50,3.00,1,5,0.50
610,EURUSD,60,6,3,3.00,0,3.00,0,0.30,1,8.00,1.50,1,1.50,1.00,3.00,0.60,60,1,2,0.75,5.00,1,5,0.50
611,EURUSD,70,6,4,1.50,1,2.50,1,0.40,2,10.00,2.00,0,2.00,1.50,2.00,0.80,40,0,2,0.50,4.00,1,5,0.50
612,EURUSD,40,8,3,2.00,0,3.00,0,0.40,1,12.00,2.00,1,2.50,1.00,2.50,0.60,50,1,2,0.75,4.00,1,5,0.50
613,EURUSD,50,7,4,2.50,1,2.50,1,0.50,2,6.00,2.00,0,1.50,1.50,3.00,1.00,60,0,2,0.50,3.00,1,5,0.50
614,EURUSD,60,6,3,3.00,0,3.00,0,0.30,1,8.00,1.00,1,2.00,1.00,2.00,0.80,40,1,2,0.75,3.00,1,5,0.50
615,EURUSD,70,8,4,1.50,1,2.50,1,0.30,2,10.00,1.00,0,2.00,1.50,2.00,1.00,50,0,2,0.50,5.00,1,5,0.50
616,EURUSD,40,7,3,2.00,0,3.00,0,0.40,1,12.00,1.00,1,2.50,1.00,2.50,0.80,60,1,2,0.75,5.00,1,5,0.50
617,EURUSD,50,6,4,2.50,1,2.50,1,0.50,2,6.00,1.50,0,1.50,1.50,3.00,0.60,40,0,2,0.50,4.00,1,5,0.50
618,EURUSD,60,8,3,3.00,0,3.00,0,0.30,1,8.00,1.50,1,2.00,1.20,2.00,0.80,50,1,2,0.75,4.00,1,5,0.50
619,EURUSD,70,7,4,1.50,1,2.50,1,0.30,2,10.00,1.50,0,2.50,1.50,2.50,0.60,50,0,2,0.50,3.00,1,5,0.50
620,EURUSD,40,6,3,2.00,0,3.00,0,0.40,1,12.00,2.00,1,1.50,1.20,3.00,1.00,60,1,2,0.75,3.00,1,5,0.50
621,EURUSD,50,6,4,2.50,1,2.50,1,0.50,2,6.00,2.00,0,2.00,1.50,2.00,0.60,40,0,2,0.50,5.00,1,5,0.50
622,EURUSD,60,8,3,3.00,0,3.00,0,0.50,1,8.00,1.00,1,2.50,1.20,2.50,1.00,50,1,1,0.75,4.00,1,5,0.50
623,EURUSD,70,7,4,1.50,1,2.50,1,0.30,2,10.00,1.00,0,1.50,1.50,3.00,0.80,60,0,1,0.50,4.00,1,5,0.50
624,EURUSD,40,6,3,2.00,0,3.00,0,0.40,1,12.00,1.00,1,2.00,1.20,2.00,0.60,40,1,1,0.75,3.00,1,5,0.50
625,EURUSD,50,8,4,2.50,1,2.50,1,0.40,2,6.00,1.50,0,2.00,1.50,2.00,0.80,50,0,1,0.50,3.00,1,5,0.50
626,EURUSD,60,7,3,3.00,0,3.00,0,0.50,1,8.00,1.50,1,2.50,1.20,2.50,0.60,60,1,1,0.75,5.00,1,5,0.50
627,EURUSD,70,6,4,1.50,1,2.50,1,0.30,2,10.00,1.50,0,1.50,1.50,3.00,1.00,40,0,1,0.50,5.00,1,5,0.50
628,EURUSD,40,8,3,2.00,0,3.00,0,0.30,1,12.00,2.00,1,2.00,1.20,2.00,0.60,50,1,1,0.75,4.00,1,5,0.50
629,EURUSD,50,7,4,2.50,1,2.50,1,0.40,2,6.00,2.00,0,2.50,1.50,2.50,1.00,60,0,1,0.50,4.00,1,5,0.50
630,EURUSD,60,6,3,3.00,0,3.00,0,0.50,1,8.00,2.00,1,1.50,1.20,3.00,0.80,40,1,1,0.75,3.00,1,5,0.50
631,EURUSD,70,8,4,1.50,1,2.50,1,0.30,2,10.00,1.00,0,2.00,1.50,2.00,1.00,50,0,1,0.50,3.00,1,5,0.50
632,EURUSD,40,8,3,2.00,0,3.00,0,0.30,1,12.00,1.00,1,2.50,1.20,2.50,0.80,60,1,1,0.75,5.00,1,5,0.50
633,EURUSD,50,7,4,2.50,1,2.50,1,0.40,2,6.00,1.00,0,1.50,1.50,3.00,0.60,40,0,1,0.50,4.00,1,5,0.50
634,EURUSD,60,6,3,3.00,0,3.00,0,0.50,1,8.00,1.50,1,2.00,1.20,2.00,1.00,50,1,1,0.75,4.00,1,5,0.50
635,EURUSD,70,8,4,1.50,1,2.50,1,0.50,2,10.00,1.50,0,2.00,1.50,2.50,0.60,60,0,0,0.50,3.00,1,5,0.50
636,EURUSD,40,7,3,2.00,0,2.00,0,0.30,1,12.00,1.50,1,2.50,1.20,2.50,1.00,40,1,0,0.75,3.00,1,5,0.50
637,EURUSD,50,6,4,2.50,1,2.50,1,0.40,2,6.00,2.00,0,1.50,1.50,3.00,0.80,50,0,0,0.50,5.00,1,5,0.50
638,EURUSD,60,8,3,3.00,0,2.00,0,0.40,1,8.00,2.00,1,2.00,1.20,2.00,1.00,60,1,0,0.75,5.00,1,5,0.50
639,EURUSD,70,7,4,1.50,1,2.50,1,0.50,2,10.00,2.00,0,2.50,1.50,2.50,0.80,40,0,0,0.50,4.00,1,5,0.50
640,EURUSD,40,6,3,2.00,0,2.00,0,0.30,1,12.00,1.00,1,1.50,1.20,3.00,0.60,50,1,0,0.75,4.00,1,5,0.50
641,EURUSD,50,8,4,2.50,1,2.50,1,0.30,2,6.00,1.00,0,2.00,1.50,2.00,1.00,60,0,0,0.50,3.00,1,5,0.50
642,EURUSD,60,7,3,3.00,0,2.00,0,0.40,1,8.00,1.50,1,2.50,1.20,2.50,0.60,40,1,0,0.75,3.00,1,5,0.50
643,EURUSD,70,7,4,1.50,1,2.50,1,0.50,2,10.00,1.50,0,1.50,1.50,3.00,1.00,50,0,0,0.50,5.00,1,5,0.50
644,EURUSD,40,6,3,2.00,0,2.00,0,0.30,1,12.00,1.50,1,2.00,1.20,2.00,0.80,60,1,0,0.75,4.00,1,5,0.50
645,EURUSD,50,8,4,2.50,1,2.50,1,0.30,2,6.00,2.00,0,2.00,1.50,2.50,1.00,40,0,0,0.50,4.00,1,5,0.50
646,EURUSD,60,7,3,3.00,0,2.00,0,0.40,1,8.00,2.00,1,2.50,1.20,2.50,0.80,50,1,0,0.75,3.00,1,5,0.50
647,EURUSD,70,6,4,1.50,1,2.50,1,0.50,2,10.00,2.00,0,1.50,1.50,3.00,0.60,60,0,2,0.50,3.00,1,5,0.50
648,EURUSD,40,8,3,2.00,0,2.00,0,0.50,1,12.00,1.00,1,2.00,1.20,2.00,0.80,40,1,2,0.75,5.00,1,5,0.50
649,EURUSD,50,7,4,2.50,1,2.50,1,0.30,2,6.00,1.00,0,2.50,1.50,2.50,0.60,50,0,2,0.50,5.00,1,5,0.50
650,EURUSD,60,6,3,3.00,0,2.00,0,0.40,1,8.00,1.00,1,1.50,1.20,3.00,1.00,50,1,2,0.75,4.00,1,5,0.50
651,EURUSD,70,8,4,1.50,1,2.50,1,0.40,2,10.00,1.50,0,2.00,1.50,2.00,0.80,60,0,2,0.50,4.00,1,5,0.50
652,EURUSD,40,7,3,2.00,0,2.00,0,0.50,1,12.00,1.50,1,2.50,1.20,2.50,1.00,40,1,2,0.75,3.00,1,5,0.50
653,EURUSD,50,7,4,2.50,1,2.50,1,0.30,2,6.00,1.50,0,1.50,1.50,3.00,0.80,50,0,2,0.50,3.00,1,5,0.50
654,EURUSD,60,6,3,3.00,0,2.00,0,0.30,1,8.00,2.00,1,2.00,1.20,2.00,0.60,60,1,2,0.75,5.00,1,5,0.50
655,EURUSD,70,8,4,1.50,1,2.50,1,0.40,2,10.00,2.00,0,2.00,1.50,2.50,0.80,40,0,2,0.50,4.00,1,5,0.50
656,EURUSD,40,7,3,2.00,0,2.00,0,0.50,1,12.00,2.00,1,2.50,1.20,3.00,0.60,50,1,2,0.75,4.00,1,5,0.50
657,EURUSD,50,6,4,2.50,1,2.50,1,0.30,2,6.00,1.00,0,1.50,1.50,3.00,1.00,60,0,2,0.50,3.00,1,5,0.50
658,EURUSD,60,8,3,3.00,0,2.00,0,0.30,1,8.00,1.00,1,2.00,1.20,2.00,0.80,40,1,2,0.75,3.00,1,5,0.50
659,EURUSD,70,7,4,1.50,1,2.50,1,0.40,2,10.00,1.00,0,2.50,1.50,2.50,1.00,50,0,2,0.50,5.00,1,5,0.50
660,EURUSD,40,6,3,2.00,0,2.00,0,0.50,1,12.00,1.50,1,1.50,1.20,3.00,0.80,60,1,1,0.75,5.00,1,5,0.50
661,EURUSD,50,8,4,2.50,1,2.50,1,0.50,2,6.00,1.50,0,2.00,1.50,2.00,0.60,40,0,1,0.50,4.00,1,5,0.50
662,EURUSD,60,7,3,3.00,0,2.00,0,0.30,1,8.00,1.50,1,2.50,1.20,2.50,0.80,50,1,1,0.75,4.00,1,5,0.50
663,EURUSD,70,6,4,1.50,1,2.50,1,0.40,2,10.00,2.00,0,1.50,1.00,3.00,0.60,60,0,1,0.50,3.00,1,5,0.50
664,EURUSD,40,6,3,2.00,0,2.00,0,0.40,1,12.00,2.00,1,2.00,1.20,2.00,1.00,40,1,1,0.75,3.00,1,5,0.50
665,EURUSD,50,8,4,2.50,1,3.00,1,0.50,2,6.00,1.00,0,2.00,1.00,2.50,0.60,50,0,1,0.50,5.00,1,5,0.50
666,EURUSD,60,7,3,3.00,0,2.00,0,0.30,1,8.00,1.00,1,2.50,1.20,3.00,1.00,60,1,1,0.75,4.00,1,5,0.50
667,EURUSD,70,6,4,1.50,1,3.00,1,0.30,2,10.00,1.00,0,1.50,1.00,3.00,0.80,40,0,1,0.50,4.00,1,5,0.50
668,EURUSD,40,8,3,2.00,0,2.00,0,0.40,1,12.00,1.50,1,2.00,1.20,2.00,0.60,50,1,1,0.75,3.00,1,5,0.50
669,EURUSD,50,7,4,2.50,1,3.00,1,0.50,2,6.00,1.50,0,2.50,1.00,2.50,0.80,60,0,1,0.50,3.00,1,5,0.50
670,EURUSD,60,6,3,3.00,0,2.00,0,0.30,1,8.00,1.50,1,1.50,1.20,3.00,0.60,40,1,1,0.75,5.00,1,5,0.50
671,EURUSD,70,8,4,1.50,1,3.00,1,0.30,2,10.00,2.00,0,2.00,1.00,2.00,1.00,50,0,1,0.50,5.00,1,5,0.50
672,EURUSD,40,7,3,2.00,0,2.00,0,0.40,1,12.00,2.00,1,2.50,1.20,2.50,0.60,60,1,1,0.75,4.00,1,5,0.50
673,EURUSD,50,6,4,2.50,1,3.00,1,0.50,2,6.00,2.00,0,1.50,1.00,3.00,1.00,40,0,0,0.50,4.00,1,5,0.50
674,EURUSD,60,8,3,3.00,0,2.00,0,0.50,1,8.00,1.00,1,2.00,1.20,2.00,0.80,50,1,0,0.75,3.00,1,5,0.50
675,EURUSD,70,8,4,1.50,1,3.00,1,0.30,2,10.00,1.00,0,2.00,1.00,2.50,1.00,60,0,0,0.50,3.00,1,5,0.50
676,EURUSD,40,7,3,2.00,0,2.00,0,0.40,1,12.00,1.00,1,2.50,1.20,3.00,0.80,40,1,0,0.75,5.00,1,5,0.50
677,EURUSD,50,6,4,2.50,1,3.00,1,0.40,2,6.00,1.50,0,1.50,1.00,3.00,0.60,50,0,0,0.50,5.00,1,5,0.50
678,EURUSD,60,8,3,3.00,0,2.00,0,0.50,1,8.00,1.50,1,2.00,1.20,2.00,1.00,60,1,0,0.75,4.00,1,5,0.50
679,EURUSD,70,7,4,1.50,1,3.00,1,0.30,2,10.00,1.50,0,2.50,1.00,2.50,0.60,40,0,0,0.50,3.00,1,5,0.50
680,EURUSD,40,6,3,2.00,0,2.00,0,0.30,1,12.00,2.00,1,1.50,1.20,3.00,1.00,50,1,0,0.75,3.00,1,5,0.50
681,EURUSD,50,8,4,2.50,1,3.00,1,0.40,2,6.00,2.00,0,2.00,1.00,2.00,0.80,60,0,0,0.50,5.00,1,5,0.50
682,EURUSD,60,7,3,3.00,0,2.00,0,0.50,1,8.00,2.00,1,2.50,1.20,2.50,1.00,60,1,0,0.75,5.00,1,5,0.50
683,EURUSD,70,6,4,1.50,1,3.00,1,0.30,2,10.00,1.00,0,1.50,1.00,3.00,0.80,40,0,0,0.50,4.00,1,5,0.50
684,EURUSD,40,8,3,2.00,0,2.00,0,0.30,1,12.00,1.00,1,1.50,1.20,2.00,0.60,50,1,0,0.75,4.00,1,5,0.50
685,EURUSD,50,8,4,2.50,1,3.00,1,0.40,2,6.00,1.50,0,2.00,1.00,2.50,1.00,60,0,0,0.50,3.00,1,5,0.50
686,EURUSD,60,7,3,3.00,0,2.00,0,0.50,1,8.00,1.50,1,2.50,1.20,3.00,0.60,40,1,2,0.75,3.00,1,5,0.50
687,EURUSD,70,6,4,1.50,1,3.00,1,0.50,2,10.00,1.50,0,1.50,1.00,2.00,1.00,50,0,2,0.50,5.00,1,5,0.50
688,EURUSD,40,8,3,2.00,0,2.00,0,0.30,1,12.00,2.00,1,2.00,1.20,2.00,0.80,60,1,2,0.75,5.00,1,5,0.50
689,EURUSD,50,7,4,2.50,1,3.00,1,0.40,2,6.00,2.00,0,2.50,1.00,2.50,1.00,40,0,2,0.50,4.00,1,5,0.50
690,EURUSD,60,6,3,3.00,0,2.00,0,0.40,1,8.00,2.00,1,1.50,1.20,3.00,0.80,50,1,2,0.75,3.00,1,5,0.50
691,EURUSD,70,8,4,1.50,1,3.00,1,0.50,2,10.00,1.00,0,2.00,1.00,2.00,0.60,60,0,2,0.50,3.00,1,5,0.50
692,EURUSD,40,7,3,2.00,0,2.00,0,0.30,1,12.00,1.00,1,2.50,1.20,2.50,0.80,40,1,2,0.75,5.00,1,5,0.50
693,EURUSD,50,6,4,2.50,1,3.00,1,0.30,2,6.00,1.00,0,1.50,1.00,3.00,0.60,50,0,2,0.50,5.00,1,5,0.50
694,EURUSD,60,8,3,3.00,0,2.50,0,0.40,1,8.00,1.50,1,1.50,1.20,2.00,1.00,60,1,2,0.75,4.00,1,5,0.50
695,EURUSD,70,7,4,1.50,1,3.00,1,0.50,2,10.00,1.50,0,2.00,1.00,2.50,0.80,40,0,2,0.50,4.00,1,5,0.50
696,EURUSD,40,7,3,2.00,0,2.50,0,0.30,1,12.00,1.50,1,2.50,1.20,3.00,1.00,50,1,2,0.75,3.00,1,5,0.50
697,EURUSD,50,6,4,2.50,1,3.00,1,0.30,2,6.00,2.00,0,1.50,1.00,2.00,0.80,60,0,2,0.50,3.00,1,5,0.50
698,EURUSD,60,8,3,3.00,0,2.50,0,0.40,1,8.00,2.00,1,2.00,1.20,2.00,0.60,40,1,2,0.75,5.00,1,5,0.50
699,EURUSD,70,7,4,1.50,1,3.00,1,0.50,2,10.00,2.00,0,2.50,1.00,2.50,0.80,50,0,1,0.50,5.00,1,5,0.50
700,EURUSD,40,6,3,2.00,0,2.50,0,0.50,1,12.00,1.00,1,1.50,1.20,3.00,0.60,60,1,1,0.75,4.00,1,5,0.50
701,EURUSD,50,8,4,2.50,1,3.00,1,0.30,2,6.00,1.00,0,2.00,1.00,2.00,1.00,40,0,1,0.50,3.00,1,5,0.50
702,EURUSD,60,7,3,3.00,0,2.50,0,0.40,1,8.00,1.00,1,2.50,1.20,2.50,0.80,50,1,1,0.75,3.00,1,5,0.50
703,EURUSD,70,6,4,1.50,1,3.00,1,0.40,2,10.00,1.50,0,1.50,1.00,3.00,1.00,60,0,1,0.50,5.00,1,5,0.50
704,EURUSD,40,8,3,2.00,0,2.50,0,0.50,1,12.00,1.50,1,1.50,1.20,2.00,0.80,40,1,1,0.75,5.00,1,5,0.50
705,EURUSD,50,7,4,2.50,1,3.00,1,0.30,2,6.00,1.50,0,2.00,1.00,2.50,0.60,50,0,1,0.50,4.00,1,5,0.50
706,EURUSD,60,6,3,3.00,0,2.50,0,0.30,1,8.00,2.00,1,2.50,1.50,3.00,0.80,60,1,1,0.75,4.00,1,5,0.50
707,EURUSD,70,6,4,1.50,1,3.00,1,0.40,2,10.00,2.00,0,1.50,1.00,2.00,0.60,40,0,1,0.50,3.00,1,5,0.50
708,EURUSD,40,8,3,2.00,0,2.50,0,0.50,1,12.00,1.00,1,2.00,1.50,2.00,1.00,50,1,1,0.75,3.00,1,5,0.50
709,EURUSD,50,7,4,2.50,1,3.00,1,0.30,2,6.00,1.00,0,2.50,1.00,2.50,0.60,60,0,1,0.50,5.00,1,5,0.50
710,EURUSD,60,6,3,3.00,0,2.50,0,0.30,1,8.00,1.00,1,1.50,1.50,3.00,1.00,40,1,1,0.75,5.00,1,5,0.50
711,EURUSD,70,8,4,1.50,1,3.00,1,0.40,2,10.00,1.50,0,2.00,1.00,2.00,0.80,50,0,0,0.50,4.00,1,5,0.50
712,EURUSD,40,7,3,2.00,0,2.50,0,0.50,1,12.00,1.50,1,2.50,1.50,2.50,0.60,60,1,0,0.75,3.00,1,5,0.50
713,EURUSD,50,6,4,2.50,1,3.00,1,0.50,2,6.00,1.50,0,1.50,1.00,3.00,0.80,60,0,0,0.50,3.00,1,5,0.50
714,EURUSD,60,8,3,3.00,0,2.50,0,0.30,1,8.00,2.00,1,1.50,1.50,2.00,0.60,40,1,0,0.75,5.00,1,5,0.50
715,EURUSD,70,7,4,1.50,1,3.00,1,0.40,2,10.00,2.00,0,2.00,1.00,2.50,1.00,50,0,0,0.50,5.00,1,5,0.50
716,EURUSD,40,6,3,2.00,0,2.50,0,0.40,1,12.00,2.00,1,2.50,1.50,3.00,0.60,60,1,0,0.75,4.00,1,5,0.50
717,EURUSD,50,8,4,2.50,1,3.00,1,0.50,2,6.00,1.00,0,1.50,1.00,2.00,1.00,40,0,0,0.50,4.00,1,5,0.50
718,EURUSD,60,8,3,3.00,0,2.50,0,0.30,1,8.00,1.00,1,2.00,1.50,2.50,0.80,50,1,0,0.75,3.00,1,5,0.50
719,EURUSD,70,7,4,1.50,1,3.00,1,0.30,2,10.00,1.00,0,2.50,1.00,2.50,1.00,60,0,0,0.50,3.00,1,5,0.50
720,EURUSD,40,6,3,2.00,0,2.50,0,0.40,1,12.00,1.50,1,1.50,1.50,3.00,0.80,40,1,0,0.75,5.00,1,5,0.50
721,EURUSD,50,8,4,2.50,1,3.00,1,0.50,2,6.00,1.50,0,2.00,1.00,2.00,0.60,50,0,0,0.50,5.00,1,5,0.50
722,EURUSD,60,7,3,3.00,0,2.50,0,0.30,1,8.00,1.50,1,2.50,1.50,2.50,1.00,60,1,0,0.75,4.00,1,5,0.50
723,EURUSD,70,6,4,1.50,1,2.00,1,0.30,2,10.00,2.00,0,1.50,1.00,3.00,0.60,40,0,0,0.50,3.00,1,5,0.50
724,EURUSD,40,8,3,2.00,0,2.50,0,0.40,1,12.00,2.00,1,1.50,1.50,2.00,1.00,50,1,2,0.75,3.00,1,5,0.50
725,EURUSD,50,7,4,2.50,1,2.00,1,0.50,2,6.00,2.00,0,2.00,1.00,2.50,0.80,60,0,2,0.50,5.00,1,5,0.50
726,EURUSD,60,6,3,3.00,0,2.50,0,0.50,1,8.00,1.00,1,2.50,1.50,3.00,1.00,40,1,2,0.75,5.00,1,5,0.50
727,EURUSD,70,8,4,1.50,1,2.00,1,0.30,2,10.00,1.00,0,1.50,1.00,2.00,0.80,50,0,2,0.50,4.00,1,5,0.50
728,EURUSD,40,8,3,2.00,0,2.50,0,0.40,1,12.00,1.50,1,2.00,1.50,2.50,0.60,60,1,2,0.75,4.00,1,5,0.50
729,EURUSD,50,7,4,2.50,1,2.00,1,0.40,2,6.00,1.50,0,2.50,1.00,2.50,1.00,40,0,2,0.50,3.00,1,5,0.50
730,EURUSD,60,6,3,3.00,0,2.50,0,0.50,1,8.00,1.50,1,1.50,1.50,3.00,0.60,50,1,2,0.75,3.00,1,5,0.50
731,EURUSD,70,8,4,1.50,1,2.00,1,0.30,2,10.00,2.00,0,2.00,1.00,2.00,1.00,60,0,2,0.50,5.00,1,5,0.50
732,EURUSD,40,7,3,2.00,0,2.50,0,0.30,1,12.00,2.00,1,2.50,1.50,2.50,0.80,40,1,2,0.75,5.00,1,5,0.50
733,EURUSD,50,6,4,2.50,1,2.00,1,0.40,2,6.00,2.00,0,1.50,1.00,3.00,1.00,50,0,2,0.50,4.00,1,5,0.50
734,EURUSD,60,8,3,3.00,0,2.50,0,0.50,1,8.00,1.00,1,1.50,1.50,2.00,0.80,60,1,2,0.75,3.00,1,5,0.50
735,EURUSD,70,7,4,1.50,1,2.00,1,0.50,2,10.00,1.00,0,2.00,1.00,2.50,0.60,40,0,2,0.50,3.00,1,5,0.50
736,EURUSD,40,6,3,2.00,0,2.50,0,0.30,1,12.00,1.00,1,2.50,1.50,3.00,0.80,50,1,2,0.75,5.00,1,5,0.50
737,EURUSD,50,8,4,2.50,1,2.00,1,0.40,2,6.00,1.50,0,1.50,1.00,2.00,0.60,60,0,1,0.50,5.00,1,5,0.50
738,EURUSD,60,7,3,3.00,0,2.50,0,0.50,1,8.00,1.50,1,2.00,1.50,2.50,1.00,40,1,1,0.75,4.00,1,5,0.50
739,EURUSD,70,7,4,1.50,1,2.00,1,0.50,2,10.00,1.50,0,2.50,1.00,2.50,0.80,50,0,1,0.50,4.00,1,5,0.50
740,EURUSD,40,6,3,2.00,0,2.50,0,0.30,1,12.00,2.00,1,1.50,1.50,3.00,1.00,60,1,1,0.75,3.00,1,5,0.50
741,EURUSD,50,8,4,2.50,1,2.00,1,0.40,2,6.00,2.00,0,2.00,1.00,2.00,0.80,40,0,1,0.50,3.00,1,5,0.50
742,EURUSD,60,7,3,3.00,0,2.50,0,0.40,1,8.00,2.00,1,2.50,1.50,2.50,0.60,50,1,1,0.75,5.00,1,5,0.50
743,EURUSD,70,6,4,1.50,1,2.00,1,0.50,2,10.00,1.00,0,1.50,1.00,3.00,0.80,60,0,1,0.50,5.00,1,5,0.50
744,EURUSD,40,8,3,2.00,0,2.50,0,0.30,1,12.00,1.00,1,1.50,1.50,2.00,0.60,40,1,1,0.75,4.00,1,5,0.50
745,EURUSD,50,7,4,2.50,1,2.00,1,0.30,2,6.00,1.00,0,2.00,1.00,2.50,1.00,40,0,1,0.50,3.00,1,5,0.50
746,EURUSD,60,6,3,3.00,0,2.50,0,0.40,1,8.00,1.50,1,2.50,1.50,3.00,0.60,50,1,1,0.75,3.00,1,5,0.50
747,EURUSD,70,8,4,1.50,1,2.00,1,0.50,2,10.00,1.50,0,1.50,1.00,2.00,1.00,60,0,1,0.50,5.00,1,5,0.50
748,EURUSD,40,7,3,2.00,0,2.50,0,0.50,1,12.00,2.00,1,2.00,1.50,2.50,0.80,40,1,1,0.75,5.00,1,5,0.50
749,EURUSD,50,6,4,2.50,1,2.00,1,0.30,2,6.00,2.00,0,2.50,1.20,3.00,0.60,50,0,1,0.50,4.00,1,5,0.50
750,EURUSD,60,6,3,3.00,0,2.50,0,0.40,1,8.00,2.00,1,1.50,1.50,3.00,0.80,60,1,0,0.75,4.00,1,5,0.50
751,EURUSD,70,8,4,1.50,1,2.00,1,0.50,2,10.00,1.00,0,2.00,1.20,2.00,0.60,40,0,0,0.50,3.00,1,5,0.50
752,EURUSD,40,7,3,2.00,0,3.00,0,0.50,1,12.00,1.00,1,2.50,1.50,2.50,1.00,50,1,0,0.75,3.00,1,5,0.50
753,EURUSD,50,6,4,2.50,1,2.00,1,0.30,2,6.00,1.00,0,1.50,1.20,3.00,0.60,60,0,0,0.50,5.00,1,5,0.50
754,EURUSD,60,8,3,3.00,0,3.00,0,0.40,1,8.00,1.50,1,1.50,1.50,2.00,1.00,40,1,0,0.75,5.00,1,5,0.50
755,EURUSD,70,7,4,1.50,1,2.00,1,0.40,2,10.00,1.50,0,2.00,1.20,2.50,0.80,50,0,0,0.50,4.00,1,5,0.50
756,EURUSD,40,6,3,2.00,0,3.00,0,0.50,1,12.00,1.50,1,2.50,1.50,3.00,0.60,60,1,0,0.75,3.00,1,5,0.50
757,EURUSD,50,8,4,2.50,1,2.00,1,0.30,2,6.00,2.00,0,1.50,1.20,2.00,0.80,40,0,0,0.50,3.00,1,5,0.50
758,EURUSD,60,7,3,3.00,0,3.00,0,0.30,1,8.00,2.00,1,2.00,1.50,2.50,0.60,50,1,0,0.75,5.00,1,5,0.50
759,EURUSD,70,6,4,1.50,1,2.00,1,0.40,2,10.00,2.00,0,2.50,1.20,3.00,1.00,60,0,0,0.50,5.00,1,5,0.50
760,EURUSD,40,6,3,2.00,0,3.00,0,0.50,1,12.00,1.00,1,1.50,1.50,3.00,0.60,40,1,0,0.75,4.00,1,5,0.50
761,EURUSD,50,8,4,2.50,1,2.00,1,0.50,2,6.00,1.00,0,2.00,1.20,2.00,1.00,50,0,0,0.50,4.00,1,5,0.50
762,EURUSD,60,7,3,3.00,0,3.00,0,0.30,1,8.00,1.00,1,2.50,1.50,2.50,0.80,60,1,0,0.75,3.00,1,5,0.50
763,EURUSD,70,6,4,1.50,1,2.00,1,0.40,2,10.00,1.50,0,1.50,1.20,3.00,1.00,40,0,2,0.50,3.00,1,5,0.50
764,EURUSD,40,8,3,2.00,0,3.00,0,0.50,1,12.00,1.50,1,1.50,1.50,2.00,0.80,50,1,2,0.75,5.00,1,5,0.50
765,EURUSD,50,7,4,2.50,1,2.00,1,0.50,2,6.00,1.50,0,2.00,1.20,2.50,0.60,60,0,2,0.50,5.00,1,5,0.50
766,EURUSD,60,6,3,3.00,0,3.00,0,0.30,1,8.00,2.00,1,2.50,1.50,3.00,1.00,40,1,2,0.75,4.00,1,5,0.50
767,EURUSD,70,8,4,1.50,1,2.00,1,0.40,2,10.00,2.00,0,1.50,1.20,2.00,0.60,50,0,2,0.50,3.00,1,5,0.50
768,EURUSD,40,7,3,2.00,0,3.00,0,0.40,1,12.00,2.00,1,2.00,1.50,2.50,1.00,60,1,2,0.75,3.00,1,5,0.50
769,EURUSD,50,6,4,2.50,1,2.00,1,0.50,2,6.00,1.00,0,2.50,1.20,3.00,0.80,40,0,2,0.50,5.00,1,5,0.50
770,EURUSD,60,8,3,3.00,0,3.00,0,0.30,1,8.00,1.00,1,1.50,1.50,2.00,1.00,50,1,2,0.75,5.00,1,5,0.50
771,EURUSD,70,8,4,1.50,1,2.00,1,0.30,2,10.00,1.50,0,2.00,1.20,2.00,0.80,60,0,2,0.50,4.00,1,5,0.50
772,EURUSD,40,7,3,2.00,0,3.00,0,0.40,1,12.00,1.50,1,2.50,1.50,2.50,0.60,40,1,2,0.75,4.00,1,5,0.50
773,EURUSD,50,6,4,2.50,1,2.00,1,0.50,2,6.00,1.50,0,1.50,1.20,3.00,1.00,50,0,2,0.50,3.00,1,5,0.50
774,EURUSD,60,8,3,3.00,0,3.00,0,0.50,1,8.00,2.00,1,1.50,1.50,2.00,0.60,60,1,2,0.75,3.00,1,5,0.50
775,EURUSD,70,7,4,1.50,1,2.00,1,0.30,2,10.00,2.00,0,2.00,1.20,2.50,1.00,40,0,1,0.50,5.00,1,5,0.50
776,EURUSD,40,6,3,2.00,0,3.00,0,0.40,1,12.00,2.00,1,2.50,1.50,3.00,0.80,50,1,1,0.75,5.00,1,5,0.50
777,EURUSD,50,8,4,2.50,1,2.00,1,0.50,2,6.00,1.00,0,1.50,1.20,2.00,1.00,50,0,1,0.50,4.00,1,5,0.50
778,EURUSD,60,7,3,3.00,0,3.00,0,0.50,1,8.00,1.00,1,2.00,1.50,2.50,0.80,60,1,1,0.75,3.00,1,5,0.50
779,EURUSD,70,6,4,1.50,1,2.50,1,0.30,2,10.00,1.00,0,2.50,1.20,3.00,0.60,40,0,1,0.50,3.00,1,5,0.50
780,EURUSD,40,8,3,2.00,0,3.00,0,0.40,1,12.00,1.50,1,1.50,1.50,2.00,0.80,50,1,1,0.75,5.00,1,5,0.50
781,EURUSD,50,7,4,2.50,1,2.50,1,0.40,2,6.00,1.50,0,2.00,1.20,2.00,0.60,60,0,1,0.50,5.00,1,5,0.50
782,EURUSD,60,7,3,3.00,0,3.00,0,0.50,1,8.00,1.50,1,2.50,1.50,2.50,1.00,40,1,1,0.75,4.00,1,5,0.50
783,EURUSD,70,6,4,1.50,1,2.50,1,0.30,2,10.00,2.00,0,1.50,1.20,3.00,0.80,50,0,1,0.50,4.00,1,5,0.50
784,EURUSD,40,8,3,2.00,0,3.00,0,0.30,1,12.00,2.00,1,1.50,1.50,2.00,1.00,60,1,1,0.75,3.00,1,5,0.50
785,EURUSD,50,7,4,2.50,1,2.50,1,0.40,2,6.00,2.00,0,2.00,1.20,2.50,0.80,40,0,1,0.50,3.00,1,5,0.50
786,EURUSD,60,6,3,3.00,0,3.00,0,0.50,1,8.00,1.00,1,2.50,1.50,3.00,0.60,50,1,1,0.75,5.00,1,5,0.50
787,EURUSD,70,8,4,1.50,1,2.50,1,0.50,2,10.00,1.00,0,1.50,1.20,2.00,0.80,60,0,1,0.50,5.00,1,5,0.50
788,EURUSD,40,7,3,2.00,0,3.00,0,0.30,1,12.00,1.00,1,2.00,1.50,2.50,0.60,40,1,0,0.75,4.00,1,5,0.50
789,EURUSD,50,6,4,2.50,1,2.50,1,0.40,2,6.00,1.50,0,2.50,1.20,3.00,1.00,50,0,0,0.50,3.00,1,5,0.50
790,EURUSD,60,8,3,3.00,0,3.00,0,0.50,1,8.00,1.50,1,1.50,1.50,2.00,0.60,60,1,0,0.75,3.00,1,5,0.50
791,EURUSD,70,7,4,1.50,1,2.50,1,0.50,2,10.00,2.00,0,2.00,1.20,2.00,1.00,40,0,0,0.50,5.00,1,5,0.50
792,EURUSD,40,7,3,2.00,0,3.00,0,0.30,1,12.00,2.00,1,2.50,1.00,2.50,0.80,50,1,0,0.75,5.00,1,5,0.50
793,EURUSD,50,6,4,2.50,1,2.50,1,0.40,2,6.00,2.00,0,2.50,1.20,3.00,0.60,60,0,0,0.50,4.00,1,5,0.50
794,EURUSD,60,8,3,3.00,0,3.00,0,0.40,1,8.00,1.00,1,1.50,1.00,2.00,0.80,40,1,0,0.75,4.00,1,5,0.50
795,EURUSD,70,7,4,1.50,1,2.50,1,0.50,2,10.00,1.00,0,2.00,1.20,2.50,0.60,50,0,0,0.50,3.00,1,5,0.50
796,EURUSD,40,6,3,2.00,0,3.00,0,0.30,1,12.00,1.00,1,2.50,1.00,3.00,1.00,60,1,0,0.75,3.00,1,5,0.50
797,EURUSD,50,8,4,2.50,1,2.50,1,0.30,2,6.00,1.50,0,1.50,1.20,2.00,0.60,40,0,0,0.50,5.00,1,5,0.50
798,EURUSD,60,7,3,3.00,0,3.00,0,0.40,1,8.00,1.50,1,2.00,1.00,2.50,1.00,50,1,0,0.75,5.00,1,5,0.50
799,EURUSD,70,6,4,1.50,1,2.50,1,0.50,2,10.00,1.50,0,2.50,1.20,3.00,0.80,60,0,0,0.50,4.00,1,5,0.50
800,USDJPY,40,8,3,1.00,0,3.00,0,0.50,1,12.00,2.00,1,1.00,1.00,2.00,0.60,40,1,0,0.75,3.00,1,5,0.50
801,USDJPY,50,7,4,1.00,1,2.50,1,0.30,2,6.00,2.00,0,1.50,1.20,2.50,0.80,50,0,2,0.50,3.00,1,5,0.50
802,USDJPY,60,6,3,2.00,0,3.00,0,0.40,1,8.00,2.00,1,2.00,1.00,2.50,0.60,60,1,2,0.75,5.00,1,5,0.50
803,USDJPY,70,6,4,2.00,1,2.50,1,0.50,2,10.00,1.00,0,2.00,1.20,3.00,1.00,40,0,2,0.50,5.00,1,5,0.50
804,USDJPY,40,8,3,1.50,0,3.00,0,0.50,1,12.00,1.00,1,1.00,1.00,2.00,0.60,50,1,2,0.75,4.00,1,5,0.50
805,USDJPY,50,7,4,1.50,1,2.50,1,0.30,2,6.00,1.00,0,1.50,1.20,2.50,1.00,60,0,2,0.50,4.00,1,5,0.50
806,USDJPY,60,6,3,1.00,0,3.00,0,0.40,1,8.00,1.50,1,2.00,1.00,3.00,0.80,40,1,2,0.75,3.00,1,5,0.50
807,USDJPY,70,8,4,1.00,1,2.50,1,0.40,2,10.00,1.50,0,1.00,1.20,2.00,1.00,50,0,2,0.50,3.00,1,5,0.50
808,USDJPY,40,7,3,1.00,0,2.00,0,0.50,1,12.00,1.50,1,1.50,1.00,2.50,0.80,50,1,2,0.75,5.00,1,5,0.50
809,USDJPY,50,6,4,2.00,1,2.50,1,0.30,2,6.00,2.00,0,2.00,1.20,3.00,0.60,60,0,2,0.50,5.00,1,5,0.50
810,USDJPY,60,8,3,2.00,0,2.00,0,0.30,1,8.00,2.00,1,1.00,1.00,2.00,1.00,40,1,2,0.75,4.00,1,5,0.50
811,USDJPY,70,7,4,1.50,1,2.50,1,0.40,2,10.00,2.00,0,1.50,1.20,2.50,0.60,50,0,2,0.50,3.00,1,5,0.50
812,USDJPY,40,6,3,1.50,0,2.00,0,0.50,1,12.00,1.00,1,2.00,1.00,2.50,1.00,60,1,2,0.75,3.00,1,5,0.50
813,USDJPY,50,8,4,1.50,1,2.50,1,0.50,2,6.00,1.00,0,2.00,1.20,3.00,0.80,40,0,2,0.50,5.00,1,5,0.50
814,USDJPY,60,8,3,1.00,0,2.00,0,0.30,1,8.00,1.50,1,1.00,1.00,2.00,1.00,50,1,1,0.75,5.00,1,5,0.50
815,USDJPY,70,7,4,1.00,1,2.50,1,0.40,2,10.00,1.50,0,1.50,1.20,2.50,0.80,60,0,1,0.50,4.00,1,5,0.50
816,USDJPY,40,6,3,2.00,0,2.00,0,0.50,1,12.00,1.50,1,2.00,1.00,3.00,0.60,40,1,1,0.75,4.00,1,5,0.50
817,USDJPY,50,8,4,2.00,1,2.50,1,0.50,2,6.00,2.00,0,1.00,1.20,2.00,1.00,50,0,1,0.50,3.00,1,5,0.50
818,USDJPY,60,7,3,2.00,0,2.00,0,0.30,1,8.00,2.00,1,1.50,1.00,2.50,0.60,60,1,1,0.75,3.00,1,5,0.50
819,USDJPY,70,6,4,1.50,1,2.50,1,0.40,2,10.00,2.00,0,2.00,1.20,3.00,1.00,40,0,1,0.50,5.00,1,5,0.50
820,USDJPY,40,8,3,1.50,0,2.00,0,0.40,1,12.00,1.00,1,1.00,1.00,2.00,0.80,50,1,1,0.75,5.00,1,5,0.50
821,USDJPY,50,7,4,1.00,1,2.50,1,0.50,2,6.00,1.00,0,1.50,1.20,2.50,1.00,60,0,1,0.50,4.00,1,5,0.50
822,USDJPY,60,6,3,1.00,0,2.00,0,0.30,1,8.00,1.00,1,2.00,1.00,2.50,0.80,40,1,1,0.75,3.00,1,5,0.50
823,USDJPY,70,8,4,2.00,1,2.50,1,0.30,2,10.00,1.50,0,2.00,1.20,3.00,0.60,50,0,1,0.50,3.00,1,5,0.50
824,USDJPY,40,7,3,2.00,0,2.00,0,0.40,1,12.00,1.50,1,1.00,1.00,2.00,0.80,60,1,1,0.75,5.00,1,5,0.50
825,USDJPY,50,7,4,2.00,1,2.50,1,0.50,2,6.00,1.50,0,1.50,1.20,2.50,0.60,40,0,1,0.50,5.00,1,5,0.50
826,USDJPY,60,6,3,1.50,0,2.00,0,0.50,1,8.00,2.00,1,2.00,1.00,3.00,1.00,50,1,0,0.75,4.00,1,5,0.50
827,USDJPY,70,8,4,1.50,1,2.50,1,0.30,2,10.00,2.00,0,1.00,1.20,2.00,0.80,60,0,0,0.50,4.00,1,5,0.50
828,USDJPY,40,7,3,1.00,0,2.00,0,0.40,1,12.00,2.00,1,1.50,1.00,2.50,1.00,40,1,0,0.75,3.00,1,5,0.50
829,USDJPY,50,6,4,1.00,1,2.50,1,0.50,2,6.00,1.00,0,2.00,1.20,3.00,0.80,50,0,0,0.50,3.00,1,5,0.50
830,USDJPY,60,8,3,1.00,0,2.00,0,0.50,1,8.00,1.00,1,1.00,1.00,2.00,0.60,60,1,0,0.75,5.00,1,5,0.50
831,USDJPY,70,7,4,2.00,1,2.50,1,0.30,2,10.00,1.00,0,1.50,1.20,2.50,0.80,40,0,0,0.50,5.00,1,5,0.50
832,USDJPY,40,6,3,2.00,0,2.00,0,0.40,1,12.00,1.50,1,2.00,1.00,3.00,0.60,50,1,0,0.75,4.00,1,5,0.50
833,USDJPY,50,8,4,1.50,1,2.50,1,0.40,2,6.00,1.50,0,2.00,1.20,3.00,1.00,60,0,0,0.50,3.00,1,5,0.50
834,USDJPY,60,7,3,1.50,0,2.00,0,0.50,1,8.00,2.00,1,1.00,1.00,2.00,0.60,40,1,0,0.75,3.00,1,5,0.50
835,USDJPY,70,7,4,1.00,1,2.50,1,0.30,2,10.00,2.00,0,1.50,1.20,2.50,1.00,50,0,0,0.50,5.00,1,5,0.50
836,USDJPY,40,6,3,1.00,0,2.00,0,0.30,1,12.00,2.00,1,2.00,1.00,3.00,0.80,60,1,0,0.75,5.00,1,5,0.50
837,USDJPY,50,8,4,1.00,1,3.00,1,0.40,2,6.00,1.00,0,1.00,1.50,2.00,0.60,40,0,0,0.50,4.00,1,5,0.50
838,USDJPY,60,7,3,2.00,0,2.00,0,0.50,1,8.00,1.00,1,1.50,1.00,2.50,0.80,50,1,0,0.75,4.00,1,5,0.50
839,USDJPY,70,6,4,2.00,1,3.00,1,0.50,2,10.00,1.00,0,2.00,1.50,3.00,0.60,60,0,2,0.50,3.00,1,5,0.50
840,USDJPY,40,8,3,1.50,0,2.00,0,0.30,1,12.00,1.50,1,1.00,1.00,2.00,1.00,60,1,2,0.75,3.00,1,5,0.50
841,USDJPY,50,7,4,1.50,1,3.00,1,0.40,2,6.00,1.50,0,1.50,1.50,2.50,0.60,40,0,2,0.50,5.00,1,5,0.50
842,USDJPY,60,6,3,1.50,0,2.00,0,0.50,1,8.00,1.50,1,2.00,1.00,3.00,1.00,50,1,2,0.75,5.00,1,5,0.50
843,USDJPY,70,8,4,1.00,1,3.00,1,0.50,2,10.00,2.00,0,2.00,1.50,3.00,0.80,60,0,2,0.50,4.00,1,5,0.50
844,USDJPY,40,7,3,1.00,0,2.00,0,0.30,1,12.00,2.00,1,1.00,1.00,2.00,0.60,40,1,2,0.75,3.00,1,5,0.50
845,USDJPY,50,6,4,2.00,1,3.00,1,0.40,2,6.00,2.00,0,1.50,1.50,2.50,0.80,50,0,2,0.50,3.00,1,5,0.50
846,USDJPY,60,6,3,2.00,0,2.00,0,0.40,1,8.00,1.00,1,2.00,1.00,3.00,0.60,60,1,2,0.75,5.00,1,5,0.50
847,USDJPY,70,8,4,2.00,1,3.00,1,0.50,2,10.00,1.00,0,1.00,1.50,2.00,1.00,40,0,2,0.50,5.00,1,5,0.50
848,USDJPY,40,7,3,1.50,0,2.00,0,0.30,1,12.00,1.00,1,1.50,1.00,2.50,0.60,50,1,2,0.75,4.00,1,5,0.50
849,USDJPY,50,6,4,1.50,1,3.00,1,0.30,2,6.00,1.50,0,2.00,1.50,3.00,1.00,60,0,2,0.50,4.00,1,5,0.50
850,USDJPY,60,8,3,1.00,0,2.00,0,0.40,1,8.00,1.50,1,1.00,1.00,2.00,0.80,40,1,2,0.75,3.00,1,5,0.50
851,USDJPY,70,7,4,1.00,1,3.00,1,0.50,2,10.00,1.50,0,1.50,1.50,2.50,1.00,50,0,2,0.50,3.00,1,5,0.50
852,USDJPY,40,6,3,2.00,0,2.00,0,0.50,1,12.00,2.00,1,2.00,1.00,3.00,0.80,60,1,1,0.75,5.00,1,5,0.50
853,USDJPY,50,8,4,2.00,1,3.00,1,0.30,2,6.00,2.00,0,2.00,1.50,3.00,0.60,40,0,1,0.50,5.00,1,5,0.50
854,USDJPY,60,7,3,2.00,0,2.00,0,0.40,1,8.00,2.00,1,1.00,1.00,2.00,1.00,50,1,1,0.75,4.00,1,5,0.50
855,USDJPY,70,6,4,1.50,1,3.00,1,0.50,2,10.00,1.00,0,1.50,1.50,2.50,0.60,60,0,1,0.50,3.00,1,5,0.50
856,USDJPY,40,8,3,1.50,0,2.00,0,0.50,1,12.00,1.00,1,2.00,1.00,3.00,1.00,40,1,1,0.75,3.00,1,5,0.50
857,USDJPY,50,8,4,1.00,1,3.00,1,0.30,2,6.00,1.50,0,1.00,1.50,2.00,0.80,50,0,1,0.50,5.00,1,5,0.50
858,USDJPY,60,7,3,1.00,0,2.00,0,0.40,1,8.00,1.50,1,1.50,1.00,2.50,1.00,60,1,1,0.75,5.00,1,5,0.50
859,USDJPY,70,6,4,1.00,1,3.00,1,0.40,2,10.00,1.50,0,2.00,1.50,3.00,0.80,40,0,1,0.50,4.00,1,5,0.50
860,USDJPY,40,8,3,2.00,0,2.00,0,0.50,1,12.00,2.00,1,1.00,1.00,2.00,0.60,50,1,1,0.75,4.00,1,5,0.50
861,USDJPY,50,7,4,2.00,1,3.00,1,0.30,2,6.00,2.00,0,1.50,1.50,2.50,0.80,60,0,1,0.50,3.00,1,5,0.50
862,USDJPY,60,6,3,1.50,0,2.00,0,0.30,1,8.00,2.00,1,2.00,1.00,3.00,0.60,40,1,1,0.75,3.00,1,5,0.50
863,USDJPY,70,8,4,1.50,1,3.00,1,0.40,2,10.00,1.00,0,2.00,1.50,2.00,1.00,50,0,1,0.50,5.00,1,5,0.50
864,USDJPY,40,7,3,1.00,0,2.00,0,0.50,1,12.00,1.00,1,1.00,1.00,2.00,0.80,60,1,1,0.75,5.00,1,5,0.50
865,USDJPY,50,6,4,1.00,1,3.00,1,0.50,2,6.00,1.00,0,1.50,1.50,2.50,1.00,40,0,0,0.50,4.00,1,5,0.50
866,USDJPY,60,8,3,1.00,0,2.50,0,0.30,1,8.00,1.50,1,2.00,1.00,3.00,0.80,50,1,0,0.75,3.00,1,5,0.50
867,USDJPY,70,8,4,2.00,1,3.00,1,0.40,2,10.00,1.50,0,1.00,1.50,2.00,0.60,60,0,0,0.50,3.00,1,5,0.50
868,USDJPY,40,7,3,2.00,0,2.50,0,0.50,1,12.00,1.50,1,1.50,1.00,2.50,0.80,40,1,0,0.75,5.00,1,5,0.50
869,USDJPY,50,6,4,1.50,1,3.00,1,0.50,2,6.00,2.00,0,2.00,1.50,3.00,0.60,50,0,0,0.50,5.00,1,5,0.50
870,USDJPY,60,8,3,1.50,0,2.50,0,0.30,1,8.00,2.00,1,1.00,1.00,2.00,1.00,60,1,0,0.75,4.00,1,5,0.50
871,USDJPY,70,7,4,1.50,1,3.00,1,0.40,2,10.00,2.00,0,1.50,1.50,2.50,0.80,60,0,0,0.50,4.00,1,5,0.50
872,USDJPY,40,6,3,1.00,0,2.50,0,0.40,1,12.00,1.00,1,2.00,1.00,3.00,1.00,40,1,0,0.75,3.00,1,5,0.50
873,USDJPY,50,8,4,1.00,1,3.00,1,0.50,2,6.00,1.00,0,2.00,1.50,2.00,0.80,50,0,0,0.50,3.00,1,5,0.50
874,USDJPY,60,7,3,2.00,0,2.50,0,0.30,1,8.00,1.00,1,1.00,1.00,2.00,0.60,60,1,0,0.75,5.00,1,5,0.50
875,USDJPY,70,6,4,2.00,1,3.00,1,0.30,2,10.00,1.50,0,1.50,1.50,2.50,0.80,40,0,0,0.50,5.00,1,5,0.50
876,USDJPY,40,8,3,2.00,0,2.50,0,0.40,1,12.00,1.50,1,2.00,1.00,3.00,0.60,50,1,0,0.75,4.00,1,5,0.50
877,USDJPY,50,7,4,1.50,1,3.00,1,0.50,2,6.00,2.00,0,1.00,1.50,2.00,1.00,60,0,0,0.50,3.00,1,5,0.50
878,USDJPY,60,7,3,1.50,0,2.50,0,0.50,1,8.00,2.00,1,1.50,1.00,2.50,0.60,40,1,2,0.75,3.00,1,5,0.50
879,USDJPY,70,6,4,1.00,1,3.00,1,0.30,2,10.00,2.00,0,2.00,1.50,3.00,1.00,50,0,2,0.50,5.00,1,5,0.50
880,USDJPY,40,8,3,1.00,0,2.50,0,0.40,1,12.00,1.00,1,1.00,1.20,2.00,0.80,60,1,2,0.75,5.00,1,5,0.50
881,USDJPY,50,7,4,2.00,1,3.00,1,0.50,2,6.00,1.00,0,1.50,1.50,2.50,0.60,40,0,2,0.50,4.00,1,5,0.50
882,USDJPY,60,6,3,2.00,0,2.50,0,0.50,1,8.00,1.00,1,2.00,1.20,3.00,0.80,50,1,2,0.75,4.00,1,5,0.50
883,USDJPY,70,8,4,2.00,1,3.00,1,0.30,2,10.00,1.50,0,2.00,1.50,2.00,0.60,60,0,2,0.50,3.00,1,5,0.50
884,USDJPY,40,7,3,1.50,0,2.50,0,0.40,1,12.00,1.50,1,1.00,1.20,2.50,1.00,40,1,2,0.75,3.00,1,5,0.50
885,USDJPY,50,6,4,1.50,1,3.00,1,0.40,2,6.00,1.50,0,1.50,1.50,2.50,0.60,50,0,2,0.50,5.00,1,5,0.50
886,USDJPY,60,8,3,1.00,0,2.50,0,0.50,1,8.00,2.00,1,2.00,1.20,3.00,1.00,60,1,2,0.75,5.00,1,5,0.50
887,USDJPY,70,7,4,1.00,1,3.00,1,0.30,2,10.00,2.00,0,1.00,1.50,2.00,0.80,40,0,2,0.50,4.00,1,5,0.50
888,USDJPY,40,6,3,1.00,0,2.50,0,0.30,1,12.00,2.00,1,1.50,1.20,2.50,0.60,50,1,2,0.75,3.00,1,5,0.50
889,USDJPY,50,6,4,2.00,1,3.00,1,0.40,2,6.00,1.00,0,2.00,1.50,3.00,0.80,60,0,2,0.50,3.00,1,5,0.50
890,USDJPY,60,8,3,2.00,0,2.50,0,0.50,1,8.00,1.00,1,1.00,1.20,2.00,0.60,40,1,1,0.75,5.00,1,5,0.50
891,USDJPY,70,7,4,1.50,1,3.00,1,0.50,2,10.00,1.00,0,1.50,1.50,2.50,1.00,50,0,1,0.50,5.00,1,5,0.50
892,USDJPY,40,6,3,1.50,0,2.50,0,0.30,1,12.00,1.50,1,1.50,1.20,3.00,0.60,60,1,1,0.75,4.00,1,5,0.50
893,USDJPY,50,8,4,1.00,1,3.00,1,0.40,2,6.00,1.50,0,2.00,1.50,2.00,1.00,40,0,1,0.50,4.00,1,5,0.50
894,USDJPY,60,7,3,1.00,0,2.50,0,0.50,1,8.00,1.50,1,1.00,1.20,2.50,0.80,50,1,1,0.75,3.00,1,5,0.50
895,USDJPY,70,6,4,1.00,1,2.00,1,0.50,2,10.00,2.00,0,1.50,1.50,2.50,1.00,60,0,1,0.50,3.00,1,5,0.50
896,USDJPY,40,8,3,2.00,0,2.50,0,0.30,1,12.00,2.00,1,2.00,1.20,3.00,0.80,40,1,1,0.75,5.00,1,5,0.50
897,USDJPY,50,7,4,2.00,1,2.00,1,0.40,2,6.00,1.00,0,1.00,1.50,2.00,0.60,50,0,1,0.50,5.00,1,5,0.50
898,USDJPY,60,6,3,1.50,0,2.50,0,0.40,1,8.00,1.00,1,1.50,1.20,2.50,1.00,60,1,1,0.75,4.00,1,5,0.50
899,USDJPY,70,6,4,1.50,1,2.00,1,0.50,2,10.00,1.00,0,2.00,1.50,3.00,0.60,40,0,1,0.50,4.00,1,5,0.50
900,USDJPY,40,8,3,1.50,0,2.50,0,0.30,1,12.00,1.50,1,1.00,1.20,2.00,1.00,50,1,1,0.75,3.00,1,5,0.50
901,USDJPY,50,7,4,1.00,1,2.00,1,0.30,2,6.00,1.50,0,1.50,1.50,2.50,0.80,60,0,1,0.50,5.00,1,5,0.50
902,USDJPY,60,6,3,1.00,0,2.50,0,0.40,1,8.00,1.50,1,1.50,1.20,3.00,1.00,40,1,1,0.75,5.00,1,5,0.50
903,USDJPY,70,8,4,2.00,1,2.00,1,0.50,2,10.00,2.00,0,2.00,1.50,2.00,0.80,40,0,0,0.50,4.00,1,5,0.50
904,USDJPY,40,7,3,2.00,0,2.50,0,0.50,1,12.00,2.00,1,1.00,1.20,2.50,0.60,50,1,0,0.75,4.00,1,5,0.50
905,USDJPY,50,6,4,2.00,1,2.00,1,0.30,2,6.00,2.00,0,1.50,1.50,2.50,0.80,60,0,0,0.50,3.00,1,5,0.50
906,USDJPY,60,8,3,1.50,0,2.50,0,0.40,1,8.00,1.00,1,2.00,1.20,3.00,0.60,40,1,0,0.75,3.00,1,5,0.50
907,USDJPY,70,7,4,1.50,1,2.00,1,0.50,2,10.00,1.00,0,1.00,1.50,2.00,1.00,50,0,0,0.50,5.00,1,5,0.50
908,USDJPY,40,6,3,1.00,0,2.50,0,0.50,1,12.00,1.00,1,1.50,1.20,2.50,0.80,60,1,0,0.75,5.00,1,5,0.50
909,USDJPY,50,8,4,1.00,1,2.00,1,0.30,2,6.00,1.50,0,2.00,1.50,3.00,1.00,40,0,0,0.50,4.00,1,5,0.50
910,USDJPY,60,8,3,2.00,0,2.50,0,0.40,1,8.00,1.50,1,1.00,1.20,2.00,0.80,50,1,0,0.75,4.00,1,5,0.50
911,USDJPY,70,7,4,2.00,1,2.00,1,0.40,2,10.00,1.50,0,1.50,1.50,2.50,0.60,60,0,0,0.50,3.00,1,5,0.50
912,USDJPY,40,6,3,2.00,0,2.50,0,0.50,1,12.00,2.00,1,1.50,1.20,3.00,0.80,40,1,0,0.75,5.00,1,5,0.50
913,USDJPY,50,8,4,1.50,1,2.00,1,0.30,2,6.00,2.00,0,2.00,1.50,2.00,0.60,50,0,0,0.50,5.00,1,5,0.50
914,USDJPY,60,7,3,1.50,0,2.50,0,0.30,1,8.00,2.00,1,1.00,1.20,2.50,1.00,60,1,0,0.75,4.00,1,5,0.50
915,USDJPY,70,6,4,1.00,1,2.00,1,0.40,2,10.00,1.00,0,1.50,1.50,3.00,0.80,40,0,0,0.50,4.00,1,5,0.50
916,USDJPY,40,8,3,1.00,0,2.50,0,0.50,1,12.00,1.00,1,2.00,1.20,3.00,1.00,50,1,2,0.75,3.00,1,5,0.50
917,USDJPY,50,7,4,1.00,1,2.00,1,0.50,2,6.00,1.00,0,1.00,1.50,2.00,0.80,60,0,2,0.50,3.00,1,5,0.50
918,USDJPY,60,6,3,2.00,0,2.50,0,0.30,1,8.00,1.50,1,1.50,1.20,2.50,0.60,40,1,2,0.75,5.00,1,5,0.50
919,USDJPY,70,8,4,2.00,1,2.00,1,0.40,2,10.00,1.50,0,2.00,1.50,3.00,0.80,50,0,2,0.50,5.00,1,5,0.50
920,USDJPY,40,7,3,1.50,0,2.50,0,0.40,1,12.00,2.00,1,1.00,1.20,2.00,0.60,60,1,2,0.75,4.00,1,5,0.50
921,USDJPY,50,7,4,1.50,1,2.00,1,0.50,2,6.00,2.00,0,1.50,1.50,2.50,1.00,40,0,2,0.50,4.00,1,5,0.50
922,USDJPY,60,6,3,1.00,0,2.50,0,0.30,1,8.00,2.00,1,1.50,1.20,3.00,0.60,50,1,2,0.75,3.00,1,5,0.50
923,USDJPY,70,8,4,1.00,1,2.00,1,0.40,2,10.00,1.00,0,2.00,1.00,2.00,1.00,60,0,2,0.50,5.00,1,5,0.50
924,USDJPY,40,7,3,1.00,0,3.00,0,0.40,1,12.00,1.00,1,1.00,1.20,2.50,0.80,40,1,2,0.75,5.00,1,5,0.50
925,USDJPY,50,6,4,2.00,1,2.00,1,0.50,2,6.00,1.00,0,1.50,1.00,3.00,0.60,50,0,2,0.50,4.00,1,5,0.50
926,USDJPY,60,8,3,2.00,0,3.00,0,0.30,1,8.00,1.50,1,2.00,1.20,3.00,0.80,60,1,2,0.75,4.00,1,5,0.50
927,USDJPY,70,7,4,1.50,1,2.00,1,0.30,2,10.00,1.50,0,1.00,1.00,2.00,0.60,40,0,2,0.50,3.00,1,5,0.50
928,USDJPY,40,6,3,1.50,0,3.00,0,0.40,1,12.00,1.50,1,1.50,1.20,2.50,1.00,50,1,2,0.75,3.00,1,5,0.50
929,USDJPY,50,8,4,1.50,1,2.00,1,0.50,2,6.00,2.00,0,2.00,1.00,3.00,0.60,60,0,1,0.50,5.00,1,5,0.50
930,USDJPY,60,7,3,1.00,0,3.00,0,0.50,1,8.00,2.00,1,1.00,1.20,2.00,1.00,40,1,1,0.75,5.00,1,5,0.50
931,USDJPY,70,6,4,1.00,1,2.00,1,0.30,2,10.00,2.00,0,1.50,1.00,2.50,0.80,50,0,1,0.50,4.00,1,5,0.50
932,USDJPY,40,6,3,2.00,0,3.00,0,0.40,1,12.00,1.00,1,1.50,1.20,3.00,0.60,60,1,1,0.75,4.00,1,5,0.50
933,USDJPY,50,8,4,2.00,1,2.00,1,0.40,2,6.00,1.00,0,2.00,1.00,2.00,0.80,40,0,1,0.50,3.00,1,5,0.50
934,USDJPY,60,7,3,2.00,0,3.00,0,0.50,1,8.00,1.00,1,1.00,1.20,2.50,0.60,40,1,1,0.75,5.00,1,5,0.50
935,USDJPY,70,6,4,1.50,1,2.00,1,0.30,2,10.00,1.50,0,1.50,1.00,3.00,1.00,50,0,1,0.50,5.00,1,5,0.50
936,USDJPY,40,8,3,1.50,0,3.00,0,0.40,1,12.00,1.50,1,2.00,1.20,3.00,0.60,60,1,1,0.75,4.00,1,5,0.50
937,USDJPY,50,7,4,1.00,1,2.00,1,0.40,2,6.00,1.50,0,1.00,1.00,2.00,1.00,40,0,1,0.50,4.00,1,5,0.50
938,USDJPY,60,6,3,1.00,0,3.00,0,0.50,1,8.00,2.00,1,1.50,1.20,2.50,0.80,50,1,1,0.75,3.00,1,5,0.50
939,USDJPY,70,8,4,2.00,1,2.00,1,0.30,2,10.00,2.00,0,2.00,1.00,3.00,1.00,60,0,1,0.50,3.00,1,5,0.50
940,USDJPY,40,7,3,2.00,0,3.00,0,0.30,1,12.00,1.00,1,1.00,1.20,2.00,0.80,40,1,1,0.75,5.00,1,5,0.50
941,USDJPY,50,6,4,2.00,1,2.00,1,0.40,2,6.00,1.00,0,1.50,1.00,2.50,0.60,50,0,1,0.50,5.00,1,5,0.50
942,USDJPY,60,6,3,1.50,0,3.00,0,0.50,1,8.00,1.00,1,1.50,1.20,3.00,1.00,60,1,0,0.75,4.00,1,5,0.50
943,USDJPY,70,8,4,1.50,1,2.00,1,0.50,2,10.00,1.50,0,2.00,1.00,2.00,0.60,40,0,0,0.50,4.00,1,5,0.50
944,USDJPY,40,7,3,1.00,0,3.00,0,0.30,1,12.00,1.50,1,1.00,1.20,2.50,1.00,50,1,0,0.75,3.00,1,5,0.50
945,USDJPY,50,6,4,1.00,1,2.00,1,0.40,2,6.00,1.50,0,1.50,1.00,3.00,0.80,60,0,0,0.50,5.00,1,5,0.50
946,USDJPY,60,8,3,1.00,0,3.00,0,0.40,1,8.00,2.00,1,2.00,1.20,2.00,1.00,40,1,0,0.75,5.00,1,5,0.50
947,USDJPY,70,7,4,2.00,1,2.00,1,0.50,2,10.00,2.00,0,1.00,1.00,2.00,0.80,50,0,0,0.50,4.00,1,5,0.50
948,USDJPY,40,6,3,2.00,0,3.00,0,0.30,1,12.00,2.00,1,1.50,1.20,2.50,0.60,60,1,0,0.75,4.00,1,5,0.50
949,USDJPY,50,8,4,1.50,1,2.00,1,0.40,2,6.00,1.00,0,2.00,1.00,3.00,0.80,40,0,0,0.50,3.00,1,5,0.50
950,USDJPY,60,7,3,1.50,0,3.00,0,0.40,1,8.00,1.00,1,1.00,1.20,2.00,0.60,50,1,0,0.75,3.00,1,5,0.50
951,USDJPY,70,6,4,1.50,1,2.50,1,0.50,2,10.00,1.00,0,1.50,1.00,2.50,1.00,60,0,0,0.50,5.00,1,5,0.50
952,USDJPY,40,8,3,1.00,0,3.00,0,0.30,1,12.00,1.50,1,1.50,1.20,3.00,0.80,40,1,0,0.75,5.00,1,5,0.50
953,USDJPY,50,8,4,1.00,1,2.50,1,0.30,2,6.00,1.50,0,2.00,1.00,2.00,1.00,50,0,0,0.50,4.00,1,5,0.50
954,USDJPY,60,7,3,2.00,0,3.00,0,0.40,1,8.00,1.50,1,1.00,1.20,2.50,0.80,60,1,2,0.75,4.00,1,5,0.50
955,USDJPY,70,6,4,2.00,1,2.50,1,0.50,2,10.00,2.00,0,1.50,1.00,3.00,0.60,40,0,2,0.50,3.00,1,5,0.50
956,USDJPY,40,8,3,1.50,0,3.00,0,0.50,1,12.00,2.00,1,2.00,1.20,2.00,0.80,50,1,2,0.75,5.00,1,5,0.50
957,USDJPY,50,7,4,1.50,1,2.50,1,0.30,2,6.00,2.00,0,1.00,1.00,2.00,0.60,60,0,2,0.50,5.00,1,5,0.50
958,USDJPY,60,6,3,1.50,0,3.00,0,0.40,1,8.00,1.00,1,1.50,1.20,2.50,1.00,40,1,2,0.75,4.00,1,5,0.50
959,USDJPY,70,8,4,1.00,1,2.50,1,0.40,2,10.00,1.00,0,2.00,1.00,3.00,0.80,50,0,2,0.50,4.00,1,5,0.50
960,USDJPY,40,7,3,1.00,0,3.00,0,0.50,1,12.00,1.00,1,1.00,1.20,2.00,1.00,60,1,2,0.75,3.00,1,5,0.50
961,USDJPY,50,6,4,2.00,1,2.50,1,0.30,2,6.00,1.50,0,1.50,1.00,2.50,0.80,40,0,2,0.50,3.00,1,5,0.50
962,USDJPY,60,8,3,2.00,0,3.00,0,0.40,1,8.00,1.50,1,1.50,1.20,3.00,0.60,50,1,2,0.75,5.00,1,5,0.50
963,USDJPY,70,7,4,2.00,1,2.50,1,0.40,2,10.00,2.00,0,2.00,1.00,2.00,0.80,60,0,2,0.50,5.00,1,5,0.50
964,USDJPY,40,7,3,1.50,0,3.00,0,0.50,1,12.00,2.00,1,1.00,1.20,2.50,0.60,40,1,2,0.75,4.00,1,5,0.50
965,USDJPY,50,6,4,1.50,1,2.50,1,0.30,2,6.00,2.00,0,1.50,1.00,3.00,1.00,50,0,2,0.50,4.00,1,5,0.50
966,USDJPY,60,8,3,1.00,0,3.00,0,0.30,1,8.00,1.00,1,2.00,1.20,2.00,0.60,50,1,2,0.75,3.00,1,5,0.50
967,USDJPY,70,7,4,1.00,1,2.50,1,0.40,2,10.00,1.00,0,1.00,1.00,2.00,1.00,60,0,1,0.50,5.00,1,5,0.50
968,USDJPY,40,6,3,2.00,0,3.00,0,0.50,1,12.00,1.00,1,1.50,1.50,2.50,0.80,40,1,1,0.75,5.00,1,5,0.50
969,USDJPY,50,8,4,2.00,1,2.50,1,0.50,2,6.00,1.50,0,2.00,1.00,3.00,0.60,50,0,1,0.50,4.00,1,5,0.50
970,USDJPY,60,7,3,2.00,0,3.00,0,0.30,1,8.00,1.50,1,1.00,1.50,2.00,0.80,60,1,1,0.75,4.00,1,5,0.50
971,USDJPY,70,6,4,1.50,1,2.50,1,0.40,2,10.00,1.50,0,1.50,1.00,2.50,0.60,40,0,1,0.50,3.00,1,5,0.50
972,USDJPY,40,8,3,1.50,0,3.00,0,0.40,1,12.00,2.00,1,1.50,1.50,3.00,1.00,50,1,1,0.75,3.00,1,5,0.50
973,USDJPY,50,7,4,1.00,1,2.50,1,0.50,2,6.00,2.00,0,2.00,1.00,2.00,0.60,60,0,1,0.50,5.00,1,5,0.50
974,USDJPY,60,7,3,1.00,0,3.00,0,0.30,1,8.00,2.00,1,1.00,1.50,2.50,1.00,40,1,1,0.75,5.00,1,5,0.50
975,USDJPY,70,6,4,1.00,1,2.50,1,0.40,2,10.00,1.00,0,1.50,1.00,3.00,0.80,50,0,1,0.50,4.00,1,5,0.50
976,USDJPY,40,8,3,2.00,0,3.00,0,0.40,1,12.00,1.00,1,2.00,1.50,2.00,0.60,60,1,1,0.75,4.00,1,5,0.50
977,USDJPY,50,7,4,2.00,1,2.50,1,0.50,2,6.00,1.00,0,1.00,1.00,2.50,0.80,40,0,1,0.50,3.00,1,5,0.50
978,USDJPY,60,6,3,1.50,0,3.00,0,0.30,1,8.00,1.50,1,1.50,1.50,2.50,0.60,50,1,1,0.75,5.00,1,5,0.50
979,USDJPY,70,8,4,1.50,1,2.50,1,0.30,2,10.00,1.50,0,2.00,1.00,3.00,1.00,60,0,1,0.50,5.00,1,5,0.50
980,USDJPY,40,7,3,1.50,0,2.00,0,0.40,1,12.00,1.50,1,1.00,1.50,2.00,0.60,40,1,0,0.75,4.00,1,5,0.50
981,USDJPY,50,6,4,1.00,1,2.50,1,0.50,2,6.00,2.00,0,1.50,1.00,2.50,1.00,50,0,0,0.50,4.00,1,5,0.50
982,USDJPY,60,8,3,1.00,0,2.00,0,0.50,1,8.00,2.00,1,1.50,1.50,3.00,0.80,60,1,0,0.75,3.00,1,5,0.50
983,USDJPY,70,7,4,2.00,1,2.50,1,0.30,2,10.00,1.00,0,2.00,1.00,2.00,1.00,40,0,0,0.50,3.00,1,5,0.50
984,USDJPY,40,6,3,2.00,0,2.00,0,0.40,1,12.00,1.00,1,1.00,1.50,2.50,0.80,50,1,0,0.75,5.00,1,5,0.50
985,USDJPY,50,6,4,1.50,1,2.50,1,0.40,2,6.00,1.00,0,1.50,1.00,3.00,0.60,60,0,0,0.50,5.00,1,5,0.50
986,USDJPY,60,8,3,1.50,0,2.00,0,0.50,1,8.00,1.50,1,2.00,1.50,2.00,1.00,40,1,0,0.75,4.00,1,5,0.50
987,USDJPY,70,7,4,1.50,1,2.50,1,0.30,2,10.00,1.50,0,1.00,1.00,2.50,0.60,50,0,0,0.50,4.00,1,5,0.50
988,USDJPY,40,6,3,1.00,0,2.00,0,0.40,1,12.00,1.50,1,1.50,1.50,2.50,1.00,60,1,0,0.75,3.00,1,5,0.50
989,USDJPY,50,8,4,1.00,1,2.50,1,0.40,2,6.00,2.00,0,2.00,1.00,3.00,0.80,40,0,0,0.50,5.00,1,5,0.50
990,USDJPY,60,7,3,2.00,0,2.00,0,0.50,1,8.00,2.00,1,1.00,1.50,2.00,1.00,50,1,0,0.75,5.00,1,5,0.50
991,USDJPY,70,6,4,2.00,1,2.50,1,0.30,2,10.00,2.00,0,1.50,1.00,2.50,0.80,60,0,0,0.50,4.00,1,5,0.50
992,USDJPY,40,8,3,2.00,0,2.00,0,0.30,1,12.00,1.00,1,1.50,1.50,3.00,0.60,40,1,0,0.75,4.00,1,5,0.50
993,USDJPY,50,7,4,1.50,1,2.50,1,0.40,2,6.00,1.00,0,2.00,1.00,2.00,0.80,50,0,2,0.50,3.00,1,5,0.50
994,USDJPY,60,6,3,1.50,0,2.00,0,0.50,1,8.00,1.00,1,1.00,1.50,2.50,0.60,60,1,2,0.75,3.00,1,5,0.50
995,USDJPY,70,8,4,1.00,1,2.50,1,0.50,2,10.00,1.50,0,1.50,1.00,3.00,1.00,40,0,2,0.50,5.00,1,5,0.50
996,USDJPY,40,8,3,1.00,0,2.00,0,0.30,1,12.00,1.50,1,2.00,1.50,2.00,0.80,50,1,2,0.75,5.00,1,5,0.50
997,USDJPY,50,7,4,2.00,1,2.50,1,0.40,2,6.00,1.50,0,1.00,1.00,2.50,1.00,50,0,2,0.50,4.00,1,5,0.50
998,USDJPY,60,6,3,2.00,0,2.00,0,0.40,1,8.00,2.00,1,1.50,1.50,3.00,0.80,60,1,2,0.75,4.00,1,5,0.50
999,USDJPY,70,8,4,2.00,1,2.50,1,0.50,2,10.00,2.00,0,2.00,1.00,3.00,0.60,40,0,2,0.50,3.00,1,5,0.50
1000,BTCUSD,55,9,4,1.50,0,2.00,0,0.30,1,12.00,2.00,1,1.00,1.50,2.00,0.80,50,1,2,0.75,8.00,1,5,0.50
1001,BTCUSD,75,6,5,1.50,1,3.00,0,0.40,2,6.00,1.00,0,1.00,1.00,2.50,0.60,60,0,2,0.50,8.00,1,5,0.50
1002,BTCUSD,45,7,3,1.00,0,2.00,0,0.40,1,8.00,1.00,1,1.50,1.50,3.00,1.00,40,1,2,0.75,6.00,1,5,0.50
1003,BTCUSD,65,8,4,1.00,1,3.00,0,0.50,2,10.00,1.00,0,2.00,1.00,2.00,0.80,50,0,2,0.50,6.00,1,5,0.50
1004,BTCUSD,35,9,5,1.00,0,2.00,0,0.30,1,12.00,1.50,1,1.00,1.50,2.50,1.00,60,1,2,0.75,4.00,1,5,0.50
1005,BTCUSD,55,6,3,2.00,1,3.00,0,0.30,2,6.00,1.50,0,1.50,1.00,3.00,0.80,40,0,1,0.50,4.00,1,5,0.50
1006,BTCUSD,75,7,4,2.00,0,2.00,0,0.40,1,8.00,2.00,1,2.00,1.50,2.00,0.60,50,1,1,0.75,8.00,1,5,0.50
1007,BTCUSD,35,8,5,1.50,1,3.00,0,0.50,2,10.00,2.00,0,1.00,1.00,2.50,0.80,60,0,1,0.50,8.00,1,5,0.50
1008,BTCUSD,55,9,3,1.50,0,2.00,0,0.50,1,12.00,2.00,1,1.50,1.50,3.00,0.60,40,1,1,0.75,6.00,1,5,0.50
1009,BTCUSD,75,6,4,1.50,1,4.00,0,0.30,2,6.00,1.00,0,2.00,1.00,3.00,1.00,50,0,1,0.50,6.00,1,5,0.50
1010,BTCUSD,45,7,5,1.00,0,2.00,0,0.40,1,8.00,1.00,1,1.00,1.50,2.00,0.60,60,1,1,0.75,4.00,1,5,0.50
1011,BTCUSD,65,8,3,1.00,1,4.00,0,0.40,2,10.00,1.00,0,1.00,1.20,2.50,1.00,40,0,1,0.50,8.00,1,5,0.50
1012,BTCUSD,35,9,4,2.00,0,2.00,0,0.50,1,12.00,1.50,1,1.50,1.50,3.00,0.80,50,1,1,0.75,8.00,1,5,0.50
1013,BTCUSD,55,6,5,2.00,1,4.00,0,0.30,2,6.00,1.50,0,2.00,1.20,2.00,0.60,60,0,1,0.50,6.00,1,5,0.50
1014,BTCUSD,75,7,3,1.50,0,2.00,0,0.40,1,8.00,1.50,1,1.00,1.50,2.50,0.80,40,1,1,0.75,6.00,1,5,0.50
1015,BTCUSD,45,8,4,1.50,1,4.00,0,0.40,2,10.00,2.00,0,1.50,1.20,3.00,0.60,50,0,1,0.50,4.00,1,5,0.50
1016,BTCUSD,65,9,3,1.50,0,2.00,0,0.50,1,12.00,2.00,1,2.00,1.50,2.00,1.00,60,1,1,0.75,4.00,1,5,0.50
1017,BTCUSD,35,6,4,1.00,1,4.00,0,0.30,2,6.00,2.00,0,1.00,1.20,2.50,0.60,40,0,1,0.50,8.00,1,5,0.50
1018,BTCUSD,55,7,5,1.00,0,2.00,0,0.30,1,8.00,1.00,1,1.50,1.50,3.00,1.00,50,1,0,0.75,8.00,1,5,0.50
1019,BTCUSD,75,8,3,2.00,1,4.00,0,0.40,2,10.00,1.00,0,2.00,1.20,3.00,0.80,60,0,0,0.50,6.00,1,5,0.50
1020,BTCUSD,45,9,4,2.00,0,2.00,0,0.50,1,12.00,1.00,1,1.00,1.50,2.00,1.00,40,1,0,0.75,6.00,1,5,0.50
1021,BTCUSD,65,6,5,2.00,1,4.00,0,0.50,2,6.00,1.50,0,1.00,1.20,2.50,0.80,50,0,0,0.50,4.00,1,5,0.50
1022,BTCUSD,35,7,3,1.50,0,2.00,0,0.30,1,8.00,1.50,1,1.50,1.50,3.00,0.60,60,1,0,0.75,8.00,1,5,0.50
1023,BTCUSD,55,8,4,1.50,1,4.00,0,0.40,2,10.00,1.50,0,2.00,1.20,2.00,1.00,40,0,0,0.50,8.00,1,5,0.50
1024,BTCUSD,75,9,5,1.00,0,2.00,0,0.40,1,12.00,2.00,1,1.00,1.50,2.50,0.60,50,1,0,0.75,6.00,1,5,0.50
1025,BTCUSD,45,6,3,1.00,1,4.00,0,0.50,2,6.00,2.00,0,1.50,1.20,3.00,1.00,60,0,0,0.50,6.00,1,5,0.50
1026,BTCUSD,65,7,4,2.00,0,2.00,0,0.30,1,8.00,1.00,1,2.00,1.50,2.00,0.80,40,1,0,0.75,4.00,1,5,0.50
1027,BTCUSD,35,8,5,2.00,1,4.00,0,0.40,2,10.00,1.00,0,1.00,1.20,2.50,1.00,50,0,0,0.50,4.00,1,5,0.50
1028,BTCUSD,55,9,3,2.00,0,2.00,0,0.40,1,12.00,1.00,1,1.50,1.50,3.00,0.80,60,1,0,0.75,8.00,1,5,0.50
1029,BTCUSD,75,6,4,1.50,1,4.00,0,0.50,2,6.00,1.50,0,2.00,1.20,2.00,0.60,60,0,0,0.50,8.00,1,5,0.50
1030,BTCUSD,45,7,5,1.50,0,2.00,0,0.30,1,8.00,1.50,1,1.00,1.50,2.00,1.00,40,1,0,0.75,6.00,1,5,0.50
1031,BTCUSD,65,8,3,1.00,1,4.00,0,0.30,2,10.00,1.50,0,1.00,1.20,2.50,0.60,50,0,2,0.50,6.00,1,5,0.50
1032,BTCUSD,35,9,4,1.00,0,2.00,0,0.40,1,12.00,2.00,1,1.50,1.50,3.00,1.00,60,1,2,0.75,4.00,1,5,0.50
1033,BTCUSD,55,6,5,1.00,1,4.00,0,0.50,2,6.00,2.00,0,2.00,1.20,2.00,0.80,40,0,2,0.50,8.00,1,5,0.50
1034,BTCUSD,75,7,3,2.00,0,2.00,0,0.50,1,8.00,2.00,1,1.00,1.50,2.50,1.00,50,1,2,0.75,8.00,1,5,0.50
1035,BTCUSD,45,8,4,2.00,1,4.00,0,0.30,2,10.00,1.00,0,1.50,1.20,3.00,0.80,60,0,2,0.50,6.00,1,5,0.50
1036,BTCUSD,65,9,5,1.50,0,2.00,0,0.40,1,12.00,1.00,1,2.00,1.50,2.00,0.60,40,1,2,0.75,6.00,1,5,0.50
1037,BTCUSD,35,6,4,1.50,1,4.00,0,0.40,2,6.00,1.00,0,1.00,1.20,2.50,0.80,50,0,2,0.50,4.00,1,5,0.50
1038,BTCUSD,55,7,5,1.50,0,3.00,0,0.50,1,8.00,1.50,1,1.50,1.50,3.00,0.60,60,1,2,0.75,4.00,1,5,0.50
1039,BTCUSD,75,8,3,1.00,1,4.00,0,0.30,2,10.00,1.50,0,2.00,1.20,2.00,1.00,40,0,2,0.50,8.00,1,5,0.50
1040,BTCUSD,45,9,4,1.00,0,3.00,0,0.40,1,12.00,1.50,1,1.00,1.50,2.00,0.80,50,1,2,0.75,8.00,1,5,0.50
1041,BTCUSD,65,6,5,2.00,1,4.00,0,0.40,2,6.00,2.00,0,1.00,1.20,2.50,1.00,60,0,2,0.50,6.00,1,5,0.50
1042,BTCUSD,35,7,3,2.00,0,3.00,0,0.50,1,8.00,2.00,1,1.50,1.50,3.00,0.80,40,1,2,0.75,6.00,1,5,0.50
1043,BTCUSD,55,8,4,1.50,1,4.00,0,0.30,2,10.00,2.00,0,2.00,1.20,2.00,0.60,50,0,2,0.50,4.00,1,5,0.50
1044,BTCUSD,75,9,5,1.50,0,3.00,0,0.30,1,12.00,1.00,1,1.00,1.50,2.50,0.80,60,1,1,0.75,8.00,1,5,0.50
1045,BTCUSD,45,6,3,1.50,1,4.00,0,0.40,2,6.00,1.00,0,1.50,1.20,3.00,0.60,40,0,1,0.50,8.00,1,5,0.50
1046,BTCUSD,65,7,4,1.00,0,3.00,0,0.50,1,8.00,1.50,1,2.00,1.50,2.00,1.00,50,1,1,0.75,6.00,1,5,0.50
1047,BTCUSD,35,8,5,1.00,1,4.00,0,0.50,2,10.00,1.50,0,1.00,1.20,2.50,0.80,60,0,1,0.50,6.00,1,5,0.50
1048,BTCUSD,55,9,3,2.00,0,3.00,0,0.30,1,12.00,1.50,1,1.50,1.50,3.00,1.00,40,1,1,0.75,4.00,1,5,0.50
1049,BTCUSD,75,6,4,2.00,1,4.00,0,0.40,2,6.00,2.00,0,2.00,1.20,2.00,0.80,50,0,1,0.50,4.00,1,5,0.50
1050,BTCUSD,45,7,5,2.00,0,3.00,0,0.40,1,8.00,2.00,1,1.00,1.50,2.00,0.60,60,1,1,0.75,8.00,1,5,0.50
1051,BTCUSD,65,8,3,1.50,1,4.00,0,0.50,2,10.00,2.00,0,1.00,1.20,2.50,0.80,40,0,1,0.50,8.00,1,5,0.50
1052,BTCUSD,35,9,4,1.50,0,3.00,0,0.30,1,12.00,1.00,1,1.50,1.50,3.00,0.60,50,1,1,0.75,6.00,1,5,0.50
1053,BTCUSD,45,6,5,1.00,1,4.00,0,0.40,2,6.00,1.00,0,2.00,1.20,2.00,1.00,60,0,1,0.50,6.00,1,5,0.50
1054,BTCUSD,65,7,3,1.00,0,3.00,0,0.40,1,8.00,1.00,1,1.00,1.00,2.50,0.60,40,1,1,0.75,4.00,1,5,0.50
1055,BTCUSD,35,8,4,2.00,1,4.00,0,0.50,2,10.00,1.50,0,1.50,1.20,3.00,1.00,50,0,1,0.50,8.00,1,5,0.50
1056,BTCUSD,55,9,5,2.00,0,3.00,0,0.30,1,12.00,1.50,1,2.00,1.00,2.00,0.80,60,1,1,0.75,8.00,1,5,0.50
1057,BTCUSD,75,6,4,2.00,1,4.00,0,0.30,2,6.00,1.50,0,1.00,1.20,2.50,0.60,40,0,0,0.50,6.00,1,5,0.50
1058,BTCUSD,45,7,5,1.50,0,3.00,0,0.40,1,8.00,2.00,1,1.50,1.00,3.00,0.80,50,1,0,0.75,6.00,1,5,0.50
1059,BTCUSD,65,8,3,1.50,1,4.00,0,0.50,2,10.00,2.00,0,2.00,1.20,2.00,0.60,60,0,0,0.50,4.00,1,5,0.50
1060,BTCUSD,35,9,4,1.00,0,3.00,0,0.50,1,12.00,2.00,1,1.00,1.00,2.50,1.00,60,1,0,0.75,4.00,1,5,0.50
1061,BTCUSD,55,6,5,1.00,1,4.00,0,0.30,2,6.00,1.00,0,1.00,1.20,2.50,0.60,40,0,0,0.50,8.00,1,5,0.50
1062,BTCUSD,75,7,3,1.00,0,3.00,0,0.40,1,8.00,1.00,1,1.50,1.00,3.00,1.00,50,1,0,0.75,8.00,1,5,0.50
1063,BTCUSD,45,8,4,2.00,1,4.00,0,0.40,2,10.00,1.00,0,2.00,1.20,2.00,0.80,60,0,0,0.50,6.00,1,5,0.50
1064,BTCUSD,65,9,5,2.00,0,3.00,0,0.50,1,12.00,1.50,1,1.00,1.00,2.50,1.00,40,1,0,0.75,6.00,1,5,0.50
1065,BTCUSD,35,6,3,1.50,1,4.00,0,0.30,2,6.00,1.50,0,1.50,1.20,3.00,0.80,50,0,0,0.50,4.00,1,5,0.50
1066,BTCUSD,55,7,4,1.50,0,3.00,0,0.40,1,8.00,1.50,1,2.00,1.00,2.00,0.60,60,1,0,0.75,8.00,1,5,0.50
1067,BTCUSD,75,8,5,1.50,1,2.00,0,0.40,2,10.00,2.00,0,1.00,1.20,2.50,1.00,40,0,0,0.50,8.00,1,5,0.50
1068,BTCUSD,45,9,3,1.00,0,3.00,0,0.50,1,12.00,2.00,1,1.50,1.00,3.00,0.60,50,1,0,0.75,6.00,1,5,0.50
1069,BTCUSD,65,6,4,1.00,1,2.00,0,0.30,2,6.00,1.00,0,2.00,1.20,2.00,1.00,60,0,2,0.50,6.00,1,5,0.50
1070,BTCUSD,35,7,5,2.00,0,3.00,0,0.30,1,8.00,1.00,1,1.00,1.00,2.50,0.80,40,1,2,0.75,4.00,1,5,0.50
1071,BTCUSD,55,8,3,2.00,1,2.00,0,0.40,2,10.00,1.00,0,1.00,1.20,2.50,1.00,50,0,2,0.50,4.00,1,5,0.50
1072,BTCUSD,75,9,4,1.50,0,3.00,0,0.50,1,12.00,1.50,1,1.50,1.00,3.00,0.80,60,1,2,0.75,8.00,1,5,0.50
1073,BTCUSD,45,6,5,1.50,1,2.00,0,0.50,2,6.00,1.50,0,2.00,1.20,2.00,0.60,40,0,2,0.50,8.00,1,5,0.50
1074,BTCUSD,65,7,3,1.50,0,3.00,0,0.30,1,8.00,1.50,1,1.00,1.00,2.50,1.00,50,1,2,0.75,6.00,1,5,0.50
1075,BTCUSD,35,8,4,1.00,1,2.00,0,0.40,2,10.00,2.00,0,1.50,1.20,3.00,0.60,60,0,2,0.50,6.00,1,5,0.50
1076,BTCUSD,55,9,5,1.00,0,3.00,0,0.40,1,12.00,2.00,1,2.00,1.00,2.00,1.00,40,1,2,0.75,4.00,1,5,0.50
1077,BTCUSD,75,6,3,2.00,1,2.00,0,0.50,2,6.00,2.00,0,1.00,1.20,2.50,0.80,50,0,2,0.50,8.00,1,5,0.50
1078,BTCUSD,45,7,5,2.00,0,3.00,0,0.30,1,8.00,1.00,1,1.50,1.00,3.00,1.00,60,1,2,0.75,8.00,1,5,0.50
1079,BTCUSD,65,8,3,2.00,1,2.00,0,0.40,2,10.00,1.00,0,2.00,1.20,2.00,0.80,40,0,2,0.50,6.00,1,5,0.50
1080,BTCUSD,35,9,4,1.50,0,3.00,0,0.40,1,12.00,1.00,1,1.00,1.00,2.50,0.60,50,1,2,0.75,6.00,1,5,0.50
1081,BTCUSD,55,6,5,1.50,1,2.00,0,0.50,2,6.00,1.50,0,1.00,1.20,2.50,0.80,60,0,2,0.50,4.00,1,5,0.50
1082,BTCUSD,75,7,3,1.00,0,3.00,0,0.30,1,8.00,1.50,1,1.50,1.00,3.00,0.60,40,1,1,0.75,4.00,1,5,0.50
1083,BTCUSD,45,8,4,1.00,1,2.00,0,0.30,2,10.00,1.50,0,2.00,1.20,2.00,1.00,50,0,1,0.50,8.00,1,5,0.50
1084,BTCUSD,65,9,5,2.00,0,3.00,0,0.40,1,12.00,2.00,1,1.00,1.00,2.50,0.80,60,1,1,0.75,8.00,1,5,0.50
1085,BTCUSD,35,6,3,2.00,1,2.00,0,0.50,2,6.00,2.00,0,1.50,1.20,3.00,1.00,40,0,1,0.50,6.00,1,5,0.50
1086,BTCUSD,55,7,4,2.00,0,3.00,0,0.50,1,8.00,2.00,1,2.00,1.00,2.00,0.80,50,1,1,0.75,6.00,1,5,0.50
1087,BTCUSD,75,8,5,1.50,1,2.00,0,0.30,2,10.00,1.00,0,1.00,1.20,2.50,0.60,60,0,1,0.50,4.00,1,5,0.50
1088,BTCUSD,45,9,3,1.50,0,3.00,0,0.40,1,12.00,1.00,1,1.50,1.00,3.00,0.80,40,1,1,0.75,8.00,1,5,0.50
1089,BTCUSD,65,6,4,1.00,1,2.00,0,0.40,2,6.00,1.50,0,2.00,1.20,2.00,0.60,50,0,1,0.50,8.00,1,5,0.50
1090,BTCUSD,35,7,5,1.00,0,3.00,0,0.50,1,8.00,1.50,1,1.00,1.00,2.50,1.00,60,1,1,0.75,6.00,1,5,0.50
1091,BTCUSD,55,8,3,1.00,1,2.00,0,0.30,2,10.00,1.50,0,1.00,1.20,3.00,0.80,40,0,1,0.50,6.00,1,5,0.50
1092,BTCUSD,75,9,4,2.00,0,3.00,0,0.40,1,12.00,2.00,1,1.50,1.00,3.00,1.00,40,1,1,0.75,4.00,1,5,0.50
1093,BTCUSD,45,6,5,2.00,1,2.00,0,0.40,2,6.00,2.00,0,2.00,1.20,2.00,0.80,50,0,1,0.50,4.00,1,5,0.50
1094,BTCUSD,65,7,3,1.50,0,4.00,0,0.50,1,8.00,2.00,1,1.00,1.00,2.50,0.60,60,1,1,0.75,8.00,1,5,0.50
1095,BTCUSD,35,8,4,1.50,1,2.00,0,0.30,2,10.00,1.00,0,1.50,1.20,3.00,0.80,40,0,0,0.50,8.00,1,5,0.50
1096,BTCUSD,55,9,5,1.50,0,4.00,0,0.30,1,12.00,1.00,1,2.00,1.00,2.00,0.60,50,1,0,0.75,6.00,1,5,0.50
1097,BTCUSD,75,6,3,1.00,1,2.00,0,0.40,2,6.00,1.00,0,1.00,1.20,2.50,1.00,60,0,0,0.50,6.00,1,5,0.50
1098,BTCUSD,45,7,5,1.00,0,4.00,0,0.50,1,8.00,1.50,1,1.50,1.00,3.00,0.60,40,1,0,0.75,4.00,1,5,0.50
1099,BTCUSD,55,8,3,2.00,1,2.00,0,0.50,2,10.00,1.50,0,2.00,1.50,2.00,1.00,50,0,0,0.50,8.00,1,5,0.50
1100,BTCUSD,75,9,4,2.00,0,4.00,0,0.30,1,12.00,1.50,1,1.00,1.00,2.50,0.80,60,1,0,0.75,8.00,1,5,0.50
1101,BTCUSD,45,6,5,1.50,1,2.00,0,0.40,2,6.00,2.00,0,1.00,1.50,3.00,0.60,40,0,0,0.50,6.00,1,5,0.50
1102,BTCUSD,65,7,3,1.50,0,4.00,0,0.40,1,8.00,2.00,1,1.50,1.00,3.00,0.80,50,1,0,0.75,6.00,1,5,0.50
1103,BTCUSD,35,8,4,1.50,1,2.00,0,0.50,2,10.00,2.00,0,2.00,1.50,2.00,0.60,60,0,0,0.50,4.00,1,5,0.50
1104,BTCUSD,55,9,5,1.00,0,4.00,0,0.30,1,12.00,1.00,1,1.00,1.00,2.50,1.00,40,1,0,0.75,4.00,1,5,0.50
1105,BTCUSD,75,6,3,1.00,1,2.00,0,0.40,2,6.00,1.00,0,1.50,1.50,3.00,0.60,50,0,0,0.50,8.00,1,5,0.50
1106,BTCUSD,45,7,4,2.00,0,4.00,0,0.40,1,8.00,1.00,1,2.00,1.00,2.00,1.00,60,1,0,0.75,8.00,1,5,0.50
1107,BTCUSD,65,8,5,2.00,1,2.00,0,0.50,2,10.00,1.50,0,1.00,1.50,2.50,0.80,40,0,0,0.50,6.00,1,5,0.50
1108,BTCUSD,35,9,3,2.00,0,4.00,0,0.30,1,12.00,1.50,1,1.50,1.00,3.00,1.00,50,1,2,0.75,6.00,1,5,0.50
1109,BTCUSD,55,6,4,1.50,1,2.00,0,0.30,2,6.00,1.50,0,2.00,1.50,2.00,0.80,60,0,2,0.50,4.00,1,5,0.50
1110,BTCUSD,75,7,5,1.50,0,4.00,0,0.40,1,8.00,2.00,1,2.00,1.00,2.50,0.60,40,1,2,0.75,8.00,1,5,0.50
1111,BTCUSD,45,8,3,1.00,1,2.00,0,0.50,2,10.00,2.00,0,1.00,1.50,3.00,1.00,50,0,2,0.50,8.00,1,5,0.50
1112,BTCUSD,65,9,4,1.00,0,4.00,0,0.50,1,12.00,1.00,1,1.50,1.00,2.00,0.60,60,1,2,0.75,6.00,1,5,0.50
1113,BTCUSD,35,6,5,2.00,1,2.00,0,0.30,2,6.00,1.00,0,2.00,1.50,2.00,1.00,40,0,2,0.50,6.00,1,5,0.50
1114,BTCUSD,55,7,3,2.00,0,4.00,0,0.40,1,8.00,1.00,1,1.00,1.00,2.50,0.80,50,1,2,0.75,4.00,1,5,0.50
1115,BTCUSD,75,8,4,2.00,1,2.00,0,0.40,2,10.00,1.50,0,1.50,1.50,3.00,1.00,60,0,2,0.50,4.00,1,5,0.50
1116,BTCUSD,45,9,5,1.50,0,4.00,0,0.50,1,12.00,1.50,1,2.00,1.00,2.00,0.80,40,1,2,0.75,8.00,1,5,0.50
1117,BTCUSD,65,6,3,1.50,1,2.00,0,0.30,2,6.00,1.50,0,1.00,1.50,2.50,0.60,50,0,2,0.50,8.00,1,5,0.50
1118,BTCUSD,35,7,4,1.00,0,4.00,0,0.30,1,8.00,2.00,1,1.50,1.00,3.00,1.00,60,1,2,0.75,6.00,1,5,0.50
1119,BTCUSD,55,8,3,1.00,1,2.00,0,0.40,2,10.00,2.00,0,2.00,1.50,2.00,0.60,40,0,2,0.50,6.00,1,5,0.50
1120,BTCUSD,75,9,4,1.00,0,4.00,0,0.50,1,12.00,2.00,1,2.00,1.00,2.50,1.00,50,1,2,0.75,4.00,1,5,0.50
1121,BTCUSD,45,6,5,2.00,1,2.00,0,0.30,2,6.00,1.00,0,1.00,1.50,3.00,0.80,60,0,1,0.50,8.00,1,5,0.50
1122,BTCUSD,65,7,3,2.00,0,4.00,0,0.30,1,8.00,1.00,1,1.50,1.00,2.00,1.00,40,1,1,0.75,8.00,1,5,0.50
1123,BTCUSD,35,8,4,1.50,1,3.00,0,0.40,2,10.00,1.00,0,2.00,1.50,2.00,0.80,50,0,1,0.50,6.00,1,5,0.50
1124,BTCUSD,55,9,5,1.50,0,4.00,0,0.50,1,12.00,1.50,1,1.00,1.00,2.50,0.60,50,1,1,0.75,6.00,1,5,0.50
1125,BTCUSD,75,6,3,1.50,1,3.00,0,0.50,2,6.00,1.50,0,1.50,1.50,3.00,0.80,60,0,1,0.50,4.00,1,5,0.50
1126,BTCUSD,45,7,4,1.00,0,4.00,0,0.30,1,8.00,1.50,1,2.00,1.00,2.00,0.60,40,1,1,0.75,4.00,1,5,0.50
1127,BTCUSD,65,8,5,1.00,1,3.00,0,0.40,2,10.00,2.00,0,1.00,1.50,2.50,1.00,50,0,1,0.50,8.00,1,5,0.50
1128,BTCUSD,35,9,3,2.00,0,4.00,0,0.40,1,12.00,2.00,1,1.50,1.00,3.00,0.80,60,1,1,0.75,8.00,1,5,0.50
1129,BTCUSD,55,6,4,2.00,1,3.00,0,0.50,2,6.00,2.00,0,2.00,1.50,2.00,1.00,40,0,1,0.50,6.00,1,5,0.50
1130,BTCUSD,75,7,5,1.50,0,4.00,0,0.30,1,8.00,1.00,1,2.00,1.00,2.50,0.80,50,1,1,0.75,6.00,1,5,0.50
1131,BTCUSD,45,8,3,1.50,1,3.00,0,0.30,2,10.00,1.00,0,1.00,1.50,3.00,0.60,60,0,1,0.50,4.00,1,5,0.50
1132,BTCUSD,65,9,4,1.50,0,4.00,0,0.40,1,12.00,1.50,1,1.50,1.00,2.00,0.80,40,1,1,0.75,4.00,1,5,0.50
1133,BTCUSD,35,6,5,1.00,1,3.00,0,0.50,2,6.00,1.50,0,2.00,1.50,2.00,0.60,50,0,0,0.50,8.00,1,5,0.50
1134,BTCUSD,55,7,3,1.00,0,4.00,0,0.30,1,8.00,1.50,1,1.00,1.00,2.50,1.00,60,1,0,0.75,6.00,1,5,0.50
1135,BTCUSD,75,8,4,2.00,1,3.00,0,0.30,2,10.00,2.00,0,1.50,1.50,3.00,0.60,40,0,0,0.50,6.00,1,5,0.50
1136,BTCUSD,45,9,5,2.00,0,4.00,0,0.40,1,12.00,2.00,1,2.00,1.00,2.00,1.00,50,1,0,0.75,4.00,1,5,0.50
1137,BTCUSD,65,6,3,2.00,1,3.00,0,0.50,2,6.00,2.00,0,1.00,1.50,2.50,0.80,60,0,0,0.50,4.00,1,5,0.50
1138,BTCUSD,35,7,4,1.50,0,4.00,0,0.50,1,8.00,1.00,1,1.50,1.00,3.00,0.60,40,1,0,0.75,8.00,1,5,0.50
1139,BTCUSD,55,8,3,1.50,1,3.00,0,0.30,2,10.00,1.00,0,2.00,1.50,2.00,0.80,50,0,0,0.50,8.00,1,5,0.50
1140,BTCUSD,75,9,4,1.00,0,4.00,0,0.40,1,12.00,1.00,1,2.00,1.00,2.50,0.60,60,1,0,0.75,6.00,1,5,0.50
1141,BTCUSD,45,6,5,1.00,1,3.00,0,0.40,2,6.00,1.50,0,1.00,1.50,3.00,1.00,40,0,0,0.50,6.00,1,5,0.50
1142,BTCUSD,65,7,3,2.00,0,4.00,0,0.50,1,8.00,1.50,1,1.50,1.20,2.00,0.60,50,1,0,0.75,4.00,1,5,0.50
1143,BTCUSD,35,8,4,2.00,1,3.00,0,0.30,2,10.00,1.50,0,2.00,1.50,2.50,1.00,60,0,0,0.50,4.00,1,5,0.50
1144,BTCUSD,55,9,5,2.00,0,4.00,0,0.30,1,12.00,2.00,1,1.00,1.20,2.50,0.80,40,1,0,0.75,8.00,1,5,0.50
1145,BTCUSD,65,6,3,1.50,1,3.00,0,0.40,2,6.00,2.00,0,1.50,1.50,3.00,0.60,50,0,0,0.50,6.00,1,5,0.50
1146,BTCUSD,35,7,4,1.50,0,4.00,0,0.50,1,8.00,2.00,1,2.00,1.20,2.00,0.80,60,1,2,0.75,6.00,1,5,0.50
1147,BTCUSD,55,8,5,1.00,1,3.00,0,0.30,2,10.00,1.00,0,1.00,1.50,2.50,0.60,40,0,2,0.50,4.00,1,5,0.50
1148,BTCUSD,75,9,3,1.00,0,4.00,0,0.30,1,12.00,1.00,1,1.50,1.20,3.00,1.00,50,1,2,0.75,4.00,1,5,0.50
1149,BTCUSD,45,6,4,1.00,1,3.00,0,0.40,2,6.00,1.00,0,2.00,1.50,2.00,0.60,60,0,2,0.50,8.00,1,5,0.50
1150,BTCUSD,65,7,5,2.00,0,4.00,0,0.50,1,8.00,1.50,1,2.00,1.20,2.50,1.00,40,1,2,0.75,8.00,1,5,0.50
1151,BTCUSD,35,8,3,2.00,1,3.00,0,0.50,2,10.00,1.50,0,1.00,1.50,3.00,0.80,50,0,2,0.50,6.00,1,5,0.50
1152,BTCUSD,55,9,4,1.50,0,2.00,0,0.30,1,12.00,1.50,1,1.50,1.20,2.00,1.00,60,1,2,0.75,6.00,1,5,0.50
1153,BTCUSD,75,6,5,1.50,1,3.00,0,0.40,2,6.00,2.00,0,2.00,1.50,2.50,0.80,40,0,2,0.50,4.00,1,5,0.50
1154,BTCUSD,45,7,3,1.50,0,2.00,0,0.40,1,8.00,2.00,1,1.00,1.20,2.50,0.60,50,1,2,0.75,4.00,1,5,0.50
1155,BTCUSD,65,8,4,1.00,1,3.00,0,0.50,2,10.00,1.00,0,1.50,1.50,3.00,1.00,50,0,2,0.50,8.00,1,5,0.50
1156,BTCUSD,35,9,5,1.00,0,2.00,0,0.30,1,12.00,1.00,1,2.00,1.20,2.00,0.60,60,1,2,0.75,6.00,1,5,0.50
1157,BTCUSD,55,6,3,2.00,1,3.00,0,0.30,2,6.00,1.00,0,1.00,1.50,2.50,1.00,40,0,2,0.50,6.00,1,5,0.50
1158,BTCUSD,75,7,4,2.00,0,2.00,0,0.40,1,8.00,1.50,1,1.50,1.20,3.00,0.80,50,1,2,0.75,4.00,1,5,0.50
1159,BTCUSD,45,8,5,1.50,1,3.00,0,0.50,2,10.00,1.50,0,2.00,1.50,2.00,1.00,60,0,1,0.50,4.00,1,5,0.50
1160,BTCUSD,65,9,4,1.50,0,2.00,0,0.30,1,12.00,1.50,1,2.00,1.20,2.50,0.80,40,1,1,0.75,8.00,1,5,0.50
1161,BTCUSD,35,6,5,1.50,1,3.00,0,0.30,2,6.00,2.00,0,1.00,1.50,3.00,0.60,50,0,1,0.50,8.00,1,5,0.50
1162,BTCUSD,55,7,3,1.00,0,2.00,0,0.40,1,8.00,2.00,1,1.50,1.20,2.00,1.00,60,1,1,0.75,6.00,1,5,0.50
1163,BTCUSD,75,8,4,1.00,1,3.00,0,0.50,2,10.00,2.00,0,2.00,1.50,2.50,0.60,40,0,1,0.50,6.00,1,5,0.50
1164,BTCUSD,45,9,5,2.00,0,2.00,0,0.50,1,12.00,1.00,1,1.00,1.20,2.50,1.00,50,1,1,0.75,4.00,1,5,0.50
1165,BTCUSD,65,6,3,2.00,1,3.00,0,0.30,2,6.00,1.00,0,1.50,1.50,3.00,0.80,60,0,1,0.50,4.00,1,5,0.50
1166,BTCUSD,35,7,4,2.00,0,2.00,0,0.40,1,8.00,1.00,1,2.00,1.20,2.00,1.00,40,1,1,0.75,8.00,1,5,0.50
1167,BTCUSD,55,8,5,1.50,1,3.00,0,0.40,2,10.00,1.50,0,1.00,1.50,2.50,0.80,50,0,1,0.50,6.00,1,5,0.50
1168,BTCUSD,75,9,3,1.50,0,2.00,0,0.50,1,12.00,1.50,1,1.50,1.20,3.00,0.60,60,1,1,0.75,6.00,1,5,0.50
1169,BTCUSD,45,6,4,1.00,1,3.00,0,0.30,2,6.00,1.50,0,2.00,1.50,2.00,0.80,40,0,1,0.50,4.00,1,5,0.50
1170,BTCUSD,65,7,5,1.00,0,2.00,0,0.30,1,8.00,2.00,1,2.00,1.20,2.50,0.60,50,1,1,0.75,4.00,1,5,0.50
1171,BTCUSD,35,8,3,1.00,1,3.00,0,0.40,2,10.00,2.00,0,1.00,1.50,3.00,1.00,60,0,1,0.50,8.00,1,5,0.50
1172,BTCUSD,55,9,4,2.00,0,2.00,0,0.50,1,12.00,2.00,1,1.50,1.20,2.00,0.80,40,1,0,0.75,8.00,1,5,0.50
1173,BTCUSD,75,6,5,2.00,1,3.00,0,0.30,2,6.00,1.00,0,2.00,1.50,2.50,1.00,50,0,0,0.50,6.00,1,5,0.50
1174,BTCUSD,45,7,3,1.50,0,2.00,0,0.30,1,8.00,1.00,1,1.00,1.20,3.00,0.80,60,1,0,0.75,6.00,1,5,0.50
1175,BTCUSD,65,8,4,1.50,1,3.00,0,0.40,2,10.00,1.50,0,1.50,1.50,3.00,0.60,40,0,0,0.50,4.00,1,5,0.50
1176,BTCUSD,35,9,5,1.00,0,2.00,0,0.50,1,12.00,1.50,1,2.00,1.20,2.00,0.80,50,1,0,0.75,4.00,1,5,0.50
1177,BTCUSD,55,6,3,1.00,1,3.00,0,0.50,2,6.00,1.50,0,1.00,1.50,2.50,0.60,60,0,0,0.50,8.00,1,5,0.50
1178,BTCUSD,75,7,4,1.00,0,2.00,0,0.30,1,8.00,2.00,1,1.50,1.20,3.00,1.00,40,1,0,0.75,6.00,1,5,0.50
1179,BTCUSD,45,8,5,2.00,1,3.00,0,0.40,2,10.00,2.00,0,2.00,1.50,2.00,0.60,50,0,0,0.50,6.00,1,5,0.50
1180,BTCUSD,65,9,4,2.00,0,2.00,0,0.40,1,12.00,2.00,1,2.00,1.20,2.50,1.00,60,1,0,0.75,4.00,1,5,0.50
1181,BTCUSD,35,6,5,1.50,1,4.00,0,0.50,2,6.00,1.00,0,1.00,1.50,3.00,0.80,40,0,0,0.50,4.00,1,5,0.50
1182,BTCUSD,55,7,3,1.50,0,2.00,0,0.30,1,8.00,1.00,1,1.50,1.20,2.00,0.60,50,1,0,0.75,8.00,1,5,0.50
1183,BTCUSD,75,8,4,1.50,1,4.00,0,0.30,2,10.00,1.00,0,2.00,1.50,2.50,0.80,60,0,0,0.50,8.00,1,5,0.50
1184,BTCUSD,45,9,5,1.00,0,2.00,0,0.40,1,12.00,1.50,1,1.00,1.20,3.00,0.60,40,1,2,0.75,6.00,1,5,0.50
1185,BTCUSD,65,6,3,1.00,1,4.00,0,0.50,2,6.00,1.50,0,1.50,1.00,3.00,1.00,50,0,2,0.50,6.00,1,5,0.50
1186,BTCUSD,35,7,4,2.00,0,2.00,0,0.30,1,8.00,1.50,1,2.00,1.20,2.00,0.60,60,1,2,0.75,4.00,1,5,0.50
1187,BTCUSD,55,8,5,2.00,1,4.00,0,0.30,2,10.00,2.00,0,1.00,1.00,2.50,1.00,60,0,2,0.50,4.00,1,5,0.50
1188,BTCUSD,75,9,3,1.50,0,2.00,0,0.40,1,12.00,2.00,1,1.50,1.20,3.00,0.80,40,1,2,0.75,8.00,1,5,0.50
1189,BTCUSD,45,6,4,1.50,1,4.00,0,0.50,2,6.00,2.00,0,2.00,1.00,2.00,0.60,50,0,2,0.50,6.00,1,5,0.50
1190,BTCUSD,65,7,5,1.50,0,2.00,0,0.50,1,8.00,1.00,1,2.00,1.20,2.50,0.80,60,1,2,0.75,6.00,1,5,0.50
1191,BTCUSD,75,8,3,1.00,1,4.00,0,0.30,2,10.00,1.00,0,1.00,1.00,3.00,0.60,40,0,2,0.50,4.00,1,5,0.50
1192,BTCUSD,45,9,4,1.00,0,2.00,0,0.40,1,12.00,1.00,1,1.50,1.20,2.00,1.00,50,1,2,0.75,4.00,1,5,0.50
1193,BTCUSD,65,6,5,2.00,1,4.00,0,0.40,2,6.00,1.50,0,2.00,1.00,2.50,0.60,60,0,2,0.50,8.00,1,5,0.50
1194,BTCUSD,35,7,3,2.00,0,2.00,0,0.50,1,8.00,1.50,1,1.00,1.20,3.00,1.00,40,1,2,0.75,8.00,1,5,0.50
1195,BTCUSD,55,8,4,2.00,1,4.00,0,0.30,2,10.00,2.00,0,1.50,1.00,3.00,0.80,50,0,2,0.50,6.00,1,5,0.50
1196,BTCUSD,75,9,5,1.50,0,2.00,0,0.30,1,12.00,2.00,1,2.00,1.20,2.00,1.00,60,1,2,0.75,6.00,1,5,0.50
1197,BTCUSD,45,6,3,1.50,1,4.00,0,0.40,2,6.00,2.00,0,1.00,1.00,2.50,0.80,40,0,1,0.50,4.00,1,5,0.50
1198,BTCUSD,65,7,4,1.00,0,2.00,0,0.50,1,8.00,1.00,1,1.50,1.20,3.00,0.60,50,1,1,0.75,4.00,1,5,0.50
1199,BTCUSD,35,8,5,1.00,1,4.00,0,0.30,2,10.00,1.00,0,2.00,1.00,2.00,1.00,60,0,1,0.50,8.00,1,5,0.50
